    0.143492076878334476E-12    0.521911131567587816E+02    0.196711271966894827E+02    0.758947292738835557E+02
    0.146460390697475857E-12    0.521481627548572888E+02    0.207007823104193918E+02    0.780028756548010875E+02
    0.149100584608732140E-12    0.521104305119665909E+02    0.205248369854031552E+02    0.774316949926547125E+02
    0.156384035783461636E-12    0.520130432975154164E+02    0.196759820314559342E+02    0.751145356014140191E+02
    0.158200424052938546E-12    0.519879473256941154E+02    0.206538012646480205E+02    0.771673864768185211E+02
    0.161035013868820373E-12    0.519504291597551742E+02    0.200370567907570774E+02    0.756297509041907290E+02
    0.160949935091667055E-12    0.519494860884024092E+02    0.200141304304977012E+02    0.755750601278538312E+02
    0.175624459890454930E-12    0.517729768678737940E+02    0.217257974451891016E+02    0.785078059098206325E+02
    0.180980217521359745E-12    0.517108973376655143E+02    0.192025956548165198E+02    0.727822068113781739E+02
    0.199020552056705968E-12    0.515188566052091730E+02    0.220100212024605177E+02    0.778452134550574044E+02
    0.199114383589866687E-12    0.515159138943190982E+02    0.218353188059630980E+02    0.775241766907370362E+02
    0.200174706605550424E-12    0.515032917607909440E+02    0.213676637793833919E+02    0.765660763464120322E+02
    0.202969663510394984E-12    0.514735597432488134E+02    0.202711289629801570E+02    0.740489516236757055E+02
    0.209058246796544027E-12    0.514124469854394448E+02    0.194966746628374530E+02    0.721747935680556338E+02
    0.215839473124608070E-12    0.513466028945059847E+02    0.200676561910201023E+02    0.730605403923377565E+02
    0.219326615723797698E-12    0.513125487677484884E+02    0.208886625329409235E+02    0.746684594505208992E+02
    0.234994595515099643E-12    0.511725477651834311E+02    0.224994647949057729E+02    0.771355079457105148E+02
    0.240115168029960207E-12    0.511274354472581720E+02    0.218852945495188358E+02    0.758717263063760328E+02
    0.243675486314271880E-12    0.510959980653849257E+02    0.234889180432209912E+02    0.785220356525113345E+02
    0.245846613407770462E-12    0.510762571598694066E+02    0.210029192760200445E+02    0.738896613069193648E+02
    0.246168784829942981E-12    0.510716379616136820E+02    0.215787870282579171E+02    0.750869087815905232E+02
    0.247087212197844732E-12    0.510621900770684718E+02    0.214855497047935309E+02    0.748578048073310640E+02
    0.247799073771123271E-12    0.510544363345669865E+02    0.236054456404461277E+02    0.785369399008215652E+02
    0.250036435512062417E-12    0.510344594987444040E+02    0.208818875030175199E+02    0.734544702811966346E+02
    0.250463612215803825E-12    0.510290454986105857E+02    0.227255250930573816E+02    0.768812053718578738E+02
    0.251998157294758883E-12    0.510148292470020195E+02    0.228867402619695071E+02    0.770992055880909533E+02
    0.251774651451742471E-12    0.510146039029882346E+02    0.227842117876538026E+02    0.769185311173139752E+02
    0.259752972909834377E-12    0.509502106469515397E+02    0.237859777381494695E+02    0.783756911918871282E+02
    0.268176234235243505E-12    0.508843840876805658E+02    0.231176748886202112E+02    0.769117395434897020E+02
    0.267972921599464683E-12    0.508839009241304225E+02    0.212507463881357985E+02    0.735859151452735034E+02
    0.272886318151888142E-12    0.508455622144601378E+02    0.227173981146888586E+02    0.760764457395486602E+02
    0.275038119916149910E-12    0.508278533854528263E+02    0.238568456506570392E+02    0.779356576809924491E+02
    0.278474299485058139E-12    0.508010212509500718E+02    0.218117339096620348E+02    0.743061057281819615E+02
    0.279850608326683134E-12    0.507891609591370923E+02    0.227840441539820766E+02    0.759403165502382080E+02
    0.279696079484944873E-12    0.507882656308224369E+02    0.213391853035467349E+02    0.733604767601739809E+02
    0.279658224065559676E-12    0.507865363388097677E+02    0.241133689331660683E+02    0.781993754229411877E+02
    0.280318630005145512E-12    0.507798189563611260E+02    0.214050909829071863E+02    0.734635458706015214E+02
    0.285751372576263017E-12    0.507394285851668769E+02    0.239049556708937807E+02    0.776285762053520756E+02
    0.286176009628618268E-12    0.507344587177074899E+02    0.206986300674973656E+02    0.718556500712328585E+02
    0.287308905376743336E-12    0.507245568727440244E+02    0.243194877146828574E+02    0.782781158134366137E+02
    0.287510264988273337E-12    0.507211556695124912E+02    0.226111136141998088E+02    0.753413741671444370E+02
    0.289692546898710313E-12    0.507040324423647348E+02    0.237989648145686701E+02    0.772855970754638548E+02
    0.289840887331501746E-12    0.507010085812566871E+02    0.244840358112644410E+02    0.784610789515571270E+02
    0.291743111660279560E-12    0.506859254763886184E+02    0.219712245508683175E+02    0.740841701205411169E+02
    0.292958843059006451E-12    0.506756085337762059E+02    0.204486832915156143E+02    0.711099445688544733E+02
    0.293492878699297292E-12    0.506699660461300141E+02    0.224064999442803341E+02    0.747711145540509392E+02
    0.295596992520692989E-12    0.506536787675859372E+02    0.246205745334999690E+02    0.784840028390954529E+02
    0.297863083134542574E-12    0.506364049406144687E+02    0.242976825842287703E+02    0.778405058710093556E+02
    0.299636129159401483E-12    0.506225351259420435E+02    0.226120780963438186E+02    0.749228783184458678E+02
    0.300997824315865175E-12    0.506114667242541643E+02    0.185907400403347154E+02    0.671949139272802398E+02
    0.305434109934890346E-12    0.505802046454827234E+02    0.196102253255147616E+02    0.690805757925355124E+02
    0.305833150631371625E-12    0.505755934095869790E+02    0.232484917495688528E+02    0.757988006194972712E+02
    0.306273070222832967E-12    0.505707186166035427E+02    0.216184828825153055E+02    0.730062357123210148E+02
    0.306586654660453099E-12    0.505666719200936896E+02    0.187908434517896694E+02    0.674074157597734001E+02
    0.314227150588942838E-12    0.505154405295413653E+02    0.218399061302661472E+02    0.731468864151637774E+02
    0.319647994818316846E-12    0.504792320490482780E+02    0.240227887860011933E+02    0.766697036683867736E+02
    0.319505510995244671E-12    0.504781237523661588E+02    0.207848052896295172E+02    0.709886870655140001E+02
    0.321824853956000325E-12    0.504616578658343542E+02    0.236270271988861822E+02    0.759538113143917570E+02
    0.324144622949489958E-12    0.504452932306701811E+02    0.249221431725526088E+02    0.780561895093215554E+02
    0.323853917865285572E-12    0.504450877106598270E+02    0.246593949677577839E+02    0.776103319912844256E+02
    0.324255292656758019E-12    0.504406105056686371E+02    0.235491957586046148E+02    0.757209580192402711E+02
    0.324555998657290628E-12    0.504367566167114916E+02    0.216105489821989707E+02    0.724488986965451858E+02
    0.325347368942144926E-12    0.504298859192174831E+02    0.231263204616941778E+02    0.749745733594794643E+02
    0.325964427711258321E-12    0.504240962814009990E+02    0.220039322302272211E+02    0.730461431861829027E+02
    0.326604213992303548E-12    0.504181746312011683E+02    0.212089574547164759E+02    0.716008497587506270E+02
    0.327246441099205681E-12    0.504122457382135494E+02    0.223919758435569527E+02    0.736252737111139766E+02
    0.331099092651108635E-12    0.503868373890425829E+02    0.221917971386428441E+02    0.732044240703913971E+02
    0.335421606276320153E-12    0.503588962638410464E+02    0.228078962512436263E+02    0.741075173185027438E+02
    0.336360965331405302E-12    0.503513030275350246E+02    0.206001574557915887E+02    0.701214170434441968E+02
    0.344506058898938080E-12    0.503014494416984022E+02    0.212780501637030923E+02    0.712685138623623544E+02
    0.346867216397264255E-12    0.502857887072588881E+02    0.243945660073652277E+02    0.764566947937382366E+02
    0.346651903935513236E-12    0.502850305618083269E+02    0.219776992267586557E+02    0.724370506564558809E+02
    0.349584369625654647E-12    0.502661829303804240E+02    0.240660986421602772E+02    0.758461927798545332E+02
    0.355793043274007420E-12    0.502289743519447072E+02    0.240938577101916174E+02    0.757267541158053632E+02
    0.362737076571986936E-12    0.501883162675994328E+02    0.219472428410572888E+02    0.719972450819429639E+02
    0.365799588601995145E-12    0.501695015747200017E+02    0.254051796401853949E+02    0.776565379521038892E+02
    0.371827590091511686E-12    0.501348122386406629E+02    0.239606983761200780E+02    0.751146286366718812E+02
    0.372822504892481760E-12    0.501274679009460229E+02    0.228001418350482794E+02    0.731476818666185409E+02
    0.388365676901306563E-12    0.500437780732839954E+02    0.248329602384001333E+02    0.761605775232374498E+02
    0.389491528203018432E-12    0.500359885680611711E+02    0.233226609940922565E+02    0.735993447847465490E+02
    0.390070990586901617E-12    0.500310152979173353E+02    0.231988211811642664E+02    0.733888246032459364E+02
    0.393420714795160548E-12    0.500119136765717371E+02    0.241227081908865983E+02    0.748713786514537958E+02
    0.396695364779717053E-12    0.499933355113173405E+02    0.252551442697474400E+02    0.766246420412390847E+02
    0.397007669829394069E-12    0.499897615973864831E+02    0.252319840841808265E+02    0.765707885822229741E+02
    0.407662094433226547E-12    0.499347955346494885E+02    0.235413728723857645E+02    0.735467891675776855E+02
    0.407320934142253276E-12    0.499344699759516217E+02    0.214610313611540953E+02    0.701699256268958464E+02
    0.416727658941891780E-12    0.498868069725745258E+02    0.195946711845066304E+02    0.663887494625772234E+02
    0.419740682570351031E-12    0.498703986010423748E+02    0.230295374496570417E+02    0.724798468750745286E+02
    0.423097558599775094E-12    0.498524672224430390E+02    0.205985289843491799E+02    0.681967175839880753E+02
    0.429604582298270103E-12    0.498199423781912927E+02    0.256343347674909303E+02    0.765055383041182182E+02
    0.434236330548422834E-12    0.497964949446741301E+02    0.246456114404826749E+02    0.748316153822416084E+02
    0.435791684409992776E-12    0.497873441150836484E+02    0.225549828734169928E+02    0.713748392068152242E+02
    0.436667562664812812E-12    0.497813284384683854E+02    0.233316122742479379E+02    0.726136455311754077E+02
    0.446332500811854302E-12    0.497355444137760188E+02    0.238969333732896168E+02    0.733261793123614467E+02
    0.460668309561390417E-12    0.496703162333369477E+02    0.166236500071838194E+02    0.598268843417490075E+02
    0.460975111328966532E-12    0.496669846911289667E+02    0.229597361741120807E+02    0.715435865575337147E+02
    0.462103213704025860E-12    0.496600962524945615E+02    0.229512921949489233E+02    0.715020788772365279E+02
    0.461950334348713344E-12    0.496587580295399249E+02    0.228724141129784293E+02    0.713759881922498778E+02
    0.464004119976245575E-12    0.496478859344346333E+02    0.231333624493967172E+02    0.717484874094591731E+02
    0.468040085235456599E-12    0.496285649084022040E+02    0.228936886556461516E+02    0.712949219203078002E+02
    0.478195481184597033E-12    0.495836335866372764E+02    0.228809457363157698E+02    0.711068046289014717E+02
    0.479030846227450476E-12    0.495781428123825592E+02    0.239235581704172624E+02    0.727574361739711861E+02
    0.485839817044893460E-12    0.495479148472977116E+02    0.233516192474832671E+02    0.716992857133364083E+02
    0.486337160825920134E-12    0.495438685374766195E+02    0.226773248252523523E+02    0.706241842287183488E+02
    0.499611436796471328E-12    0.494880114575348458E+02    0.248927192941566275E+02    0.739058773523655077E+02
    0.505241446270479508E-12    0.494635999444402401E+02    0.269273311078818232E+02    0.771092626994663419E+02
    0.513346889608318136E-12    0.494297691678891908E+02    0.195479188790901404E+02    0.646185955217262631E+02
    0.518367160561112595E-12    0.494083052066297057E+02    0.231802851694465524E+02    0.709017502688005266E+02
    0.519125429500006839E-12    0.494033817387180321E+02    0.223457977736089148E+02    0.695411514883671487E+02
    0.549983349160290873E-12    0.492858967902981533E+02    0.227700814138496277E+02    0.697565560209057480E+02
    0.553693104811156192E-12    0.492704516556892074E+02    0.263249268572529012E+02    0.753261489471945538E+02
    0.553808959454913649E-12    0.492680332198310467E+02    0.242828514206261090E+02    0.720793440452473675E+02
    0.553567331692218013E-12    0.492669060135452170E+02    0.228381187956349194E+02    0.697904580688723399E+02
    0.554791517251484742E-12    0.492604880001618355E+02    0.201790971719953411E+02    0.652140769932273940E+02
    0.563923258007249433E-12    0.492258364475726822E+02    0.237042109721777337E+02    0.710143368861078272E+02
    0.573610184445479607E-12    0.491897727084522174E+02    0.227313333939328928E+02    0.693219185549673256E+02
    0.578267497718342328E-12    0.491715996764571344E+02    0.229272094725083591E+02    0.695602237162297996E+02
    0.577728910220712891E-12    0.491714633069422291E+02    0.234796486868305152E+02    0.704421840055167507E+02
    0.577783910927217670E-12    0.491692729128400643E+02    0.199484953738835848E+02    0.644265335353863975E+02
    0.582411194915359877E-12    0.491513193598536731E+02    0.228916658534765851E+02    0.694247643807759971E+02
    0.589645367212721050E-12    0.491246302300017348E+02    0.227666047629674857E+02    0.691319545136923495E+02
    0.600258753179532524E-12    0.490869511622235635E+02    0.240271192893348484E+02    0.709822025080407002E+02
    0.600554172633008225E-12    0.490839670973352398E+02    0.190015077927712035E+02    0.625239485567251805E+02
    0.607967096528948429E-12    0.490574312714253296E+02    0.231555879016159523E+02    0.694768501698926286E+02
    0.609439025922374762E-12    0.490505949885003716E+02    0.201953587249619879E+02    0.644596215248466677E+02
    0.617046911169525540E-12    0.490237826931583669E+02    0.219199537022879127E+02    0.674391314791801335E+02
    0.619624224789856901E-12    0.490134463868379981E+02    0.217912040264883657E+02    0.672027428442297179E+02
    0.622076067188573368E-12    0.490035480377722124E+02    0.210546235532754125E+02    0.658892152525139494E+02
    0.624450086190235210E-12    0.489939299966567603E+02    0.243529732221556330E+02    0.711270025833843249E+02
    0.627991230826815163E-12    0.489806203918883938E+02    0.205296740701925664E+02    0.648300832699086840E+02
    0.628629019714641791E-12    0.489765902194721576E+02    0.224847124201896982E+02    0.681293600572926437E+02
    0.637010133877156427E-12    0.489481016689247923E+02    0.236941529201379915E+02    0.699037191917991834E+02
    0.637523576016131038E-12    0.489444902806569928E+02    0.243413096347431264E+02    0.709225483006966186E+02
    0.642449350092102383E-12    0.489270968350857771E+02    0.219479666431344498E+02    0.671190204156755357E+02
    0.653905398520294405E-12    0.488897474164992545E+02    0.222756393520272056E+02    0.674815276461899600E+02
    0.657629476924265852E-12    0.488763894618389685E+02    0.232613100411896667E+02    0.689575134051924294E+02
    0.664825360917766010E-12    0.488526240153163229E+02    0.203158469489519895E+02    0.639860953211199970E+02
    0.670062730659827167E-12    0.488349301256212840E+02    0.221495488520327939E+02    0.670814434750232067E+02
    0.677846874497627120E-12    0.488098299701082823E+02    0.234196036393527578E+02    0.689495914529850893E+02
    0.677356834273064473E-12    0.488092763659313462E+02    0.230853791101928927E+02    0.684278311198174691E+02
    0.679133826320195951E-12    0.488020363945397690E+02    0.238166641850911809E+02    0.695277032418425165E+02
    0.680096630177876965E-12    0.487972030147721796E+02    0.222753218077388873E+02    0.671327291609221817E+02
    0.686633759912039160E-12    0.487760706983085939E+02    0.236097874711516624E+02    0.691136916925731413E+02
    0.690466462329287534E-12    0.487629379942353012E+02    0.230546895955810029E+02    0.682021927089135289E+02
    0.696165483386619203E-12    0.487444980062072304E+02    0.202024039256345560E+02    0.634877287035429347E+02
    0.710556694605411850E-12    0.487015753178932513E+02    0.246060393332952607E+02    0.703899772705648985E+02
    0.719739501393295607E-12    0.486738941114806707E+02    0.226420360444649873E+02    0.672314860871476014E+02
    0.724179462869985956E-12    0.486595943202034320E+02    0.245209445026544621E+02    0.700853147116290529E+02
    0.724416122496847606E-12    0.486569408331119249E+02    0.212227845899297805E+02    0.649495498445352126E+02
    0.725978724041151938E-12    0.486506313799927526E+02    0.227910953882680651E+02    0.673726810462488999E+02
    0.728023145815240434E-12    0.486430071145395786E+02    0.241903698928052044E+02    0.695011556310102776E+02
    0.737540877090738788E-12    0.486150297708432362E+02    0.198537629520591103E+02    0.624039609846545886E+02
    0.738801899221645792E-12    0.486096131593142076E+02    0.243126594420924249E+02    0.695624705177072826E+02
    0.738720147961796772E-12    0.486078344792195907E+02    0.245989038776305087E+02    0.700059509849059225E+02
    0.743127974527599522E-12    0.485939362569955549E+02    0.227197650718236375E+02    0.670481601115214119E+02
    0.742459013813187375E-12    0.485937374595233109E+02    0.267145123874118582E+02    0.732379772361409920E+02
    0.763039052726969521E-12    0.485370543711205826E+02    0.231122851034069186E+02    0.674373777645693480E+02
    0.763533330432724838E-12    0.485337592403335449E+02    0.206996383330726026E+02    0.636218204207061078E+02
    0.764224804136991053E-12    0.485299488130523073E+02    0.226406257696702440E+02    0.666956913853308038E+02
    0.769027679066560323E-12    0.485154188724416642E+02    0.216312950412521516E+02    0.651565625968142541E+02
    0.783354082346589382E-12    0.484765031848839598E+02    0.199140563742567593E+02    0.619498233286673283E+02
    0.834177654814486557E-12    0.483487800072480240E+02    0.218820038152287033E+02    0.649188296023876603E+02
    0.838009302242349498E-12    0.483376143954299877E+02    0.238581734534512862E+02    0.678288887367236839E+02
    0.841955124473169750E-12    0.483262193643829008E+02    0.189736063793054299E+02    0.596823075510242660E+02
    0.841964136055627989E-12    0.483241979581725758E+02    0.254503877686116908E+02    0.702433071865381606E+02
    0.857302196863726482E-12    0.482860918408880053E+02    0.240152725069367605E+02    0.678751551704607579E+02
    0.859071797491506355E-12    0.482799677950550787E+02    0.257008032615508384E+02    0.704721646173642711E+02
    0.870955439672420392E-12    0.482504911661646076E+02    0.255143737294840278E+02    0.700532361547166289E+02
    0.879182895492594851E-12    0.482296869007788089E+02    0.231188908784012597E+02    0.663059573866017189E+02
    0.884902825691545015E-12    0.482147171223250268E+02    0.245594046842914722E+02    0.684467172771643959E+02
    0.895761509239978088E-12    0.481883243876837426E+02    0.235566822704851369E+02    0.668060218976348352E+02
    0.899472081674192489E-12    0.481780567667190027E+02    0.247650142730831391E+02    0.686253635793198953E+02
    0.903681446423179116E-12    0.481667189652951819E+02    0.249509227937258338E+02    0.688669621887108434E+02
    0.904140909298293581E-12    0.481637023546009857E+02    0.201926747458081479E+02    0.613365302570476274E+02
    0.907005032268351169E-12    0.481553768006147536E+02    0.219532794455877713E+02    0.643358660248324838E+02
    0.912071227774507633E-12    0.481422366220174425E+02    0.234535444649639473E+02    0.664828220635690741E+02
    0.913965484070547361E-12    0.481360871830423491E+02    0.235570914796003272E+02    0.666144436946358809E+02
    0.927520546064677517E-12    0.481046429046716142E+02    0.217267320146245879E+02    0.638472588058056232E+02
    0.927847489482456572E-12    0.481019380452261487E+02    0.250786699142491187E+02    0.688171743704635190E+02
    0.929045940212188148E-12    0.480973564196422956E+02    0.219536561064926339E+02    0.641319141325372613E+02
    0.935291351071932489E-12    0.480819566249780195E+02    0.196129016582294931E+02    0.600016371183627868E+02
    0.946131051579325007E-12    0.480569106137626108E+02    0.231251674428624696E+02    0.656628418630728703E+02
    0.950472058084303365E-12    0.480457552684753182E+02    0.223641100891628319E+02    0.645245554830746784E+02
    0.959996914098367786E-12    0.480238126573749469E+02    0.233835061318166311E+02    0.659296251167683067E+02
    0.966660348949074749E-12    0.480079784138962182E+02    0.250312936156498012E+02    0.683863839124378785E+02
    0.978020657181510870E-12    0.479826112139780463E+02    0.249450028785074025E+02    0.681534003679253857E+02
    0.978897922229317152E-12    0.479788180579095282E+02    0.246782538218558187E+02    0.677284943899598062E+02
    0.986343001870132309E-12    0.479616644649498340E+02    0.225669949979528290E+02    0.645118375633243062E+02
    0.992831007243293764E-12    0.479465518662922889E+02    0.231098494591802748E+02    0.652430621278157474E+02
    0.993684187645896865E-12    0.479428339223122748E+02    0.204238238702947719E+02    0.609922021159203425E+02
    0.100122597033243070E-11    0.479257118004735361E+02    0.248049098045538408E+02    0.677212934610009398E+02
    0.100585783778226032E-11    0.479144807446423400E+02    0.220332149320500257E+02    0.636413438695694182E+02
    0.101481083516132966E-11    0.478947577877109651E+02    0.209476476083635248E+02    0.617787640517908514E+02
    0.101986451000824506E-11    0.478828226690666909E+02    0.210925522447094203E+02    0.620454635737542191E+02
    0.104397240047783919E-11    0.478340961337881865E+02    0.239603379281575357E+02    0.660907947457335609E+02
    0.106331021891664939E-11    0.477953884589695264E+02    0.234317294102553895E+02    0.651616144113164069E+02
    0.107126002609094504E-11    0.477784911391007725E+02    0.245386972516485855E+02    0.667582389891945382E+02
    0.107327229010380264E-11    0.477727378459688339E+02    0.229270728444191114E+02    0.643482722764689896E+02
    0.110656650014364145E-11    0.477096382828714738E+02    0.235842510191703099E+02    0.650716725757738459E+02
    0.112154893919870101E-11    0.476807408167695712E+02    0.252133619809962752E+02    0.674149050980316673E+02
    0.112711566017722763E-11    0.476688385265803376E+02    0.232719716612199612E+02    0.644633661939758014E+02
    0.115830658063817370E-11    0.476122440509023122E+02    0.242751629747893283E+02    0.657270594498153002E+02
    0.119271500970883285E-11    0.475516977810211259E+02    0.237103261609551694E+02    0.646694439419132721E+02
    0.121334160427771816E-11    0.475154058200228846E+02    0.270818213465076951E+02    0.696539381314788528E+02
    0.121732440199712543E-11    0.475068515648950864E+02    0.237151394598730718E+02    0.645096279759499822E+02
    0.122150258308475291E-11    0.474979987865703990E+02    0.237007160245525128E+02    0.644580306219371408E+02
    0.123382685818990939E-11    0.474759210269016592E+02    0.255418496221216884E+02    0.671363296254016149E+02
    0.125004858664612878E-11    0.474477973996110052E+02    0.210702172009466828E+02    0.604461409733979593E+02
    0.124972897341859786E-11    0.474463088262824044E+02    0.278186994921686193E+02    0.703162607839942666E+02
    0.125550129887212954E-11    0.474350923710410157E+02    0.234669724972404161E+02    0.639075596081918818E+02
    0.125546408985510934E-11    0.474331516454814022E+02    0.247774603624304568E+02    0.658114331251745455E+02
    0.125914111976399930E-11    0.474253025642567607E+02    0.238861230732315555E+02    0.644595796589806298E+02
    0.125862093201457649E-11    0.474241289930393179E+02    0.230717418229675282E+02    0.633888368761936078E+02
    0.128462280162741710E-11    0.473812319680294749E+02    0.245811335430721662E+02    0.653196627073802318E+02
    0.128385445229673702E-11    0.473804285514953492E+02    0.271652262957164794E+02    0.692670137975373450E+02
    0.129849640726288015E-11    0.473557482688016478E+02    0.261287846547233151E+02    0.675805125087971561E+02
    0.131800746426392924E-11    0.473239200405814273E+02    0.259680031015638058E+02    0.672099716837659429E+02
    0.134648806266119818E-11    0.472791627038172493E+02    0.233160628136452850E+02    0.632411015384642923E+02
    0.134874184234887582E-11    0.472738178608281174E+02    0.226767410453062794E+02    0.623293048419795142E+02
    0.134827845475647603E-11    0.472725051194260644E+02    0.214903291351782464E+02    0.605973744368230598E+02
    0.135322544176636018E-11    0.472631803214929107E+02    0.191023466009312628E+02    0.563595347092660859E+02
    0.136366288961504056E-11    0.472458134783644539E+02    0.233181013516587115E+02    0.631451310182119769E+02
    0.137358221471628621E-11    0.472293180741981402E+02    0.244519769660252919E+02    0.645646536792151977E+02
    0.137971536765356690E-11    0.472184077942183080E+02    0.211349744264350505E+02    0.597637273569462479E+02
    0.139531173513944225E-11    0.471939265266457539E+02    0.233121863069104123E+02    0.629853615698776181E+02
    0.139694450483499435E-11    0.471895875294458165E+02    0.237921796603259885E+02    0.635241799175750828E+02
    0.139867255202373694E-11    0.471851150199802660E+02    0.251862184801454418E+02    0.654877262489534075E+02
    0.140594752652319076E-11    0.471727392961928089E+02    0.214992888085738763E+02    0.602654944131983328E+02
    0.140900855975694716E-11    0.471663896234498239E+02    0.265435040046357251E+02    0.674918731668647212E+02
    0.141454467977936882E-11    0.471565468428865984E+02    0.237310056103881237E+02    0.633536183793281964E+02
    0.143376794647909834E-11    0.471275504262748797E+02    0.231640744252750395E+02    0.625125284788220554E+02
    0.143532575380559292E-11    0.471233785801905469E+02    0.234189843571375356E+02    0.628992109210931147E+02
    0.146543336105035716E-11    0.470798602227289251E+02    0.234140726124601635E+02    0.627241464763654832E+02
    0.146904450271157049E-11    0.470729378567726826E+02    0.239706492279232641E+02    0.633805986041095153E+02
    0.147787185278678411E-11    0.470589560080707727E+02    0.236369919436367901E+02    0.629580650252195468E+02
    0.152533135125305089E-11    0.469937389074267315E+02    0.221759128821588476E+02    0.605757065252659217E+02
    0.152919433067174314E-11    0.469866802084595037E+02    0.199910006343011730E+02    0.569680085545282964E+02
    0.153803862791501214E-11    0.469731462664673671E+02    0.230554400911392001E+02    0.616856311069034646E+02
    0.154648497336568128E-11    0.469601930462575936E+02    0.245209287017428572E+02    0.637100736663183937E+02
    0.159772746695527076E-11    0.468929976664353845E+02    0.198247028143839827E+02    0.563734202215026841E+02
    0.160205208882293970E-11    0.468855915133858119E+02    0.238432331402337994E+02    0.626014329712394044E+02
    0.160812289091255954E-11    0.468760270542955837E+02    0.252615015943509178E+02    0.644400701654059986E+02
    0.165968448684293003E-11    0.468109072070896914E+02    0.194567197562973000E+02    0.555032707582019000E+02
    0.168826514041959502E-11    0.467747593242676984E+02    0.236363057441027813E+02    0.617781639743776125E+02
    0.168790136702280315E-11    0.467731903141462624E+02    0.243649749520682768E+02    0.629443981458389388E+02
    0.171925880646473637E-11    0.467343756964106447E+02    0.234802359497726236E+02    0.614156660473889815E+02
    0.174944775316621302E-11    0.466975619023352451E+02    0.213833677970006413E+02    0.584037007433487361E+02
    0.176694275380192396E-11    0.466756606485280159E+02    0.235563283835825423E+02    0.613120712877544918E+02
    0.177002373909892649E-11    0.466701763225300965E+02    0.209468288274396599E+02    0.575576939294643424E+02
    0.177190451534746297E-11    0.466660523083885224E+02    0.261819199190033736E+02    0.650232616793429514E+02
    0.177588185970287257E-11    0.466595679955227212E+02    0.237964388525240622E+02    0.615842552381690993E+02
    0.177938574015833626E-11    0.466536258094660923E+02    0.240661816403996305E+02    0.619663231316499790E+02
    0.180669742302783612E-11    0.466211611384529760E+02    0.243447363592368511E+02    0.622933513665769567E+02
    0.181425239178849974E-11    0.466108152843427490E+02    0.200345185148672229E+02    0.558046863866382026E+02
    0.183062386917901365E-11    0.465908485976110001E+02    0.257359292658432786E+02    0.640731809742460570E+02
    0.183008708444661369E-11    0.465894351336615813E+02    0.241641331325145252E+02    0.618501453533890242E+02
    0.185652117063715069E-11    0.465587534431799739E+02    0.230356075635605464E+02    0.602130550901018040E+02
    0.186311001834932302E-11    0.465496679508084199E+02    0.231558554051369363E+02    0.603437277615383749E+02
    0.188337169730905551E-11    0.465260349862915703E+02    0.204553760546784780E+02    0.562372398628004078E+02
    0.188255807856349903E-11    0.465248991752771843E+02    0.226577947514881934E+02    0.595829970650145384E+02
    0.189966484621129548E-11    0.465048072915987873E+02    0.208400584416803056E+02    0.568237899495463452E+02
    0.190854438343856578E-11    0.464934805421648392E+02    0.258447409617205608E+02    0.638785791253664286E+02
    0.190917028803018945E-11    0.464908247523522675E+02    0.232385154981240412E+02    0.602486131656584334E+02
    0.191200404799660354E-11    0.464858583758023940E+02    0.219559535794218554E+02    0.585086119518820382E+02
    0.191258592063489289E-11    0.464832498162992351E+02    0.232851397043745578E+02    0.602850178620616433E+02
    0.195960807383196046E-11    0.464326732575289753E+02    0.226285721824941355E+02    0.592186244775798869E+02
    0.195886992111448191E-11    0.464314267671591594E+02    0.261206213027286793E+02    0.640401069400744660E+02
    0.195760326820137986E-11    0.464307204340846198E+02    0.249770252297587909E+02    0.625224553408364230E+02
    0.197224333508272702E-11    0.464138189520819182E+02    0.256012298558878619E+02    0.633037700881632546E+02
    0.199460396138189482E-11    0.463892712092884807E+02    0.217671652308084695E+02    0.579385895786961029E+02
    0.199734886021455562E-11    0.463845207767177996E+02    0.262904487734090537E+02    0.641113347334971593E+02
    0.201782806488163452E-11    0.463621188042639147E+02    0.191131161511040553E+02    0.535339794996503144E+02
    0.204693485569185445E-11    0.463314752755836778E+02    0.248822225209582371E+02    0.619278158384189794E+02
    0.206895451513448681E-11    0.463080754102894261E+02    0.223287269913233253E+02    0.583972208376383293E+02
    0.207478974264705032E-11    0.463004425999549198E+02    0.207970318211892504E+02    0.560728512139129691E+02
    0.213179796479951838E-11    0.462442307621903126E+02    0.212678262304671115E+02    0.566884189975875117E+02
    0.218680872417135296E-11    0.461912756843622958E+02    0.225874088953438132E+02    0.583413531652894193E+02
    0.218968740722099983E-11    0.461866446449386956E+02    0.247748881647001973E+02    0.612301723502544988E+02
    0.219157928665630024E-11    0.461829174005730465E+02    0.254710516299660412E+02    0.622663571865069585E+02
    0.220007035829827241E-11    0.461731835575672847E+02    0.195112294964556980E+02    0.535723379364687275E+02
    0.220585966472207154E-11    0.461659276322799315E+02    0.231850720415784366E+02    0.590307909437100591E+02
    0.224695933697200388E-11    0.461270064464548142E+02    0.245376910894618270E+02    0.607030578379966528E+02
    0.224773861456632896E-11    0.461243129381384946E+02    0.259488590619995421E+02    0.628111530495223533E+02
    0.231302406785955491E-11    0.460650506620256479E+02    0.228999906024632978E+02    0.583234252710985146E+02
    0.231317536098114109E-11    0.460629198478453290E+02    0.255304911540740136E+02    0.618379996004745394E+02
    0.231632125536964121E-11    0.460582017165809887E+02    0.229585171710899978E+02    0.583765716621548307E+02
    0.233990882341189400E-11    0.460359383108492466E+02    0.178404579220624200E+02    0.505209070760414605E+02
    0.235724409513335123E-11    0.460191758786036118E+02    0.218238868960902330E+02    0.567797563619980750E+02
    0.238394878840764237E-11    0.459946457041629415E+02    0.276900545673863299E+02    0.645759807218604607E+02
    0.241756708510196877E-11    0.459646388438745603E+02    0.212751695136111998E+02    0.557730218366232933E+02
    0.247041607465151750E-11    0.459193890639035374E+02    0.242581588966093982E+02    0.596112286140141663E+02
    0.247325057315281938E-11    0.459150956254386458E+02    0.234863255408833353E+02    0.585813655235337407E+02
    0.247128205691401976E-11    0.459146881046393602E+02    0.249982401635316620E+02    0.605769811082986891E+02
    0.248514063228053559E-11    0.459015037385337266E+02    0.244891506703610204E+02    0.598604049451583506E+02
    0.249129459076997280E-11    0.458945572566843936E+02    0.227661342580005268E+02    0.575899771639440630E+02
    0.250843647807023407E-11    0.458788429554688406E+02    0.227945771551986631E+02    0.575757055553873229E+02
    0.251452067403120839E-11    0.458719978423195442E+02    0.251853150472813141E+02    0.606734354118919157E+02
    0.252862870579050295E-11    0.458588079548115388E+02    0.260166861650728727E+02    0.617650460030184192E+02
    0.255706130121121653E-11    0.458344448995589673E+02    0.245407380224081741E+02    0.596926763305134997E+02
    0.255709468104831135E-11    0.458324187917615404E+02    0.254981709368609373E+02    0.609502339110967100E+02
    0.256627510741887047E-11    0.458232512933570391E+02    0.239033043628666668E+02    0.588109160670309663E+02
    0.258070362570697626E-11    0.458100380695752065E+02    0.270588040189532073E+02    0.631810100654082376E+02
    0.258370417849555377E-11    0.458057140446415900E+02    0.201629164625695978E+02    0.534501965981785219E+02
    0.259572952106985046E-11    0.457944270338372945E+02    0.246442478615682887E+02    0.596908528394593176E+02
    0.259344108687809602E-11    0.457941910416242806E+02    0.223397434605670533E+02    0.567071097808929139E+02
    0.260350779843641904E-11    0.457844428613969541E+02    0.238239541209674748E+02    0.585798025312015866E+02
    0.267909006103151620E-11    0.457252078245548645E+02    0.228275090017265114E+02    0.571206142880069265E+02
    0.275728530817247455E-11    0.456656690159675094E+02    0.234264440800849165E+02    0.576772116734827094E+02
    0.277069287392110589E-11    0.456539673915419044E+02    0.233360171574193735E+02    0.575310160692710895E+02
    0.280185550170619589E-11    0.456295984855883532E+02    0.236934005059532531E+02    0.578928348388772989E+02
    0.280912441357665127E-11    0.456224165629675937E+02    0.214372290502326237E+02    0.549224888574436889E+02
    0.282625714793885422E-11    0.456082556918991529E+02    0.237568572709692418E+02    0.579032780465728294E+02
    0.286816729908016500E-11    0.455768157312649436E+02    0.212005342357537785E+02    0.543843915329946910E+02
    0.288737498594451927E-11    0.455614666793630150E+02    0.250866779647085423E+02    0.594621721756231452E+02
    0.288922453387549517E-11    0.455581859618836944E+02    0.209244157792646703E+02    0.538796287414393049E+02
    0.289168164839175672E-11    0.455544858030595563E+02    0.212550579343917008E+02    0.544007238725131756E+02
    0.289007450732779332E-11    0.455535976736137584E+02    0.251187862695518902E+02    0.594776485907692631E+02
    0.288805438708654187E-11    0.455529961334684685E+02    0.203564931327590415E+02    0.529646316320839148E+02
    0.294846139974556213E-11    0.455095952895943086E+02    0.210097682370371750E+02    0.538614496520521655E+02
    0.297205165254882113E-11    0.454916572264993064E+02    0.195926560370595979E+02    0.515997299709741952E+02
    0.306296676311191289E-11    0.454293942859583737E+02    0.191476416067845676E+02    0.507373256928908063E+02
    0.306090973488086545E-11    0.454287378978414935E+02    0.210264373585575122E+02    0.536289452391176766E+02
    0.309158452304027123E-11    0.454067947391514721E+02    0.198439240071301910E+02    0.517349520665204423E+02
    0.309136033054902083E-11    0.454049397784470443E+02    0.261830774373020212E+02    0.603695636526479404E+02
    0.310023899849682254E-11    0.453972038297452514E+02    0.229471260832057702E+02    0.562097758546781776E+02
    0.324618754062948731E-11    0.453031997526797880E+02    0.230581923339798749E+02    0.560435730182623431E+02
    0.325766278485701099E-11    0.452941422371707176E+02    0.174602043831450011E+02    0.476440708322896000E+02
    0.327831633436418336E-11    0.452795022835381360E+02    0.222239274956059170E+02    0.548636161462656915E+02
    0.330449323863471332E-11    0.452615959797267138E+02    0.229024816595312970E+02    0.556970213344720477E+02
    0.333402319779550974E-11    0.452418027548595347E+02    0.221114485113292609E+02    0.545920415767901090E+02
    0.333461441140370719E-11    0.452394481315349992E+02    0.222024341550544690E+02    0.547035675921577322E+02
    0.335784987578710981E-11    0.452235605369229461E+02    0.206898310690648550E+02    0.524626738535532056E+02
    0.337084065672605575E-11    0.452138379067814427E+02    0.188244055925426075E+02    0.495835070765917862E+02
    0.339060107285018256E-11    0.452001478127610881E+02    0.214423985377332684E+02    0.535648904640764982E+02
    0.339149674077271099E-11    0.451976195585529297E+02    0.225955924057973050E+02    0.550812116591270495E+02
    0.340645713618688023E-11    0.451868166629539800E+02    0.237072438462449213E+02    0.564804200715750895E+02
    0.340628605539029435E-11    0.451849171104781249E+02    0.254295756730616169E+02    0.586378146662443172E+02
    0.341626690751006423E-11    0.451770654245803982E+02    0.201418817738896081E+02    0.514829288564855361E+02
    0.346676296647611883E-11    0.451457196475931184E+02    0.213070122570321701E+02    0.531805385550149978E+02
    0.352954199546444134E-11    0.451078260069621777E+02    0.194680925377225762E+02    0.502441643979913906E+02
    0.353417624369501859E-11    0.451032017522914757E+02    0.237048063229129902E+02    0.562286247979219596E+02
    0.354225399867951769E-11    0.450966357447332058E+02    0.241680844265806343E+02    0.567728531458643673E+02
    0.360730635482626224E-11    0.450582395759037055E+02    0.199035995451671965E+02    0.507792101659823629E+02
    0.370734235225240471E-11    0.450015316937255889E+02    0.243732645492724842E+02    0.567220465915434033E+02
    0.372470951121506167E-11    0.449901845089139911E+02    0.241817281101881427E+02    0.564467924776191978E+02
    0.377119632784664699E-11    0.449633776804360039E+02    0.216524707192791901E+02    0.531239777699949798E+02
    0.378875445559600663E-11    0.449520875885702154E+02    0.223559794066965942E+02    0.539896150232892325E+02
    0.379453031713043647E-11    0.449470409601898169E+02    0.216796659750164693E+02    0.531086688183130278E+02
    0.384683497644690219E-11    0.449176607870352669E+02    0.255081845887191392E+02    0.578581931606106608E+02
    0.391457600016266880E-11    0.448807481949334957E+02    0.243225418850867321E+02    0.562840645080846826E+02
    0.391844510686325257E-11    0.448767724019604799E+02    0.236902263275245915E+02    0.554572834302384265E+02
    0.396218499490383440E-11    0.448525709603841278E+02    0.263457696600060309E+02    0.586973479277531709E+02
    0.397027229113651005E-11    0.448464928802921179E+02    0.226441976789093751E+02    0.540250056353816959E+02
    0.397875609226870680E-11    0.448402237777329447E+02    0.241347343753268682E+02    0.559255484901327407E+02
    0.397535010510240431E-11    0.448399365973962318E+02    0.221858498727090208E+02    0.534226535100871089E+02
    0.397646091621265712E-11    0.448373778260097069E+02    0.276465435564378765E+02    0.602434357535581526E+02
    0.403569784943513281E-11    0.448058037677172791E+02    0.212795337717381301E+02    0.520890768203010808E+02
    0.407248770722934291E-11    0.447856541533486165E+02    0.273501450785748368E+02    0.597396637874990404E+02
    0.416302210151547785E-11    0.447396796848935168E+02    0.242768334321707897E+02    0.557767106845977096E+02
    0.418274545757069414E-11    0.447282265614344894E+02    0.213616228295253912E+02    0.519781322752951240E+02
    0.424611747521498562E-11    0.446961521790320475E+02    0.241330458081332040E+02    0.554399835240381265E+02
    0.425102045345099918E-11    0.446918441177429671E+02    0.243509371076660734E+02    0.557144189276931030E+02
    0.428124329719945072E-11    0.446756753245432847E+02    0.226183069707354605E+02    0.534617376219168747E+02
    0.428167201049628161E-11    0.446734750594317731E+02    0.250954571387820025E+02    0.565638820014072436E+02
    0.439851742498376441E-11    0.446176271688085109E+02    0.230260994344549061E+02    0.537833558565989165E+02
    0.440002272569178797E-11    0.446149428276806574E+02    0.233479929290285675E+02    0.541949066232977330E+02
    0.440593274902717296E-11    0.446102582698313270E+02    0.195707958697415343E+02    0.489071733142416534E+02
    0.441251814806004619E-11    0.446052711691108996E+02    0.245768696463609118E+02    0.557237689711087043E+02
    0.447065540832105692E-11    0.445770921960369719E+02    0.206509905980411581E+02    0.504750779080163596E+02
    0.454448102013846953E-11    0.445423351711195679E+02    0.200918850910074731E+02    0.495521123288246912E+02
    0.455783571889701161E-11    0.445344664637459218E+02    0.238587995842459435E+02    0.545878782490005818E+02
    0.458043647656493545E-11    0.445225736510718590E+02    0.211675580845603513E+02    0.510691685024123885E+02
    0.460460944909927442E-11    0.445100465275106032E+02    0.222771688908959398E+02    0.525259285253767203E+02
    0.469041895734691715E-11    0.444711184225760263E+02    0.208837139174656734E+02    0.505077425870533290E+02
    0.472430453868572682E-11    0.444547215142968284E+02    0.234959999797110477E+02    0.538687622233204806E+02
    0.477271676921966394E-11    0.444323308472386529E+02    0.245518004826279501E+02    0.551135553665243876E+02
    0.479522714176598965E-11    0.444209200838442371E+02    0.221801277611057657E+02    0.521278492640169944E+02
    0.480302956357651592E-11    0.444156684835719915E+02    0.188914934988046177E+02    0.473559313351508635E+02
    0.483281540634755882E-11    0.444013038439439143E+02    0.225129411765484697E+02    0.524936359873712206E+02
    0.482822643606789699E-11    0.444012038339034945E+02    0.273426753608108655E+02    0.584527256724815558E+02
    0.484476783440173214E-11    0.443923635881655301E+02    0.217923652799382097E+02    0.515493606823651973E+02
    0.484275422935100774E-11    0.443911950103047985E+02    0.257250159160922891E+02    0.564502673445005172E+02
    0.484727513806986114E-11    0.443873287996358812E+02    0.234057910465248682E+02    0.535613783830920340E+02
    0.485449919985333125E-11    0.443823503493578286E+02    0.229570954895250701E+02    0.530144985303004219E+02
    0.491595067219821351E-11    0.443551919243230515E+02    0.244101572570880592E+02    0.547117360877984211E+02
    0.502042078331593323E-11    0.443111347362252701E+02    0.235646468947005623E+02    0.535298859483041838E+02
    0.504858971962759101E-11    0.442979443576705805E+02    0.239500696434231450E+02    0.539524427860086178E+02
    0.517057773866806250E-11    0.442481933782251105E+02    0.242961162378938127E+02    0.542424662471191468E+02
    0.517417682399718957E-11    0.442448017220180319E+02    0.226174100850650461E+02    0.521466191272915864E+02
    0.517294618662985437E-11    0.442432774629064056E+02    0.235577315594700316E+02    0.533303718378092029E+02
    0.517246814159040107E-11    0.442414622965050057E+02    0.244840094604681440E+02    0.544658764635971764E+02
    0.518877836008196517E-11    0.442331656672486133E+02    0.249212892997142141E+02    0.549545022896755953E+02
    0.518792923948016704E-11    0.442314929851750520E+02    0.225699587287117254E+02    0.520459224159396427E+02
    0.528612381134373386E-11    0.441919917625434593E+02    0.241142161738167609E+02    0.538312364520599758E+02
    0.531980646029123400E-11    0.441772883932677374E+02    0.230783324569095782E+02    0.525298825238360578E+02
    0.534785479849917329E-11    0.441647712228545331E+02    0.215827407962238880E+02    0.506259066680697316E+02
    0.544969460427235011E-11    0.441250430969788994E+02    0.244124859969490196E+02    0.539936015840888146E+02
    0.550393904888155359E-11    0.441032341861585166E+02    0.215037166910971145E+02    0.503404093722544133E+02
    0.554598680623292673E-11    0.440860131029206812E+02    0.241398085831440028E+02    0.535590431981195820E+02
    0.566645429571927168E-11    0.440410350844427683E+02    0.232002748186629084E+02    0.522645459684004337E+02
    0.572318325050813175E-11    0.440191119135168947E+02    0.245993361565856361E+02    0.539037155697009709E+02
    0.572235498026716847E-11    0.440174013783635516E+02    0.245274952300680624E+02    0.538151134418716879E+02
    0.577316178748103122E-11    0.439977224382825796E+02    0.244389996220498027E+02    0.536558184733524470E+02
    0.579937477076866389E-11    0.439866620121655600E+02    0.220763578825140421E+02    0.507180720462753101E+02
    0.593183399795520919E-11    0.439394953599167550E+02    0.208364988662555426E+02    0.488914503556621938E+02
    0.594058634125239957E-11    0.439345465610593493E+02    0.241452700221738503E+02    0.531380028351183711E+02
    0.604702704804413129E-11    0.438970287308620541E+02    0.222005630752887058E+02    0.506104256011607276E+02
    0.609459236632906301E-11    0.438793584779923407E+02    0.227550783806937105E+02    0.512370831875729706E+02
    0.624606671525738636E-11    0.438282583592001984E+02    0.250420876771070695E+02    0.538744420258132379E+02
    0.631098577187908303E-11    0.438055784631540703E+02    0.243414846475296400E+02    0.530003292605273373E+02
    0.637737224887510950E-11    0.437826499607692128E+02    0.191288345419991259E+02    0.459661194837473559E+02
    0.652215761568435131E-11    0.437357517516689782E+02    0.245946027639465363E+02    0.530938808640751247E+02
    0.657569918847714171E-11    0.437174004136365824E+02    0.223623756544117818E+02    0.502861558616294886E+02
    0.657472372753147096E-11    0.437156971222531183E+02    0.219348290083068527E+02    0.497688379620250032E+02
    0.657562458882801306E-11    0.437134231032610217E+02    0.222851054635448094E+02    0.501821936127264294E+02
    0.662314541295528526E-11    0.436970214493317641E+02    0.255036501998857794E+02    0.540367094708213145E+02
    0.663935150435354328E-11    0.436901336519386945E+02    0.217852628289851111E+02    0.495171868930215595E+02
    0.665632939758201559E-11    0.436830258571348082E+02    0.233682695912759968E+02    0.514065655168286071E+02
    0.667933015832273353E-11    0.436741268257215509E+02    0.252256100478410907E+02    0.536471057214532365E+02
    0.669596396034875964E-11    0.436671523375483659E+02    0.226571093128981182E+02    0.505038118474084641E+02
    0.671350428453392750E-11    0.436599201139079653E+02    0.245479391212170341E+02    0.528206967846384501E+02
    0.694584870887038721E-11    0.435898738932803766E+02    0.227775933706149480E+02    0.504267600468433272E+02
    0.705452176718803069E-11    0.435568246460799031E+02    0.234898725580456826E+02    0.511976455417633076E+02
    0.708365803636733226E-11    0.435465813472022631E+02    0.238984414623540005E+02    0.516470151407849087E+02
    0.709442181277797329E-11    0.435415446091974161E+02    0.238517713330188244E+02    0.515779969347365466E+02
    0.720710976321008956E-11    0.435080262275432617E+02    0.243929234253461971E+02    0.521451305631657220E+02
    0.732912450065176738E-11    0.434724501029644230E+02    0.259494450384632245E+02    0.539121399123007947E+02
    0.740648422157102029E-11    0.434494505139847575E+02    0.220698396120237774E+02    0.491862093113981373E+02
    0.747527048175680442E-11    0.434289616324173835E+02    0.257339481839793613E+02    0.535360867482409901E+02
    0.762333286844878371E-11    0.433877349225929052E+02    0.217588328948360008E+02    0.486561595367546005E+02
    0.769231055837466640E-11    0.433677198371319221E+02    0.213992012846990995E+02    0.481445214396428725E+02
    0.771368775670271512E-11    0.433601694763930112E+02    0.213230181627619864E+02    0.480192866790286033E+02
    0.773711116996035467E-11    0.433521054712078566E+02    0.228806179730115460E+02    0.498705534094505865E+02
    0.790936936457067611E-11    0.433060661348600533E+02    0.253010075798848213E+02    0.526846885411632329E+02
    0.793485987817494407E-11    0.432976308491275361E+02    0.247917916284954671E+02    0.520040332910851930E+02
    0.795465803947386785E-11    0.432906468913645810E+02    0.235488019887275719E+02    0.505033513228820254E+02
    0.800691221191599506E-11    0.432755518491357734E+02    0.226051183269117004E+02    0.493295580367190354E+02
    0.801384990424471868E-11    0.432718196736719278E+02    0.228724976989285977E+02    0.496324017563635920E+02
    0.801026978531748338E-11    0.432707133562095905E+02    0.217902775164317717E+02    0.483735463339331488E+02
    0.804496860912527012E-11    0.432600684823110768E+02    0.208936324790906234E+02    0.471372240509579967E+02
    0.810791228935703061E-11    0.432424814178803132E+02    0.229593451999243854E+02    0.496529625483521144E+02
    0.819856075117265553E-11    0.432182449979316416E+02    0.257253779948642141E+02    0.529283525332788187E+02
    0.819678733274410602E-11    0.432166776617400288E+02    0.232372866364750479E+02    0.499125820871918364E+02
    0.820101649870408922E-11    0.432136460196744920E+02    0.241685528266742935E+02    0.510327545024833924E+02
    0.822292635429328174E-11    0.432063099395913426E+02    0.236508236606596540E+02    0.503817216785100896E+02
    0.823840647328030344E-11    0.432005483672538304E+02    0.230890504874680502E+02    0.496889811484351824E+02
    0.824236762617071541E-11    0.431975869675178643E+02    0.240589976308974300E+02    0.508609323364924109E+02
    0.827717590213461160E-11    0.431871585681692096E+02    0.254315736240326338E+02    0.524779316358433334E+02
    0.827287057192691537E-11    0.431861991284629525E+02    0.259860843501290546E+02    0.531363235487138823E+02
    0.828930008104210067E-11    0.431802311668114100E+02    0.254247760092578758E+02    0.524470532337573943E+02
    0.830322730617474495E-11    0.431748736967698932E+02    0.220684827590731416E+02    0.484368196128082431E+02
    0.829779946594909651E-11    0.431741815292295072E+02    0.228154983684571739E+02    0.492978981384670263E+02
    0.846588938073797140E-11    0.431320720879275399E+02    0.253649836531274602E+02    0.522207217101823602E+02
    0.848524441614563096E-11    0.431255048314713036E+02    0.226079133970434505E+02    0.489322695750511798E+02
    0.849835179745002498E-11    0.431204177623391232E+02    0.253898662958152421E+02    0.522163257942481636E+02
    0.856287053571053263E-11    0.431032912855712098E+02    0.234615784625552841E+02    0.498582215860203632E+02
    0.874426787807255859E-11    0.430593654672640085E+02    0.268770973220876286E+02    0.538040375944226668E+02
    0.874641892626074643E-11    0.430568735373077089E+02    0.233126419465493946E+02    0.495480280810043467E+02
    0.888074299417012808E-11    0.430243917913253142E+02    0.251765505272810159E+02    0.516787215566658560E+02
    0.891730144678934652E-11    0.430141754944942107E+02    0.243933757229826682E+02    0.507346741880416090E+02
    0.891352186546247954E-11    0.430130233704036584E+02    0.216163750097821001E+02    0.474905347462323064E+02
    0.890654271776505032E-11    0.430125899523924460E+02    0.222086780880761623E+02    0.481576533662907451E+02
    0.889969722015153753E-11    0.430121277274590241E+02    0.222288756290524567E+02    0.481792189390642278E+02
    0.889835345686834631E-11    0.430104297298098643E+02    0.256480779810697967E+02    0.522042451660141822E+02
    0.893860570561927858E-11    0.429994030079982323E+02    0.240114503228569411E+02    0.502207520753492531E+02
    0.901848550550707741E-11    0.429796094074997725E+02    0.239372252413187105E+02    0.500752681908603137E+02
    0.904950468900666671E-11    0.429707421879272289E+02    0.256236589680186562E+02    0.520527651591557330E+02
    0.912130757838086271E-11    0.429529359020993198E+02    0.255053581495182975E+02    0.518633221153248130E+02
    0.922945638353275946E-11    0.429273619391858645E+02    0.258782967297024591E+02    0.522394729664053799E+02
    0.944041742912758077E-11    0.428801618426283824E+02    0.235338876065672871E+02    0.493267251131169999E+02
    0.952287160892174058E-11    0.428607693535388705E+02    0.252522174020167682E+02    0.513053292009810349E+02
    0.961371214597836284E-11    0.428397813835749659E+02    0.252420985515716225E+02    0.512351852683124918E+02
    0.960517774622595896E-11    0.428395576360767123E+02    0.249626432928768160E+02    0.509114272226995226E+02
    0.961690848428535561E-11    0.428351165400635594E+02    0.241593434625846974E+02    0.499284213398436236E+02
    0.965965210345208636E-11    0.428242469724814399E+02    0.215938198841438656E+02    0.469738867004844565E+02
    0.965178205757773037E-11    0.428238771044010136E+02    0.241613121782110163E+02    0.498986221467489486E+02
    0.964785538647136073E-11    0.428226909375461275E+02    0.270334129446948488E+02    0.533043452244210130E+02
    0.983704065010323221E-11    0.427818524015822490E+02    0.238393656671824026E+02    0.494096474384535256E+02
    0.101107588901715432E-10    0.427249620522904863E+02    0.250840354172011502E+02    0.507324320383270262E+02
    0.101017233812389046E-10    0.427247501571681596E+02    0.213623680980632358E+02    0.464173916537923290E+02
    0.101195321650812000E-10    0.427192273712747834E+02    0.216834776317626279E+02    0.468050881803741348E+02
    0.101252282000501735E-10    0.427161019373320698E+02    0.244316477042230744E+02    0.499140241336887698E+02
    0.104970210241547065E-10    0.426419792295137370E+02    0.238109851827720860E+02    0.490051859584041480E+02
    0.105126719474034257E-10    0.426369994760893434E+02    0.239871159675995429E+02    0.491894562418976804E+02
    0.106155352667692652E-10    0.426155252005781833E+02    0.204023850090599730E+02    0.447441897551641787E+02
    0.107043334311405598E-10    0.425968649332731388E+02    0.252258053183555369E+02    0.505316479965621639E+02
    0.107069227909657759E-10    0.425943811952222973E+02    0.185737046548126798E+02    0.420309932264739246E+02
    0.107016209500961157E-10    0.425933717980473645E+02    0.221997951650637617E+02    0.470402254911062556E+02
    0.107071303379293932E-10    0.425903424268559263E+02    0.251340612481693881E+02    0.503988587730091240E+02
    0.109667248618222300E-10    0.425404308880858935E+02    0.227539318282175991E+02    0.475208270261936789E+02
    0.109856044510433669E-10    0.425349907804587772E+02    0.240035918530271353E+02    0.489369632038105493E+02
    0.110463718464712453E-10    0.425219581706371841E+02    0.241489990183298744E+02    0.490653611631922857E+02
    0.111212084467060868E-10    0.425064543269966038E+02    0.243400782048701956E+02    0.492384206981128898E+02
    0.111383351045076545E-10    0.425013766967402660E+02    0.215633199793478560E+02    0.461263727154226260E+02
    0.111699866249830733E-10    0.424937014080121784E+02    0.224630834898585583E+02    0.470718109611519751E+02
    0.112734384222500530E-10    0.424732634860392437E+02    0.231108108111348542E+02    0.477448001059817955E+02
    0.114042927475851193E-10    0.424481825567094120E+02    0.247484903428135894E+02    0.495442648048236407E+02
    0.114112819516544914E-10    0.424449572175487049E+02    0.257758136000838860E+02    0.507501785137650856E+02
    0.115321198889537884E-10    0.424218898875222763E+02    0.206444019062591266E+02    0.446032552947849155E+02
    0.115892301314485607E-10    0.424100097795549829E+02    0.227367761809488869E+02    0.471562218506143651E+02
    0.117783002645504735E-10    0.423756444836097117E+02    0.227602806046138610E+02    0.470927113318317083E+02
    0.119738345167566131E-10    0.423407146149751625E+02    0.212348571728078461E+02    0.452676851958910120E+02
    0.120766871640732106E-10    0.423216084123405238E+02    0.234416733558372634E+02    0.477141449885147395E+02
    0.120950847875358359E-10    0.423165639310254775E+02    0.221509377762060744E+02    0.462871562480677312E+02
    0.121703580087927440E-10    0.423021555915875851E+02    0.256330106879907795E+02    0.501649169653405949E+02
    0.122433742760109357E-10    0.422881924088880581E+02    0.238945690043159686E+02    0.481360180170738587E+02
    0.124405985822162171E-10    0.422542318319725823E+02    0.258344054872362712E+02    0.502682605297788427E+02
    0.124546755115637966E-10    0.422499700483432719E+02    0.187831393183966853E+02    0.414723583688508697E+02
    0.125529341290838903E-10    0.422322533725661700E+02    0.231109220801569464E+02    0.471061595783563334E+02
    0.125432420676951738E-10    0.422317981595957690E+02    0.247938094524604367E+02    0.490156896390172889E+02
    0.128221435332301641E-10    0.421858149597707524E+02    0.209630673977925817E+02    0.444640512902019722E+02
    0.130346887768905041E-10    0.421509338970770955E+02    0.223694754246866410E+02    0.461007787159835161E+02
    0.130382502630261081E-10    0.421483875089384270E+02    0.244316179848985122E+02    0.483752488791521031E+02
    0.131660562011883511E-10    0.421268782039676140E+02    0.215181230390329041E+02    0.451183729105408560E+02
    0.133244077031233230E-10    0.421009672013284657E+02    0.241251880621691690E+02    0.478963080234176033E+02
    0.133467721231256488E-10    0.420956131052008260E+02    0.232647191692528956E+02    0.469201448837777946E+02
    0.133461574789052977E-10    0.420937052111223977E+02    0.222252622521050256E+02    0.458004795106416154E+02
    0.133377685620600918E-10    0.420929627347880313E+02    0.208918229095302657E+02    0.441243981707824915E+02
    0.135081595688881840E-10    0.420655744086206553E+02    0.226289220323934259E+02    0.461614702664528096E+02
    0.135379563277668494E-10    0.420591675989998990E+02    0.223400627014962154E+02    0.458355910169604783E+02
    0.136222818218153339E-10    0.420447485967016590E+02    0.256708241023040031E+02    0.495020547083295526E+02
    0.136188214557014090E-10    0.420432567062443709E+02    0.208169299631907343E+02    0.438895771799271230E+02
    0.138800654654769019E-10    0.420032548961613799E+02    0.213967852159171343E+02    0.446262303517150798E+02
    0.140213281641213008E-10    0.419810030180589635E+02    0.229889334871182811E+02    0.463315294143072194E+02
    0.142234511756259348E-10    0.419503780520896044E+02    0.233869137788371546E+02    0.466793510293673890E+02
    0.142791197286745702E-10    0.419405656166400433E+02    0.218111886337451573E+02    0.449667347437440412E+02
    0.144089169793430999E-10    0.419204677401385695E+02    0.221860680236360785E+02    0.453168124638074801E+02
    0.144188150007058029E-10    0.419170943373668266E+02    0.233013166535715150E+02    0.465030399121843416E+02
    0.147010007941105590E-10    0.418763310939639126E+02    0.230065111035349652E+02    0.460838075310074018E+02
    0.146955806693607873E-10    0.418750686116670394E+02    0.219847218272081122E+02    0.449856767222456853E+02
    0.148912620209703772E-10    0.418466130405988395E+02    0.229177416878832645E+02    0.459127358527834843E+02
    0.148851324494885304E-10    0.418454364541353527E+02    0.203382351370078744E+02    0.426884826973431686E+02
    0.148729314193278425E-10    0.418450764843333545E+02    0.215846722511078148E+02    0.444790671808216445E+02
    0.148799364176355586E-10    0.418421347265873749E+02    0.225892838537161111E+02    0.455491308062262377E+02
    0.150146529536539259E-10    0.418221090636454491E+02    0.223244817188234528E+02    0.452140550214937917E+02
    0.151412987149410748E-10    0.418033101899432324E+02    0.233973581226149889E+02    0.463158390180680115E+02
    0.154416822728514498E-10    0.417620212510484308E+02    0.236702971861154374E+02    0.465025189147402926E+02
    0.154312722212013399E-10    0.417613700111155595E+02    0.241603741367057374E+02    0.470336618536637587E+02
    0.158038106255162429E-10    0.417116600597939922E+02    0.237941949880235235E+02    0.465065426896430196E+02
    0.158782106687326363E-10    0.417002666970044444E+02    0.224654092269356767E+02    0.450527830537448892E+02
    0.161804629506305766E-10    0.416605531918732410E+02    0.212817832370135562E+02    0.435845750423000595E+02
    0.164115453025899138E-10    0.416301921013295910E+02    0.211097716416247252E+02    0.432587516139624526E+02
    0.165438271386252223E-10    0.416121361399876548E+02    0.226782687353867516E+02    0.450551880151607378E+02
    0.166978348814566610E-10    0.415916041129609013E+02    0.204900567798160651E+02    0.422650978458437194E+02
    0.167444005011081303E-10    0.415840344314832819E+02    0.243799886881497123E+02    0.468115076131669383E+02
    0.170330690858282822E-10    0.415478488496243727E+02    0.205849371561246208E+02    0.422905243818186705E+02
    0.171055758291905332E-10    0.415373532748799690E+02    0.247321850105924419E+02    0.470764673758081997E+02
    0.171095198576624667E-10    0.415348921885189526E+02    0.237051195505570931E+02    0.459592162676136553E+02
    0.177554145078318344E-10    0.414587812151620199E+02    0.225387132214492958E+02    0.445152997619978024E+02
    0.177716583140514508E-10    0.414549523217508948E+02    0.206846592746772409E+02    0.421983310930357405E+02
    0.178285176740185917E-10    0.414465636557696087E+02    0.227146571980202552E+02    0.446731712910716823E+02
    0.178880263308004453E-10    0.414378991014565727E+02    0.255313279696614615E+02    0.477047158651299625E+02
    0.180958097337661447E-10    0.414128014292657696E+02    0.242915282680909215E+02    0.462742801683789864E+02
    0.182579736162900685E-10    0.413929584491771791E+02    0.234982070882586491E+02    0.453729918042702423E+02
    0.184828271500082580E-10    0.413664781617214032E+02    0.214064257360516201E+02    0.430115383267592506E+02
    0.189140196195324868E-10    0.413183553875724883E+02    0.240486918478611500E+02    0.457716618395174279E+02
    0.189376872332820617E-10    0.413138542991089395E+02    0.212151503091938523E+02    0.426017505781970058E+02
    0.191221598001222229E-10    0.412924665163600793E+02    0.217830814913003827E+02    0.432786285968056603E+02
    0.195441580828997864E-10    0.412468093943884142E+02    0.232052525498767785E+02    0.446870521515453873E+02
    0.199017146330877300E-10    0.412085504583915707E+02    0.265494102379059953E+02    0.482346353904124854E+02
    0.199728922699263324E-10    0.411994103039960748E+02    0.230739512276786769E+02    0.444237018988652181E+02
    0.199892416199548714E-10    0.411957738197197116E+02    0.255007165321884628E+02    0.470250328334966312E+02
    0.201031688778351761E-10    0.411824073228577205E+02    0.252472086995058831E+02    0.467112156051867089E+02
    0.201942727226499125E-10    0.411713641681151898E+02    0.241776016117140706E+02    0.455316587847988856E+02
    0.202072814239734308E-10    0.411680762273864573E+02    0.257965492679377491E+02    0.472799494400511904E+02
    0.204000380560536596E-10    0.411470887066800088E+02    0.227549433015666835E+02    0.439479521524755370E+02
    0.204725611550497196E-10    0.411379912206861604E+02    0.206508599973084692E+02    0.413489843133939345E+02
    0.204651878461803812E-10    0.411367116617586461E+02    0.238623236838516171E+02    0.451024731849714513E+02
    0.208149065151095159E-10    0.411008234605426850E+02    0.234034682922808557E+02    0.445239427374536163E+02
    0.208208373440417107E-10    0.410982536780986578E+02    0.200928893085056650E+02    0.404596788904984166E+02
    0.209772114751909253E-10    0.410812888780534280E+02    0.207615529534718988E+02    0.413636606253223960E+02
    0.211561833765575318E-10    0.410622977973751091E+02    0.267374750029440342E+02    0.480499929658874834E+02
    0.211807682762862011E-10    0.410579750129956906E+02    0.236107131668811334E+02    0.446362874630904614E+02
    0.212564334908399462E-10    0.410488430352418376E+02    0.224082014129068625E+02    0.433277884270623801E+02
    0.214752921387428452E-10    0.410263560964733287E+02    0.248444547188477003E+02    0.458728609412618482E+02
    0.214792245304504647E-10    0.410239899052530745E+02    0.212645066077808238E+02    0.419350180544587161E+02
    0.219740976485957976E-10    0.409764334791762010E+02    0.233671409629362792E+02    0.441636776566537819E+02
    0.220732772678304479E-10    0.409654268323977888E+02    0.223020594829894279E+02    0.429981970707811740E+02
    0.220543274461003890E-10    0.409651445619700993E+02    0.211022046508122827E+02    0.415553086047647540E+02
    0.223828006761899929E-10    0.409335765654121175E+02    0.219370003867582462E+02    0.425262152523350920E+02
    0.224470947534755404E-10    0.409258398470236813E+02    0.256474327277128786E+02    0.464753898335463802E+02
    0.224992304007422895E-10    0.409192000309345048E+02    0.250795186377675101E+02    0.458482484637932330E+02
    0.226591798005713531E-10    0.409030321213024024E+02    0.240616631155939196E+02    0.447185306310445583E+02
    0.240735128729884714E-10    0.407799378689946792E+02    0.222455548170913922E+02    0.424637885943065854E+02
    0.241090408613560348E-10    0.407749884201128907E+02    0.240753841479906150E+02    0.444043180028887079E+02
    0.241248080183355825E-10    0.407716808605539427E+02    0.238282996488322851E+02    0.441299663309658072E+02
    0.245372942699142993E-10    0.407357738888539416E+02    0.228728895761565632E+02    0.430222745955170609E+02
    0.245489095941552121E-10    0.407328273642874166E+02    0.237065839847230713E+02    0.439027044548121026E+02
    0.246409298010340521E-10    0.407233444925923962E+02    0.180885976461007800E+02    0.367757694757423792E+02
    0.247461221168120154E-10    0.407128246501827462E+02    0.234028817157310449E+02    0.435356617554766814E+02
    0.247649487808297992E-10    0.407093036437020785E+02    0.225369648494155008E+02    0.425947078091765050E+02
    0.248939853736396385E-10    0.406969097932962569E+02    0.237805521669932070E+02    0.438897473905263595E+02
    0.249602191859860199E-10    0.406895955894574257E+02    0.230841582256922493E+02    0.431311770166128383E+02
    0.250208461291005970E-10    0.406827435942095406E+02    0.190798106548008946E+02    0.380886009155611163E+02
    0.251379950145390492E-10    0.406714013450046394E+02    0.219391170598395284E+02    0.418692746894872627E+02
    0.256742187442280929E-10    0.406271875859733882E+02    0.236306133341742282E+02    0.435602137600276862E+02
    0.259100830463681330E-10    0.406068978398526212E+02    0.230400277781710763E+02    0.428703666264724319E+02
    0.261145248962811499E-10    0.405891789014207944E+02    0.239008312708329669E+02    0.437461540263999282E+02
    0.262446330462469898E-10    0.405772392138568776E+02    0.250325196311507518E+02    0.449116299605096359E+02
    0.262268434425913873E-10    0.405765953490776212E+02    0.232160575731474310E+02    0.429812506985607712E+02
    0.264423873666103244E-10    0.405582256300583595E+02    0.242885665290371904E+02    0.440713448149840445E+02
    0.264360339818496600E-10    0.405567062332706740E+02    0.217937789717459509E+02    0.414246591921426486E+02
    0.266717441782406574E-10    0.405369527702328227E+02    0.246647038017891127E+02    0.444206829047474443E+02
    0.267493702933770489E-10    0.405291403741015657E+02    0.222048708683722467E+02    0.418021311438849139E+02
    0.268954058191520742E-10    0.405162512701026785E+02    0.211453442256553146E+02    0.404882500181892553E+02
    0.269324255207266020E-10    0.405115002986077997E+02    0.236771370506426742E+02    0.433108374030790841E+02
    0.274602898269604179E-10    0.404706803297656421E+02    0.211459002811227812E+02    0.403757145702737787E+02
    0.274639307825477805E-10    0.404684151676529211E+02    0.200317163178967128E+02    0.388547137017525372E+02
    0.279834020911424911E-10    0.404289391354602685E+02    0.244038803463488279E+02    0.438653414952528635E+02
    0.279879330184977335E-10    0.404266153320450954E+02    0.216610621508622714E+02    0.409497002454448378E+02
    0.285438923740396801E-10    0.403852762676380692E+02    0.236933734844257096E+02    0.430009462626511336E+02
    0.287988521035913434E-10    0.403654911816956457E+02    0.229388143568490719E+02    0.421440915376994951E+02
    0.289700174601640463E-10    0.403516394104039691E+02    0.248822548465936357E+02    0.441726555590379064E+02
    0.292416413964159926E-10    0.403309747021337088E+02    0.219890576324625400E+02    0.410657431225818783E+02
    0.295322041850306543E-10    0.403091995689634004E+02    0.211314281336724754E+02    0.399534573328987435E+02
    0.297825725743283252E-10    0.402903154203632141E+02    0.235443721950177540E+02    0.425970988153036743E+02
    0.302032655533823377E-10    0.402602621404788721E+02    0.237629136760532127E+02    0.427534254750800287E+02
    0.308690167122789051E-10    0.402146562684167250E+02    0.209750678335489447E+02    0.395174271023509931E+02
    0.310059333674508271E-10    0.402038050691208682E+02    0.225995261299544055E+02    0.414103224327265522E+02
    0.311068621020453634E-10    0.401953053569336731E+02    0.224834387194099286E+02    0.412616986344634640E+02
    0.311297481041233791E-10    0.401918344540015369E+02    0.197410092446728775E+02    0.378170738887403175E+02
    0.311112428212605804E-10    0.401910237206330621E+02    0.262288645396917453E+02    0.451871678319703349E+02
    0.313115559222040637E-10    0.401761877829593246E+02    0.233293743765200361E+02    0.420857863415944777E+02
    0.317244836140056652E-10    0.401479847663109553E+02    0.209091008953377653E+02    0.392740747783492594E+02
    0.318655428330706820E-10    0.401371117113169191E+02    0.209106152989025418E+02    0.392505089475316424E+02
    0.320517157991788199E-10    0.401234608053432780E+02    0.228525507370776069E+02    0.414826254646822221E+02
    0.320795956931417840E-10    0.401197218796876740E+02    0.239512260402278798E+02    0.425929075769367884E+02
    0.320500577273412462E-10    0.401195642703019786E+02    0.220443916452576900E+02    0.405936636171150340E+02
    0.320364883621468343E-10    0.401184112103371220E+02    0.226620755221306354E+02    0.412613869663496118E+02
    0.322616248005536370E-10    0.401024053649145813E+02    0.205097193717800295E+02    0.386302940527266614E+02
    0.329139188133953884E-10    0.400603709742788610E+02    0.234742297205521950E+02    0.419555648911585592E+02
    0.330260552733146256E-10    0.400515686320230273E+02    0.187444307404596273E+02    0.361036843854508263E+02
    0.333817521272201475E-10    0.400281434249898780E+02    0.246272578430354763E+02    0.430808635491585648E+02
    0.336171376712533296E-10    0.400120902660070286E+02    0.249146538208642099E+02    0.433495586774031736E+02
    0.339858009088235547E-10    0.399882766052427101E+02    0.218693859234651917E+02    0.400776063452546438E+02
    0.343814113680205600E-10    0.399631301371228886E+02    0.250009925590841959E+02    0.433151123731780530E+02
    0.344417661671995208E-10    0.399576223179950105E+02    0.219778464981010906E+02    0.401172763532104710E+02
    0.348565724133354522E-10    0.399316788175368487E+02    0.226741858644305623E+02    0.407995832051141392E+02
    0.352948546353560899E-10    0.399046878548083797E+02    0.236680162015728826E+02    0.417842730261374200E+02
    0.352819633407636083E-10    0.399034184796852429E+02    0.240990077339294686E+02    0.422066106880231970E+02
    0.359196604039094315E-10    0.398655926610521050E+02    0.243295772649352493E+02    0.423469409621889952E+02
    0.360440037277637033E-10    0.398566812037716645E+02    0.213288237000822036E+02    0.391399318917942622E+02
    0.362197880457631462E-10    0.398449510381987650E+02    0.260787299057686823E+02    0.441359205874692719E+02
    0.364683066249241371E-10    0.398292750958792041E+02    0.231357715767067980E+02    0.410418888824648747E+02
    0.364366882480820252E-10    0.398290098674887147E+02    0.248922794420048383E+02    0.428483963503272278E+02
    0.371750369497998099E-10    0.397868872667864792E+02    0.247083385196365590E+02    0.425427987870498185E+02
    0.378734081895932509E-10    0.397476637694648147E+02    0.234824851600705031E+02    0.412124736795262336E+02
    0.378876569521490968E-10    0.397449114694438492E+02    0.267450802997734591E+02    0.445813129292170700E+02
    0.378592807523952168E-10    0.397444099432800044E+02    0.237986915935871366E+02    0.415437164116345699E+02
    0.379396396191323118E-10    0.397381693078488496E+02    0.250288032123388398E+02    0.427592639215281025E+02
    0.381272722161753980E-10    0.397263025748335394E+02    0.236658314416287858E+02    0.413583871424155447E+02
    0.386218236741448552E-10    0.396985272456367184E+02    0.215714313861661218E+02    0.390782056119931482E+02
    0.388724857056625497E-10    0.396835888553100702E+02    0.238360125009353574E+02    0.414352093903847276E+02
    0.389546381545460641E-10    0.396773665494959005E+02    0.238794587873301403E+02    0.414668041639562333E+02
    0.391996337951771360E-10    0.396628274297764563E+02    0.237537771042786403E+02    0.412920699943940264E+02
    0.394167717827394375E-10    0.396497794283765401E+02    0.216920605946842855E+02    0.390894416573500436E+02
    0.396032094580054803E-10    0.396383419155710612E+02    0.215817491666359125E+02    0.389467096735353735E+02
    0.403643078440270585E-10    0.395982703888204810E+02    0.234226930600566625E+02    0.407661602887255512E+02
    0.404289719001278647E-10    0.395930689309709649E+02    0.209669839663083870E+02    0.380584993578783681E+02
    0.408449900205787120E-10    0.395705938984232120E+02    0.227549050134630129E+02    0.399854316635232792E+02
    0.410730334785721673E-10    0.395574586665249939E+02    0.212203665877183596E+02    0.383021773052826404E+02
    0.412064492519742373E-10    0.395489726806679371E+02    0.228853556382007284E+02    0.400655164134948691E+02
    0.412527338172119429E-10    0.395447274694797741E+02    0.230719954378332410E+02    0.402551222690270620E+02
    0.414820515716881702E-10    0.395316405564894495E+02    0.242336019980077353E+02    0.414732359384190659E+02
    0.414595377667383402E-10    0.395307263232649433E+02    0.219009252345754675E+02    0.390266707688674259E+02
    0.416740372479830421E-10    0.395184055854785896E+02    0.214830025426374149E+02    0.385498232064349224E+02
    0.418249601193937353E-10    0.395091756526401028E+02    0.207813856854937313E+02    0.376013179616506363E+02
    0.418211741070831734E-10    0.395073567016436300E+02    0.212269237209939625E+02    0.381962008430467606E+02
    0.422333479623642446E-10    0.394857419492727857E+02    0.241472901327748737E+02    0.412684436906587919E+02
    0.427591091069112061E-10    0.394589977369444611E+02    0.240740730324769068E+02    0.411196710098042715E+02
    0.427209870089683794E-10    0.394587816423073363E+02    0.247287054918659273E+02    0.417798445478629645E+02
    0.431014899105726178E-10    0.394390471089563306E+02    0.260417265988639564E+02    0.430673340420493389E+02
    0.432580136191285305E-10    0.394297972349504633E+02    0.208396855531405194E+02    0.374919658068624315E+02
    0.438288876026043488E-10    0.394015759707800157E+02    0.239170168811634376E+02    0.408013694820651764E+02
    0.442600992701851214E-10    0.393799950843474846E+02    0.233051539130913845E+02    0.400947201809392055E+02
    0.444395972826167742E-10    0.393699004339963352E+02    0.236077168625821479E+02    0.403895768236959114E+02
    0.449675954626359017E-10    0.393442779802765443E+02    0.201324721266734237E+02    0.363526467355019207E+02
    0.454323917421480440E-10    0.393217115890782338E+02    0.233399157901206493E+02    0.399981588867994375E+02
    0.455274720189726778E-10    0.393155303905793332E+02    0.202476540739062685E+02    0.364449935324603373E+02
    0.455236208793785113E-10    0.393136995764496007E+02    0.254316692136411859E+02    0.421291035576571815E+02
    0.455001702814895035E-10    0.393127301025620355E+02    0.216184009555658392E+02    0.382342647994463647E+02
    0.455332449155683719E-10    0.393092768060790689E+02    0.192185031250171754E+02    0.350382864782282510E+02
    0.456036906622027872E-10    0.393041849417227738E+02    0.213525686167555691E+02    0.378927209197125165E+02
    0.455864535730557636E-10    0.393029410361229736E+02    0.256090054333717880E+02    0.422805031247636833E+02
    0.458851918099720364E-10    0.392878773463727384E+02    0.195146060815186502E+02    0.354096513159340134E+02
    0.459643270736237135E-10    0.392824310448921494E+02    0.230863859560598996E+02    0.396677395167232092E+02
    0.461414753382650039E-10    0.392727377843837075E+02    0.264276902474159350E+02    0.430469736194749544E+02
    0.462508359742885121E-10    0.392660031615327796E+02    0.247768920525243566E+02    0.413836818128152899E+02
    0.474000583126868670E-10    0.392149153215109436E+02    0.243825871048574356E+02    0.408298289674465806E+02
    0.473840191860446252E-10    0.392135921916021744E+02    0.209515284408433686E+02    0.371515870124315910E+02
    0.473461970478307029E-10    0.392131892381087823E+02    0.237460946387289376E+02    0.401500249899780215E+02
    0.478038842675323618E-10    0.391919484453164415E+02    0.239096685309611985E+02    0.402642763777796944E+02
    0.478740504841449581E-10    0.391870150112127504E+02    0.201939550032759563E+02    0.360880777209437014E+02
    0.484220210384300579E-10    0.391622528585956786E+02    0.253224139516292546E+02    0.416668997448128806E+02
    0.487847711871907332E-10    0.391453258427220945E+02    0.264804730900617926E+02    0.427728377656508414E+02
    0.488025060805582098E-10    0.391425989080617569E+02    0.214646745231945104E+02    0.376630762531307326E+02
    0.488869420517906482E-10    0.391371415851317863E+02    0.238473379768350711E+02    0.400779738345232133E+02
    0.489665165122090974E-10    0.391318887832738014E+02    0.273817164121977079E+02    0.436558260945372183E+02
    0.503257818022363186E-10    0.390751272264185161E+02    0.248075026619003971E+02    0.409337307434320294E+02
    0.503875366342806648E-10    0.390706745283744326E+02    0.228548751420610543E+02    0.389340402143725228E+02
    0.509191802760887471E-10    0.390476828887832070E+02    0.184634900539728370E+02    0.334162121055607031E+02
    0.510642478435010009E-10    0.390399930363069529E+02    0.234833205964122094E+02    0.395143708941300744E+02
    0.513562530498716751E-10    0.390265888351945591E+02    0.225460407179744706E+02    0.385305239615763355E+02
    0.515914091814726654E-10    0.390154518995712820E+02    0.283486436752601172E+02    0.441556068480338482E+02
    0.518174176333657362E-10    0.390047095583719425E+02    0.265884741940663325E+02    0.425424312977812491E+02
    0.520873459266601481E-10    0.389923181618169679E+02    0.222792876123332100E+02    0.381778263796181037E+02
    0.521059575176521417E-10    0.389896036594228974E+02    0.219285962984756395E+02    0.378114628376651112E+02
    0.524890544258896430E-10    0.389729529178919520E+02    0.202993660882571270E+02    0.357567373018146029E+02
    0.530001222251246844E-10    0.389515737999946055E+02    0.251973169426908576E+02    0.410410422616182871E+02
    0.529644251022139577E-10    0.389509213119752999E+02    0.232850156012710734E+02    0.390995313310656769E+02
    0.530972671184061051E-10    0.389439113189089596E+02    0.252926593220426170E+02    0.411255368828127601E+02
    0.532473587810167841E-10    0.389362658333566145E+02    0.243120612489633388E+02    0.400786340497735978E+02
    0.542426635701829156E-10    0.388972267402697582E+02    0.244358647319432301E+02    0.401111781180558111E+02
    0.546959262584261091E-10    0.388785837745568870E+02    0.258584767871199368E+02    0.415259048115160070E+02
    0.546942441132088705E-10    0.388766452844790393E+02    0.204639048990879218E+02    0.357580351436618429E+02
    0.546463023008929104E-10    0.388763991376271250E+02    0.226569696354588146E+02    0.382989685030003386E+02
    0.559129397670345404E-10    0.388285705713617659E+02    0.201746962785528900E+02    0.352454434351569716E+02
    0.568700394954826891E-10    0.387926249277512483E+02    0.214519031394831217E+02    0.368548184951257269E+02
    0.568352968963914668E-10    0.387918471254518877E+02    0.236244388748827845E+02    0.390754351992782247E+02
    0.570964981187433761E-10    0.387806766676372376E+02    0.193681646608264515E+02    0.340399995542677587E+02
    0.572963955694696606E-10    0.387716868049717931E+02    0.229582826908525881E+02    0.383671252187993304E+02
    0.576554637459519765E-10    0.387571922060517906E+02    0.256985392101112424E+02    0.410862434416527904E+02
    0.586772045847674883E-10    0.387200596116751328E+02    0.244191765825043987E+02    0.396989846043019483E+02
    0.599533723066897929E-10    0.386750279756032569E+02    0.163024585919904546E+02    0.287984024295877461E+02
    0.600728411772278383E-10    0.386690465483291916E+02    0.272600460018369972E+02    0.424033916599843153E+02
    0.601121487852003424E-10    0.386657383114391280E+02    0.239504226856170668E+02    0.391154403601608678E+02
    0.600820691796224377E-10    0.386647393448237366E+02    0.205215520244467484E+02    0.353418698281728396E+02
    0.613100737472963586E-10    0.386222739100962471E+02    0.228754903664127021E+02    0.379372837204039399E+02
    0.619432021892633525E-10    0.385997264964559008E+02    0.211956275608656881E+02    0.360932783918584477E+02
    0.624539652546301511E-10    0.385813027805106330E+02    0.196420743542029079E+02    0.339748841772869099E+02
    0.629366613573690852E-10    0.385639045485964047E+02    0.216296146923095627E+02    0.365502117573445986E+02
    0.631686275984112278E-10    0.385545466810686719E+02    0.243767345332735736E+02    0.392954868429472626E+02
    0.631585412136726261E-10    0.385528660544816120E+02    0.271650219236233212E+02    0.420272066914787530E+02
    0.631835815188575706E-10    0.385500732767453442E+02    0.249515341774124728E+02    0.398296952936174407E+02
    0.642841065887148869E-10    0.385135373898097271E+02    0.231828918291574517E+02    0.380015803871155669E+02
    0.644813588075117846E-10    0.385054098967747791E+02    0.241225845873241305E+02    0.389115163784430109E+02
    0.646919459607270903E-10    0.384968888175112909E+02    0.217199486807991065E+02    0.364946836636869065E+02
    0.658496413555186377E-10    0.384594142757844111E+02    0.218509911346176864E+02    0.365453634533353124E+02
    0.657948318754438774E-10    0.384590796547219256E+02    0.199951289448799621E+02    0.341734028105227168E+02
    0.661678998214499810E-10    0.384457713425914207E+02    0.235368795030474054E+02    0.382082481548491586E+02
    0.663802461497315114E-10    0.384373632104101191E+02    0.249679807181216269E+02    0.395967219723237633E+02
    0.667503491776904317E-10    0.384242431825762552E+02    0.241520809380984929E+02    0.387489279617952889E+02
    0.673661239346480989E-10    0.384038776807208180E+02    0.213525332564368782E+02    0.358647465844348616E+02
    0.681573186135843318E-10    0.383785251550468161E+02    0.234893084452514564E+02    0.380036225110257391E+02
    0.684343601581181586E-10    0.383684121593820677E+02    0.198478625065318077E+02    0.337922420108060351E+02
    0.687960529757377720E-10    0.383558694918526584E+02    0.234215169909559364E+02    0.378814951280242127E+02
    0.690378005564818132E-10    0.383468538618768093E+02    0.213157707101021785E+02    0.356918405576897371E+02
    0.693494394775068277E-10    0.383358461109382773E+02    0.261748087341472626E+02    0.405340047580080594E+02
    0.698510637236418429E-10    0.383194316108184410E+02    0.238150968135246650E+02    0.382011689258168445E+02
    0.698045042986156225E-10    0.383187651609922000E+02    0.243134625756723608E+02    0.386741927391510316E+02
    0.697872103334868247E-10    0.383172607194933761E+02    0.208955227664162706E+02    0.350728856695287234E+02
    0.702528446082702911E-10    0.383019606392855252E+02    0.223604549086249378E+02    0.366949606632963921E+02
    0.706087299260782866E-10    0.382898546589652042E+02    0.241251671503659999E+02    0.384377668900974641E+02
    0.714699681512259552E-10    0.382636075681476271E+02    0.236523200985727975E+02    0.379044926255328036E+02
    0.715313610126275854E-10    0.382598903011674309E+02    0.231926665056982948E+02    0.374286180997810476E+02
    0.718499840583218488E-10    0.382490014580613078E+02    0.231942137697193758E+02    0.374053220712112449E+02
    0.720635522344028778E-10    0.382410654401338377E+02    0.213485522623765647E+02    0.354965600650966735E+02
    0.726742950753981693E-10    0.382221867459365043E+02    0.233105212797726367E+02    0.374615514531893155E+02
    0.728062599824406920E-10    0.382165583588112128E+02    0.247338777620432317E+02    0.388578443381797527E+02
    0.727990488278943690E-10    0.382147564602296796E+02    0.231077597775909389E+02    0.372398076957036182E+02
    0.735375257209645714E-10    0.381925705794481729E+02    0.219082678703022751E+02    0.360155381303850888E+02
    0.734687396144042021E-10    0.381924422306031914E+02    0.218205031934772329E+02    0.359261185101544385E+02
    0.751684743658148439E-10    0.381446984009662131E+02    0.224891795517290127E+02    0.364989539820229822E+02
    0.756756888801457331E-10    0.381292483233490174E+02    0.219476213034879706E+02    0.359156694328281603E+02
    0.757962511896868351E-10    0.381240645697127007E+02    0.246042401107228059E+02    0.385288111934457405E+02
    0.759829571157694454E-10    0.381171441060380616E+02    0.224679122649696694E+02    0.364173481055852690E+02
    0.763078805649670566E-10    0.381066098055594367E+02    0.189178053666019288E+02    0.320010056315175007E+02
    0.767057872281071291E-10    0.380942079227519415E+02    0.256480365161353738E+02    0.394825991770554268E+02
    0.789312481720801687E-10    0.380350078448543982E+02    0.201129774246541118E+02    0.334146258544140764E+02
    0.799859665581905222E-10    0.380064598368348925E+02    0.267831414857664640E+02    0.403772403485027951E+02
    0.807475751240482390E-10    0.379855063749056825E+02    0.223677514014210495E+02    0.360244974257176480E+02
    0.810172057728216153E-10    0.379768391412351818E+02    0.224933145919317994E+02    0.361328369835033385E+02
    0.813599474598384194E-10    0.379663960274298944E+02    0.231620258822390070E+02    0.367458564018343594E+02
    0.814539723266481625E-10    0.379620860313955859E+02    0.239754218998800006E+02    0.375379717418774774E+02
    0.816204182911509485E-10    0.379560033297114714E+02    0.216068615635984891E+02    0.351909526846244916E+02
    0.821869342080244503E-10    0.379401695629874851E+02    0.248891041939222433E+02    0.384000038789293967E+02
    0.829768376891793410E-10    0.379190392296319843E+02    0.239053650722902233E+02    0.373685359302507791E+02
    0.830258331780109755E-10    0.379158586344042305E+02    0.212692028710203260E+02    0.346818817567890392E+02
    0.833130719042299565E-10    0.379069513143979435E+02    0.239652318840751342E+02    0.374012750374940453E+02
    0.862445690600275392E-10    0.378357880663445272E+02    0.233810642304553475E+02    0.366773537407451329E+02
    0.862371281866329494E-10    0.378339606266454851E+02    0.203379855898395405E+02    0.332562007655558887E+02
    0.866788173682096401E-10    0.378217431735170706E+02    0.229677609832023180E+02    0.362709988913294907E+02
    0.876550694991596343E-10    0.377973433440082545E+02    0.236282144408360644E+02    0.368289928580780384E+02
    0.878433392620908965E-10    0.377910522547275392E+02    0.237891579577705947E+02    0.369671911313399306E+02
    0.881203493616658298E-10    0.377827552662846173E+02    0.257366396186131396E+02    0.388610587063390440E+02
    0.883053501769285506E-10    0.377765608460033491E+02    0.222934190854834782E+02    0.354872467221152306E+02
    0.890969272126042854E-10    0.377567125455016495E+02    0.203985216013962543E+02    0.331748367807886311E+02
    0.896792273823860232E-10    0.377416839124532544E+02    0.225469076609725292E+02    0.356658744172191575E+02
    0.924230707028849421E-10    0.376794089785350295E+02    0.252364674386833023E+02    0.381631779782670009E+02
    0.923760384588509886E-10    0.376784269974046282E+02    0.257541664986965131E+02    0.386417165256477801E+02
    0.930314754554667053E-10    0.376622864760602596E+02    0.228012268557562940E+02    0.357477547960725417E+02
    0.942226826091031772E-10    0.376348403501119293E+02    0.201317309883228361E+02    0.325908231644211028E+02
    0.947230258955204961E-10    0.376222480067365694E+02    0.276343051888699307E+02    0.402620813063154799E+02
    0.952986870402761813E-10    0.376081301724759314E+02    0.191420703290697674E+02    0.311338572042879136E+02
    0.981308033655738607E-10    0.375475596054968648E+02    0.211041136752893124E+02    0.336734913666175188E+02
    0.981263556247395159E-10    0.375456502567801849E+02    0.227535047050976367E+02    0.354416664352243203E+02
    0.986275462680240490E-10    0.375334610463503182E+02    0.279005267348809483E+02    0.402677238947050924E+02
    0.994971350883929850E-10    0.375139045380253506E+02    0.243119742054873313E+02    0.368744814968758376E+02
    0.999560412321630042E-10    0.375027012360369909E+02    0.235195186599798873E+02    0.361221191626681701E+02
    0.100175626980724830E-09    0.374963124086487340E+02    0.228874728991894649E+02    0.354675604615506543E+02
    0.100807750711038527E-09    0.374817317500508764E+02    0.221208628288234408E+02    0.346662943031743254E+02
    0.101069049846458890E-09    0.374745543491682369E+02    0.242278476109759637E+02    0.367121300656328913E+02
    0.101438287921871429E-09    0.374652610137530147E+02    0.243673440653734517E+02    0.368237400672353772E+02
    0.101344155539426925E-09    0.374651178291183768E+02    0.233510615628386944E+02    0.358672771434488311E+02
    0.104197311990692873E-09    0.374075895746582034E+02    0.235480951694443625E+02    0.359391096660476563E+02
    0.104112613692721931E-09    0.374072159648046068E+02    0.222301170265493688E+02    0.346210931231398220E+02
    0.105172847365801025E-09    0.373849519151604284E+02    0.221902380978710454E+02    0.345392546585574465E+02
    0.106278402260272317E-09    0.373620380644166232E+02    0.225395416198429750E+02    0.348216492285229151E+02
    0.106458308691603906E-09    0.373566553577193474E+02    0.240025678443674835E+02    0.362788139548589683E+02
    0.107145451307820470E-09    0.373417877005858969E+02    0.240843786612153288E+02    0.363212076536198580E+02
    0.107215601286880757E-09    0.373384786944821556E+02    0.233267184850605567E+02    0.355606375852833239E+02
    0.107323548197907540E-09    0.373344660656376064E+02    0.273251823284817021E+02    0.393726744565213593E+02
    0.108735844551575299E-09    0.373063192464552671E+02    0.260656761372325079E+02    0.381293503585066986E+02
    0.109068304421666401E-09    0.372982135752847697E+02    0.242352366658061626E+02    0.363674486450285031E+02
    0.109269732532468389E-09    0.372925233677375871E+02    0.220286179871417040E+02    0.341803761781475473E+02
    0.111401593906902890E-09    0.372518789686578629E+02    0.236725169786029888E+02    0.357177601805313785E+02
    0.113842837994772155E-09    0.372065244730607319E+02    0.218526552656689148E+02    0.338207079898545615E+02
    0.113886260026422443E-09    0.372037617768123781E+02    0.244196771218271991E+02    0.363424872853428909E+02
    0.117007375366118031E-09    0.371476882991059227E+02    0.230572061472691843E+02    0.348677621540845095E+02
    0.116954403226124745E-09    0.371465939537169163E+02    0.236751102204267241E+02    0.354862652001447429E+02
    0.116955506392228993E-09    0.371445750889137756E+02    0.238530565931158414E+02    0.356610737979132395E+02
    0.116941451748457681E-09    0.371428154450757333E+02    0.261173998251655455E+02    0.378149004733448990E+02
    0.119959707128661906E-09    0.370898504144232888E+02    0.276757132960850818E+02    0.390978101787951431E+02
    0.121737413322904205E-09    0.370584294887882635E+02    0.255897761865508571E+02    0.371112312394485926E+02
    0.122751212545300586E-09    0.370398429497719306E+02    0.230541035656665017E+02    0.346532833223616734E+02
    0.123410882490260587E-09    0.370271236467208738E+02    0.239595949629702005E+02    0.355073004719483833E+02
    0.126002679793640099E-09    0.369835558895048209E+02    0.214566810262914984E+02    0.329488308860400849E+02
    0.126210930833420970E-09    0.369782531163263357E+02    0.270302242696496116E+02    0.383147961611342183E+02
    0.126324939264878016E-09    0.369744472985760524E+02    0.246309186846245396E+02    0.360697823374842272E+02
    0.126617711949312927E-09    0.369678174298880151E+02    0.184813962486708760E+02    0.287135868367536347E+02
    0.129018654908920503E-09    0.369282482281555602E+02    0.235606421625827380E+02    0.348932885824003733E+02
    0.128974914935038090E-09    0.369269263841936777E+02    0.231978386824322627E+02    0.345631182022002363E+02
    0.129453034456475727E-09    0.369175259452228062E+02    0.254325256265247823E+02    0.366634217108796037E+02
    0.130278976174706664E-09    0.369028059959138659E+02    0.264741081152172804E+02    0.376163725536816855E+02
    0.130591052520056333E-09    0.368960208315040887E+02    0.200980859772245601E+02    0.309387613995882234E+02
    0.132383508044367352E-09    0.368667560910703642E+02    0.247483526687176472E+02    0.359472223405336280E+02
    0.133790748116489781E-09    0.368436082429786111E+02    0.213086853548532922E+02    0.324758768437253380E+02
    0.133964049471607307E-09    0.368390192865023138E+02    0.229370485143689820E+02    0.341137718619931007E+02
    0.134645358448590816E-09    0.368268735444997972E+02    0.234684622280419717E+02    0.346132502509016646E+02
    0.134991334235628677E-09    0.368197410683006012E+02    0.250649870478192121E+02    0.361468015757091194E+02
    0.135261558433596769E-09    0.368137414916765238E+02    0.247119465123227222E+02    0.357910673119673888E+02
    0.135181176343267054E-09    0.368129303879914858E+02    0.245067008865577236E+02    0.355811751184573808E+02
    0.135625100126944323E-09    0.368043733142471510E+02    0.240249739410403542E+02    0.350780497474404456E+02
    0.135796170065370647E-09    0.367998522154259646E+02    0.233637996627715196E+02    0.344552996418586019E+02
    0.136838576295298872E-09    0.367825583275637413E+02    0.217126195793076313E+02    0.328160183982486231E+02
    0.136878376394591560E-09    0.367799767033832765E+02    0.242262536226490326E+02    0.352260130215515304E+02
    0.137313923464073099E-09    0.367716228059756176E+02    0.239882863698922968E+02    0.349742689172902246E+02
    0.137684337104590655E-09    0.367642349338666818E+02    0.225090962562166297E+02    0.335466242782752460E+02
    0.138523550244171333E-09    0.367500815412891697E+02    0.214229348665428674E+02    0.324301174521436408E+02
    0.140004082207165806E-09    0.367268190777487860E+02    0.242186540824001071E+02    0.350999967647711841E+02
    0.140119973996748716E-09    0.367231642138607555E+02    0.252140440206551197E+02    0.360853538352906114E+02
    0.141493890308729037E-09    0.367016491631206279E+02    0.217620235668107433E+02    0.326994126578014814E+02
    0.141444844602061660E-09    0.367003425387685454E+02    0.234816366593893804E+02    0.343584359831307609E+02
    0.141586074474673608E-09    0.366963465747261495E+02    0.217846656431052139E+02    0.327109257709624757E+02
    0.142326774079906087E-09    0.366839109598605901E+02    0.236439356648979064E+02    0.344849546303035908E+02
    0.143923250359943050E-09    0.366596018916058100E+02    0.214314708856323648E+02    0.322578068510488549E+02
    0.144837945699424180E-09    0.366449312362499811E+02    0.216865951696000963E+02    0.325088764496906322E+02
    0.145526040795060804E-09    0.366334521490944880E+02    0.233670189672787671E+02    0.340997374933439232E+02
    0.145718235593621809E-09    0.366288125116211347E+02    0.213373022447576126E+02    0.320774580036744013E+02
    0.146397951908121573E-09    0.366175050159009388E+02    0.220120265321364812E+02    0.327740886408499392E+02
    0.146784587614821146E-09    0.366102299960247706E+02    0.246013569064473749E+02    0.352246293221068854E+02
    0.147366643971384106E-09    0.366003149230453104E+02    0.232761809916702944E+02    0.339375444765421364E+02
    0.147798017936852492E-09    0.365924690433955178E+02    0.226143251123957718E+02    0.333175807769333971E+02
    0.148047712551971489E-09    0.365870930315262157E+02    0.226764163602631896E+02    0.333633866861440325E+02
    0.149148557296161741E-09    0.365702765632111664E+02    0.238324100261031937E+02    0.344277239914269302E+02
    0.149495457358918096E-09    0.365636302257424290E+02    0.191575531225712368E+02    0.288576286747456408E+02
    0.151744397128901890E-09    0.365317672242875773E+02    0.232173601038349204E+02    0.337424960584247557E+02
    0.152113175970592802E-09    0.365249125942845296E+02    0.230121450001227821E+02    0.335450220022240444E+02
    0.156690638490715952E-09    0.364636154274148581E+02    0.193746394181411823E+02    0.289769836070627385E+02
    0.157134538756713277E-09    0.364559574930714589E+02    0.224114246813883859E+02    0.328373234723000778E+02
    0.158211769869326856E-09    0.364402933368935891E+02    0.232426531815073183E+02    0.335914114514122417E+02
    0.158215053609877711E-09    0.364382518266257236E+02    0.192376480033655177E+02    0.287045949790808272E+02
    0.158280717547543794E-09    0.364354219395361056E+02    0.235989013542434662E+02    0.339030844463457299E+02
    0.158489854631700198E-09    0.364307810740906248E+02    0.231203945252868621E+02    0.334641950398054178E+02
    0.159885673774228574E-09    0.364112441975261021E+02    0.279777037371456530E+02    0.378366056161035687E+02
    0.159969744208606755E-09    0.364081928420500915E+02    0.200802319365652160E+02    0.299444153877517607E+02
    0.162254753877933474E-09    0.363778269296327110E+02    0.197659627191051861E+02    0.294220363701193257E+02
    0.162202516205993820E-09    0.363764709302725819E+02    0.206353809716955290E+02    0.306119014970787724E+02
    0.162549332998981734E-09    0.363701991525975572E+02    0.224343826259807990E+02    0.326838897250264395E+02
    0.164569028097795329E-09    0.363435020275967915E+02    0.229988745789067508E+02    0.331864572922137739E+02
    0.166416071543290797E-09    0.363191800243284106E+02    0.227584795019857964E+02    0.328990663211832697E+02
    0.167300588214252713E-09    0.363065779915392000E+02    0.218108608841500811E+02    0.319485982169805816E+02
    0.167532071941706588E-09    0.363018126249322322E+02    0.237943972146856844E+02    0.338237809632228235E+02
    0.168806870871712630E-09    0.362846516682628604E+02    0.201504513987720841E+02    0.297917073154894751E+02
    0.170085534509868777E-09    0.362675593299796333E+02    0.229191964795283241E+02    0.329515936622430914E+02
    0.170678017562169610E-09    0.362586045527361662E+02    0.204758245958774943E+02    0.301658299979485456E+02
    0.172113475274882803E-09    0.362398542408604456E+02    0.234903374790116821E+02    0.334335585293899342E+02
    0.172883812646499996E-09    0.362289227080186009E+02    0.175443925160349394E+02    0.232021455425253258E+02
    0.173012796563390354E-09    0.362254311186888813E+02    0.243656470205421627E+02    0.342130311786110113E+02
    0.174636848191370839E-09    0.362047449101271681E+02    0.247244272516060697E+02    0.345261459907240393E+02
    0.176403444386300381E-09    0.361826149005993329E+02    0.206551363810882549E+02    0.302497462977910629E+02
    0.176256450782240975E-09    0.361822821569512740E+02    0.226319028301717680E+02    0.324923161737903712E+02
    0.176657762612217259E-09    0.361757336067630177E+02    0.202852082383537287E+02    0.297520463850609325E+02
    0.180273578760692325E-09    0.361332110812775866E+02    0.213141707853248228E+02    0.310246896327072115E+02
    0.183320226175632527E-09    0.360976932525320606E+02    0.249861023787894894E+02    0.345546380384456882E+02
    0.183990934657021275E-09    0.360883892629085707E+02    0.201248455521640395E+02    0.293125074907936245E+02
    0.185824138718492139E-09    0.360665607679742450E+02    0.215339197896623702E+02    0.311824262606571878E+02
    0.186452909181089125E-09    0.360578048203375943E+02    0.236864888103781404E+02    0.332645341013081932E+02
    0.187906349344703538E-09    0.360402748454971373E+02    0.211207539761819802E+02    0.305795763967330139E+02
    0.189038842431600268E-09    0.360262572204517397E+02    0.252148620470709588E+02    0.346218840742479230E+02
    0.189507209185765157E-09    0.360193081053714437E+02    0.234696321956413883E+02    0.329834399965425078E+02
    0.189916874008979841E-09    0.360129892969399208E+02    0.224769535578280895E+02    0.320139753954691031E+02
    0.191459585967251361E-09    0.359948087453359662E+02    0.249324762516218073E+02    0.342772162030131966E+02
    0.191491826718944815E-09    0.359924719845804262E+02    0.240691805065065161E+02    0.334807181016025268E+02
    0.192011505524673839E-09    0.359850516496823545E+02    0.189692546810549061E+02    0.272899845796929661E+02
    0.192547610837688391E-09    0.359774753350144323E+02    0.236763424039259931E+02    0.331011621600840513E+02
    0.192553746756328148E-09    0.359754116019891299E+02    0.233365976126285695E+02    0.327614020501180150E+02
    0.194621564289719823E-09    0.359520482853159038E+02    0.270055314514845719E+02    0.361128064924846512E+02
    0.194730566935698010E-09    0.359489284491564192E+02    0.225110462165142629E+02    0.319170606406119930E+02
    0.196301167097843542E-09    0.359308621458715933E+02    0.237180635294498465E+02    0.330460248145093942E+02
    0.198368652785306668E-09    0.359079078747756100E+02    0.228265144371717632E+02    0.321475321598995407E+02
    0.200269995213486812E-09    0.358868293749283893E+02    0.244027939955009998E+02    0.335777574166918882E+02
    0.202420674342470402E-09    0.358634660830472072E+02    0.194469310086756622E+02    0.277358374459672063E+02
    0.209060066772839938E-09    0.357969190163622386E+02    0.211645198971680912E+02    0.301488333499921985E+02
    0.209672915301369576E-09    0.357890646987675183E+02    0.224174438307889439E+02    0.314966497203300513E+02
    0.214513077080066072E-09    0.357414208355264975E+02    0.245076727306584488E+02    0.333947860856740206E+02
    0.217285356554511162E-09    0.357137392456836622E+02    0.236673105723154933E+02    0.325463365088014953E+02
    0.220253462307841531E-09    0.356846042701781698E+02    0.245639557552168561E+02    0.333369972352501591E+02
    0.220645549891364960E-09    0.356790471046955133E+02    0.249404299995915366E+02    0.336622701748775128E+02
    0.220836131387847547E-09    0.356753203602674489E+02    0.261178984717085072E+02    0.347440671269879289E+02
    0.222450459998841196E-09    0.356587533891122774E+02    0.232028688338792364E+02    0.320120635209199449E+02
    0.222509159819786498E-09    0.356562257023859033E+02    0.249865342124385386E+02    0.336598443662094979E+02
    0.224583311959117620E-09    0.356356687625977955E+02    0.179836373254518094E+02    0.203427643005099839E+02
    0.224405595572784886E-09    0.356352520212719668E+02    0.258256757550512752E+02    0.343834810745484560E+02
    0.228057674324868439E-09    0.356009651302998620E+02    0.261337623324901109E+02    0.346113755904556513E+02
    0.227851921432478056E-09    0.356007703382469245E+02    0.241137873645236560E+02    0.327527716521117611E+02
    0.229145208421923018E-09    0.355874504383394736E+02    0.193798581823759939E+02    0.270079335066540516E+02
    0.231016351816576430E-09    0.355691852491597942E+02    0.245634846902715580E+02    0.331174845856376763E+02
    0.232427493826740720E-09    0.355550055955983169E+02    0.233982035201634098E+02    0.319936053257592050E+02
    0.233594889604970990E-09    0.355429854913150223E+02    0.253088041816572442E+02    0.337316388438317176E+02
    0.233798705038982572E-09    0.355392412188280602E+02    0.227661245741333111E+02    0.313434582090416924E+02
    0.234874048579542224E-09    0.355280634254163132E+02    0.206596939436896712E+02    0.288735392810372353E+02
    0.236632171064711613E-09    0.355111484100040613E+02    0.184513108310694172E+02    0.226297870548104285E+02
    0.237766892603967306E-09    0.354995807376356183E+02    0.191302561872669337E+02    0.263293883280608725E+02
    0.240923930451848560E-09    0.354711997545888451E+02    0.249290428322091486E+02    0.332555065109895196E+02
    0.242286504856441916E-09    0.354579203788423953E+02    0.223587993181385905E+02    0.307845321717725149E+02
    0.245174165941064912E-09    0.354322245606016963E+02    0.234310349447882302E+02    0.317737211455543260E+02
    0.245746483571418716E-09    0.354255613394460696E+02    0.242695543231646944E+02    0.325422110873335697E+02
    0.247352488912706454E-09    0.354105334394935696E+02    0.242786068122716152E+02    0.325198546101188910E+02
    0.248722162061208150E-09    0.353974893224335361E+02    0.264590138322435386E+02    0.344941511655437054E+02
    0.249650047293196747E-09    0.353880419865931586E+02    0.242467745374561439E+02    0.324451286910004200E+02
    0.249577268228238446E-09    0.353866251202736564E+02    0.213849922125196485E+02    0.296163312026479915E+02
    0.250110378222596191E-09    0.353803575727334518E+02    0.233627157205851645E+02    0.315988055572392774E+02
    0.251030328204977469E-09    0.353710147166937290E+02    0.220638185035144758E+02    0.303101323346625797E+02
    0.250807261468618988E-09    0.353707927162348383E+02    0.236642834509849145E+02    0.318795882647210860E+02
    0.253563769733235073E-09    0.353469315423041266E+02    0.229988792759165115E+02    0.312001959949097127E+02
    0.254568275796558282E-09    0.353370240908399325E+02    0.233895718074672487E+02    0.315362434896780393E+02
    0.254405410458009986E-09    0.353363040418354331E+02    0.263213293187528876E+02    0.342431746021597974E+02
    0.258476169684927959E-09    0.353025552337753226E+02    0.190213596229216506E+02    0.256728410756923502E+02
    0.258477370390257702E-09    0.353005459431506807E+02    0.236397996992689272E+02    0.317103455278955799E+02
    0.260454520554736000E-09    0.352833057178642093E+02    0.226165364675163936E+02    0.306887672271281815E+02
    0.260458692311727608E-09    0.352812736836835370E+02    0.215720551178830782E+02    0.296408180825184857E+02
    0.263502822636153443E-09    0.352560340793310445E+02    0.245704451721908441E+02    0.324859060445233609E+02
    0.269823225367637165E-09    0.352066281919334969E+02    0.247862241110324426E+02    0.325958225499298848E+02
    0.272559266416976696E-09    0.351844500755745386E+02    0.218796166548279984E+02    0.297519533498030668E+02
    0.274897445251480530E-09    0.351653660358543760E+02    0.238647029470634600E+02    0.316553006714570131E+02
    0.274770021373334635E-09    0.351642933156237945E+02    0.223904939217121033E+02    0.302194508688199761E+02
    0.274634023036077807E-09    0.351632834673448968E+02    0.231685372396236389E+02    0.310014819876323813E+02
    0.277620467749960263E-09    0.351396523253575808E+02    0.248703117238390305E+02    0.325388896238784042E+02
    0.277664512199560755E-09    0.351373350507955635E+02    0.220141446932502554E+02    0.297908839534573566E+02
    0.278656443728773357E-09    0.351282029622426109E+02    0.238838135594695373E+02    0.315975060852120109E+02
    0.284803526894469966E-09    0.350825631129227347E+02    0.226945770158974014E+02    0.303572243651609988E+02
    0.288678469996277365E-09    0.350535352229804218E+02    0.242483057045923687E+02    0.318061951023126710E+02
    0.289318241010923904E-09    0.350471077149082717E+02    0.201529334806407121E+02    0.270626389718071820E+02
    0.291158499929355460E-09    0.350324266549873542E+02    0.222445816229138522E+02    0.298086071700809505E+02
    0.292482938144925130E-09    0.350213495716781935E+02    0.225741689188173318E+02    0.301140396072458181E+02
    0.294868098173699824E-09    0.350031059763328045E+02    0.245001952350935213E+02    0.319510023686214879E+02
    0.302004953579925833E-09    0.349532753997166594E+02    0.235574511125600345E+02    0.309641981080423321E+02
    0.302023972762191823E-09    0.349511494508989955E+02    0.202711376944308412E+02    0.270272483597147186E+02
    0.302202443880751927E-09    0.349479679658209008E+02    0.267917542548343519E+02    0.339139350414095091E+02
    0.302452900697873329E-09    0.349443111090102789E+02    0.233137184592169220E+02    0.306993174253702570E+02
    0.303582249927597960E-09    0.349348570823860101E+02    0.240847321970342065E+02    0.314010405095921890E+02
    0.303834320116909506E-09    0.349311971329133613E+02    0.226187536553309485E+02    0.299763869541176255E+02
    0.307463907660686168E-09    0.349054468255692640E+02    0.242166363272762837E+02    0.314677148048279101E+02
    0.312138682242345433E-09    0.348732670725271134E+02    0.229911188823115431E+02    0.302296374032254391E+02
    0.311922763343252211E-09    0.348726510318101433E+02    0.205682636313870724E+02    0.273748096322069863E+02
    0.317361096332881818E-09    0.348360817778817236E+02    0.252871323477259971E+02    0.323316768457949593E+02
    0.317192225724502325E-09    0.348351462785722319E+02    0.226851309902619178E+02    0.298482380099083571E+02
    0.318574043744791310E-09    0.348244523905033105E+02    0.235842319980878230E+02    0.307265116312446729E+02
    0.321270288941672210E-09    0.348055966584546681E+02    0.191788012516357895E+02    0.238616213720190586E+02
    0.322871210660619996E-09    0.347936552091535987E+02    0.263239299546139307E+02    0.331976815883577814E+02
    0.327410457105699681E-09    0.347637330308157573E+02    0.247200878030744633E+02    0.316750432992980855E+02
    0.331737121974160496E-09    0.347354765313751415E+02    0.208818730954862488E+02    0.275499681754200942E+02
    0.332199691780832969E-09    0.347306897006290143E+02    0.256106655184682062E+02    0.324190829083861800E+02
    0.336653527354167250E-09    0.347020536538730937E+02    0.255629627990246959E+02    0.323233269314014322E+02
    0.346084417713885632E-09    0.346447967851004037E+02    0.229169566738097004E+02    0.296932062362231832E+02
    0.348808627615003122E-09    0.346271153856350367E+02    0.234937665574918420E+02    0.302309779372696532E+02
    0.349386914073796954E-09    0.346218023504951091E+02    0.231411130063473500E+02    0.298694801393030858E+02
    0.349208485314640738E-09    0.346208239934272299E+02    0.235824144463547754E+02    0.303063732162979740E+02
    0.355634773430953473E-09    0.345823536655427262E+02    0.231863490266138577E+02    0.298343968125841208E+02
    0.357242006959281544E-09    0.345713353538467700E+02    0.236376451331273856E+02    0.302608422550448388E+02
    0.360533396610759885E-09    0.345509930551000082E+02    0.203339266910932892E+02    0.262409283155146618E+02
    0.362022865079785655E-09    0.345407474932926561E+02    0.243967973368377784E+02    0.309566296898148821E+02
    0.365663489829643593E-09    0.345187352718135756E+02    0.237061636781277514E+02    0.302221302842465356E+02
    0.365975075570723545E-09    0.345150317762644718E+02    0.209319626000663135E+02    0.271440866883065226E+02
    0.367297584071353545E-09    0.345058174888246043E+02    0.243605291704829376E+02    0.308545095390175774E+02
    0.367716674601145992E-09    0.345015367680345335E+02    0.219773676781962202E+02    0.284845362215741034E+02
    0.368077056875578114E-09    0.344975776194970081E+02    0.211420436188837897E+02    0.274451022651339933E+02
    0.370620734071759552E-09    0.344818037201771688E+02    0.206036315853492304E+02    0.265267775463011120E+02
    0.370946113097419304E-09    0.344780486306783089E+02    0.253665040798496193E+02    0.317239565861214672E+02
    0.373439061117751124E-09    0.344626525694621577E+02    0.257238638440474894E+02    0.320149290068622392E+02
    0.375765245128647265E-09    0.344482330386797955E+02    0.239497720604200168E+02    0.303210500221732282E+02
    0.378164576288312634E-09    0.344335032636179079E+02    0.208535388012912293E+02    0.268256363041548411E+02
    0.379398909377521005E-09    0.344249858735648360E+02    0.220034973392719735E+02    0.283551685058224514E+02
    0.380987265787553348E-09    0.344146303364856649E+02    0.243174971109338856E+02    0.306224005259290202E+02
    0.380630597411725024E-09    0.344145035509630688E+02    0.210130652132092273E+02    0.270419200198802834E+02
    0.380884823929808943E-09    0.344111681793060598E+02    0.195286923695062882E+02    0.232801417068268499E+02
    0.385331963644600737E-09    0.343859518273577578E+02    0.212322940270863967E+02    0.273496294835112614E+02
    0.386775776103503946E-09    0.343764719689521527E+02    0.247808796239840419E+02    0.309912607656080716E+02
    0.392969045470282550E-09    0.343427005512414638E+02    0.254265204315706086E+02    0.315008999036233313E+02
    0.396565159154752165E-09    0.343224815125652611E+02    0.192622215252236870E+02    0.201076487171006342E+02
    0.399901703502031415E-09    0.343037246880350111E+02    0.233777735067329075E+02    0.294838718702912033E+02
    0.400886405961425625E-09    0.342968060188186428E+02    0.245047749103670576E+02    0.305677240456318948E+02
    0.406949919557396986E-09    0.342647819791603965E+02    0.248329238708302604E+02    0.308323912756986758E+02
    0.408122758699107499E-09    0.342570262227353268E+02    0.214431111487934913E+02    0.273919158655890556E+02
    0.408954124963915115E-09    0.342509562676632839E+02    0.224150606359185893E+02    0.284331925248323003E+02
    0.410604569636088815E-09    0.342409009719820787E+02    0.208605350138116208E+02    0.264206251254779154E+02
    0.415107262925984349E-09    0.342170883359298870E+02    0.218053511490828100E+02    0.277279610852520690E+02
    0.415551711036401364E-09    0.342129481163367046E+02    0.271413772612886603E+02    0.328025036932353231E+02
    0.415761531547845758E-09    0.342099385305144423E+02    0.222029187062417215E+02    0.281269948841416557E+02
    0.423560634527496825E-09    0.341707688820767359E+02    0.198417198473878607E+02    0.187507248293529756E+02
    0.425040965708908488E-09    0.341617911309973508E+02    0.241661811121722820E+02    0.299523187329075284E+02
    0.424858845182088347E-09    0.341606482698142528E+02    0.244633716444217093E+02    0.302455426068886730E+02
    0.428712175606341672E-09    0.341405906905056185E+02    0.253439056896334698E+02    0.310497486794135895E+02
    0.429353907953881763E-09    0.341355991611608331E+02    0.231048922087502717E+02    0.289258514293392395E+02
    0.429079095618227585E-09    0.341348796913543922E+02    0.248566944585512601E+02    0.305874936971774645E+02
    0.430587927761535464E-09    0.341258591419947308E+02    0.211858577247257145E+02    0.266961126181529238E+02
    0.430749930606219562E-09    0.341231068107461226E+02    0.250069826917091014E+02    0.307150032433632880E+02
    0.432760143252671881E-09    0.341117949736816897E+02    0.231018307926730628E+02    0.288735359366488495E+02
    0.433808919508103060E-09    0.341049539203251300E+02    0.243136249949532015E+02    0.299827877798588496E+02
    0.436460963568600830E-09    0.340907643578844954E+02    0.237870795829912680E+02    0.294688499152217176E+02
    0.439073986979527251E-09    0.340768263710911796E+02    0.199497892803955068E+02    0.223513307385865510E+02
    0.438708504529128353E-09    0.340764918518911415E+02    0.251941099161496744E+02    0.308018190207248139E+02
    0.440090931489361527E-09    0.340681995032897191E+02    0.215386175191041929E+02    0.271400024404861746E+02
    0.442497714142419960E-09    0.340552916420528149E+02    0.230932436672589141E+02    0.287478889363290619E+02
    0.442199574879107504E-09    0.340546396252706387E+02    0.222376525354027095E+02    0.278485915267386659E+02
    0.445842746365490585E-09    0.340362296329178449E+02    0.209763173660999733E+02    0.261615320264512796E+02
    0.449144735680522484E-09    0.340194718654027639E+02    0.192870933171031709E+02    0.176699219555281175E+02
    0.460723367584824317E-09    0.339665666542273925E+02    0.233771122980295800E+02    0.288651606400360770E+02
    0.464542669065067257E-09    0.339480554108829864E+02    0.202823923333097298E+02    0.181998444604731020E+02
    0.464484893759282871E-09    0.339463041669293872E+02    0.220957234395067843E+02    0.274811319872649058E+02
    0.465689566185635813E-09    0.339391237490540689E+02    0.239975545133791250E+02    0.293850734621689149E+02
    0.467912215469392668E-09    0.339276008302821381E+02    0.240312662391309644E+02    0.293945118890794852E+02
    0.468251146012929028E-09    0.339241526618436282E+02    0.216186920210273392E+02    0.269254259217425869E+02
    0.470294363259975581E-09    0.339134446324313075E+02    0.219749550333366734E+02    0.272929244938415536E+02
    0.473105793845656754E-09    0.338995241811260541E+02    0.205111755724273621E+02    0.248794829142346856E+02
    0.476740728767445357E-09    0.338822166442563741E+02    0.221851127595110391E+02    0.274438835032559432E+02
    0.479007929150378355E-09    0.338707279377149177E+02    0.251939967498239632E+02    0.303785706532468502E+02
    0.480206392988381544E-09    0.338637302456080747E+02    0.235687369753943265E+02    0.288553410750861268E+02
    0.480474330179110195E-09    0.338606146316846264E+02    0.214707584512151968E+02    0.265793859318705579E+02
    0.489913444564872453E-09    0.338197047758500631E+02    0.246488591982859333E+02    0.297524650437213332E+02
    0.493565640975965484E-09    0.338028505171133418E+02    0.254998441723002820E+02    0.305461534803444259E+02
    0.497621616057570309E-09    0.337844822771391975E+02    0.207697698242825872E+02    0.251239004919389970E+02
    0.499370958587701124E-09    0.337754637922684680E+02    0.225208101121180668E+02    0.275758428371727575E+02
    0.499239308250642615E-09    0.337739911264735753E+02    0.218298670923344176E+02    0.268516070963883102E+02
    0.500033116842615538E-09    0.337688135795344095E+02    0.234597078012994515E+02    0.285433462701463867E+02
    0.501984125974262558E-09    0.337590252441094449E+02    0.205187656018797213E+02    0.180120016230774880E+02
    0.505520382843656658E-09    0.337429855197797082E+02    0.209487199614764172E+02    0.254212411760807377E+02
    0.506356027710492374E-09    0.337376821714731037E+02    0.237270341888324552E+02    0.287617930556172290E+02
    0.507792262332637124E-09    0.337300173763089290E+02    0.224191525821184463E+02    0.273804939303085142E+02
    0.512861500708697627E-09    0.337081505801734025E+02    0.211122876754632784E+02    0.256249604802312909E+02
    0.513232361898903383E-09    0.337047048597773085E+02    0.196681585328138908E+02    0.206597757584359236E+02
    0.515584272807742051E-09    0.336935607035633353E+02    0.221260730909459689E+02    0.270312163134627284E+02
    0.525402991478779471E-09    0.336538310974585144E+02    0.222731901659510179E+02    0.271171901952572796E+02
    0.530241233741485687E-09    0.336334981173705145E+02    0.213799109813068497E+02    0.259163626370885787E+02
    0.529825253096081772E-09    0.336330677572823831E+02    0.252962667815801190E+02    0.299948715098470231E+02
    0.532292544368032145E-09    0.336217757720960222E+02    0.218721015459335462E+02    0.265700777543210016E+02
    0.534833166920328680E-09    0.336102525178973863E+02    0.204113647895909196E+02    0.224298041016887666E+02
    0.537996455678169537E-09    0.335964582949997705E+02    0.258784830129514383E+02    0.304973332287789134E+02
    0.541363211801944318E-09    0.335819813898708901E+02    0.233410641900999387E+02    0.280344341060901492E+02
    0.543115033200488628E-09    0.335735199493381771E+02    0.212230435696191044E+02    0.254998071463725964E+02
    0.546535085412823801E-09    0.335589652278377812E+02    0.241521968160504734E+02    0.288407846413088897E+02
    0.546324598596138584E-09    0.335577356353196521E+02    0.246759324108520026E+02    0.293049781778007343E+02
    0.546799281669566885E-09    0.335539986570619888E+02    0.228383532843900525E+02    0.274573177944918818E+02
    0.546962749573665414E-09    0.335514008381557360E+02    0.216411598584574847E+02    0.261352542034311455E+02
    0.549087691754291841E-09    0.335416459219114884E+02    0.234727011288540339E+02    0.280889527158034475E+02
    0.549723797815845218E-09    0.335373303067631667E+02    0.249951338046806342E+02    0.295531149655043137E+02
    0.550383950285177479E-09    0.335329299871591786E+02    0.226478795988903947E+02    0.272484576066917015E+02
    0.559656411899076139E-09    0.334975161488623669E+02    0.241047080812696066E+02    0.286626957489471685E+02
    0.560295749387250047E-09    0.334932327029090970E+02    0.205595252461835010E+02    0.233654131724245069E+02
    0.562110444807203589E-09    0.334847655361719561E+02    0.208756195063202590E+02    0.181652958174643295E+02
    0.569813014021297487E-09    0.334555457164959620E+02    0.205302436011248304E+02    0.220155939863179420E+02
    0.569939171859699943E-09    0.334531029611656194E+02    0.203596756408175068E+02    0.192014256186262742E+02
    0.570710347585249062E-09    0.334483986218224914E+02    0.214975942130896875E+02    0.256831209935756597E+02
    0.570912084998998108E-09    0.334456917772121827E+02    0.204065215903621997E+02    0.218187605385913344E+02
    0.571802886811314465E-09    0.334405735823351762E+02    0.206063286986828196E+02    0.227904248103127784E+02
    0.572457072213265847E-09    0.334362867401956976E+02    0.246494235331746054E+02    0.290637668956007289E+02
    0.572654053709007382E-09    0.334335986620057568E+02    0.201479255816178870E+02    0.199277645588783976E+02
    0.574672512570306233E-09    0.334245615689826039E+02    0.231785068366229048E+02    0.275435196126682058E+02
    0.580178120827919654E-09    0.334034919168241657E+02    0.214787429936941621E+02    0.255434290319998745E+02
    0.590370109678722195E-09    0.333666629498288998E+02    0.258209273574264913E+02    0.299823691211984489E+02
    0.591707573367842856E-09    0.333601371414864971E+02    0.222462544009068246E+02    0.264458152246003770E+02
    0.592445926783463336E-09    0.333556430272987541E+02    0.230112757364600284E+02    0.272716333750787747E+02
    0.592628273861834754E-09    0.333530275482688126E+02    0.214314693380721977E+02    0.253407240653241068E+02
    0.592700731108614108E-09    0.333507830347318830E+02    0.206374090518772633E+02    0.220691212292468428E+02
    0.593846941633079097E-09    0.333449190150812527E+02    0.203742240742642373E+02    0.216396782469800968E+02
    0.593396514265156446E-09    0.333444365720314835E+02    0.208266476551945630E+02    0.236858917251976777E+02
    0.596373854132468884E-09    0.333324267544688624E+02    0.229571165612873962E+02    0.271824079110217838E+02
    0.596796125919947628E-09    0.333290111244675131E+02    0.218650399981342005E+02    0.258979119715232962E+02
    0.600081053363159189E-09    0.333160327693002287E+02    0.211163430022546521E+02    0.180721894939846486E+02
    0.606686799499470545E-09    0.332921368856819768E+02    0.237397625640780525E+02    0.278559262726873129E+02
    0.609119070857796382E-09    0.332821347048653493E+02    0.182891566460607677E+02    0.168854283820447044E+02
    0.614528085617350220E-09    0.332624529737813361E+02    0.211780339639680690E+02    0.180932271214210161E+02
    0.615200595499813720E-09    0.332582654670253604E+02    0.231123586821675424E+02    0.271947443862149001E+02
    0.615337501918971543E-09    0.332558204375865003E+02    0.236552729146697978E+02    0.276935437476238242E+02
    0.617884949699564348E-09    0.332455576901782521E+02    0.228950615031236673E+02    0.269719295953872198E+02
    0.619873325642691394E-09    0.332371319519928576E+02    0.209528644221650460E+02    0.237099691801128003E+02
    0.620882616525378949E-09    0.332318781578469995E+02    0.207865900554840302E+02    0.224750985797159117E+02
    0.622580270177008894E-09    0.332244171031598299E+02    0.228617912659651878E+02    0.268855975278498818E+02
    0.623351872813594759E-09    0.332199399129224915E+02    0.207644244404420029E+02    0.230655930986606208E+02
    0.624316714133231473E-09    0.332148466507467788E+02    0.220495405909611790E+02    0.258658148075593104E+02
    0.625881659664223676E-09    0.332078396170435042E+02    0.221238772784282709E+02    0.259457413975925313E+02
    0.628091208905254131E-09    0.331987914532972681E+02    0.215570143201729145E+02    0.251872844897352124E+02
    0.627839241768941974E-09    0.331975939408539347E+02    0.257814461860371367E+02    0.296406738778687924E+02
    0.628082644908425690E-09    0.331948187233978231E+02    0.233177013704290772E+02    0.272709030483045218E+02
    0.638240037871313800E-09    0.331607333443740444E+02    0.212185776833455719E+02    0.177656905461639774E+02
    0.639737518515463836E-09    0.331540463095446114E+02    0.245077461129924643E+02    0.283726966056700647E+02
    0.647922648473047119E-09    0.331266196001889597E+02    0.218782524298490912E+02    0.254326744130171747E+02
    0.649120095213291662E-09    0.331209267470851074E+02    0.219471374016514851E+02    0.255086291937948602E+02
    0.654675155012713129E-09    0.331018839072272471E+02    0.215173095921445530E+02    0.248443411248104553E+02
    0.655730819206725109E-09    0.330966615030467111E+02    0.240401747774359187E+02    0.277668460974141524E+02
    0.658100124414814768E-09    0.330874480703352489E+02    0.197186215182609068E+02    0.170070077013734888E+02
    0.661045508612879699E-09    0.330765168681420434E+02    0.253698632795701045E+02    0.290551772563062762E+02
    0.663985955250494042E-09    0.330656402443192619E+02    0.202652745156389820E+02    0.206926973250372264E+02
    0.663647819070239775E-09    0.330646590077587064E+02    0.243520085503142099E+02    0.280253229290687891E+02
    0.669236570498637687E-09    0.330458870079529348E+02    0.210010028507489430E+02    0.228657254541857426E+02
    0.672001996563449682E-09    0.330356396161717925E+02    0.210936673387532494E+02    0.234547131709862313E+02
    0.674344284154533248E-09    0.330266806636712147E+02    0.208425556393510050E+02    0.192578414129323896E+02
    0.676870826224112447E-09    0.330172013363764307E+02    0.212554243300112873E+02    0.238936979916924486E+02
    0.685254414294308549E-09    0.329905818852896715E+02    0.231105529770167273E+02    0.266689091087527217E+02
    0.688178559398540011E-09    0.329800655628229151E+02    0.254540033388602822E+02    0.289556322165990707E+02
    0.692331606597911568E-09    0.329660321571146397E+02    0.209694099479207914E+02    0.192092490977486499E+02
    0.692962031508954350E-09    0.329622118211592934E+02    0.218490841677723999E+02    0.250271345202319146E+02
    0.699881295780326979E-09    0.329403407529487069E+02    0.215463122256606177E+02    0.244512924957030329E+02
    0.700115279858232847E-09    0.329376722253704486E+02    0.230543273730451368E+02    0.264847690746201962E+02
    0.700560887715774077E-09    0.329343996746328997E+02    0.245483861007088890E+02    0.279612014028604321E+02
    0.708964506613671910E-09    0.329085513111918218E+02    0.233539787062876734E+02    0.267796222267264774E+02
    0.708496791542117008E-09    0.329078711781656281E+02    0.211518841010496104E+02    0.231952348762236724E+02
    0.715445212223638306E-09    0.328863521926597855E+02    0.220777082100521227E+02    0.251485269632309674E+02
    0.715936520362384536E-09    0.328829792307254820E+02    0.222833734740334641E+02    0.253765851457995026E+02
    0.730719905456536930E-09    0.328401017992569422E+02    0.216102654004163561E+02    0.184110531028819189E+02
    0.732091345071489701E-09    0.328343516503124917E+02    0.208765004889497376E+02    0.171868765728212587E+02
    0.735413609335498000E-09    0.328232960899077213E+02    0.224017590459950782E+02    0.253873996010317526E+02
    0.741795960828950631E-09    0.328040137994699919E+02    0.209265019725789436E+02    0.194531777380135154E+02
    0.741119895669774106E-09    0.328038374099009005E+02    0.207635595548892198E+02    0.196127566799726551E+02
    0.742410992833001356E-09    0.327983562623247451E+02    0.236296982460089779E+02    0.268643053824301568E+02
    0.745254263735801942E-09    0.327887113318479351E+02    0.232335859395610917E+02    0.263704147874134343E+02
    0.745822815541875621E-09    0.327851861207330444E+02    0.227623185464127324E+02    0.257646715269696074E+02
    0.746146375885149053E-09    0.327823186488034395E+02    0.206342701295316573E+02    0.203404635451614197E+02
    0.746504196665654443E-09    0.327793597618569876E+02    0.224707751026408644E+02    0.253717027043000485E+02
    0.745800309285625507E-09    0.327792464744668379E+02    0.205796938827630171E+02    0.211536534248209165E+02
    0.745287618372622300E-09    0.327786218217517202E+02    0.235610753425768493E+02    0.267406067302276362E+02
    0.764200384457305274E-09    0.327265021631676944E+02    0.264722511124571938E+02    0.293998404726410207E+02
    0.772127583142874985E-09    0.327038626403448731E+02    0.218569593301815992E+02    0.180186071263860157E+02
    0.779174704823094376E-09    0.326836916617784183E+02    0.256379351472014960E+02    0.285815605023151029E+02
    0.781956687271342189E-09    0.326745635355818607E+02    0.234535801646696456E+02    0.263813092161096137E+02
    0.782835793341638055E-09    0.326703163208905849E+02    0.239249482019822821E+02    0.269083610133931863E+02
    0.785120611321601873E-09    0.326624875374105628E+02    0.241403807085540834E+02    0.270899369496229347E+02
    0.786058210423145132E-09    0.326581005418633623E+02    0.237371657743436053E+02    0.266847104545798821E+02
    0.787668068762196918E-09    0.326520087022039363E+02    0.206264805738177799E+02    0.208159354387650559E+02
    0.791357175941859665E-09    0.326406634079365645E+02    0.208994662742369570E+02    0.199094184931642104E+02
    0.793166919874555778E-09    0.326340948571031220E+02    0.211068922347389432E+02    0.194891117340407583E+02
    0.793139666674387030E-09    0.326321635782453967E+02    0.213791035742100775E+02    0.224631833583773677E+02
    0.794136359136327826E-09    0.326276518724634244E+02    0.216751387911782452E+02    0.237358051410431230E+02
    0.793937321548101194E-09    0.326261532033315191E+02    0.213530104882161638E+02    0.220584022199441847E+02
    0.793999873181649401E-09    0.326239956363098074E+02    0.222259937271551458E+02    0.247102610837010772E+02
    0.795340436177999532E-09    0.326186217501601163E+02    0.233052434134539581E+02    0.260701952827904755E+02
    0.796259082826367312E-09    0.326143130117132571E+02    0.218712588369258398E+02    0.175988331129363225E+02
    0.799208417625591356E-09    0.326049187196755739E+02    0.250368953911031227E+02    0.278015389450726182E+02
    0.800774050835827613E-09    0.325990045925127632E+02    0.238058515420438326E+02    0.266359560204163621E+02
    0.801870217925975506E-09    0.325942686958887506E+02    0.241447525904792819E+02    0.269745996234217316E+02
    0.802076689296976845E-09    0.325917537876429009E+02    0.206802802851553906E+02    0.210117513977598414E+02
    0.808742472796431384E-09    0.325732011622325857E+02    0.226852953741792689E+02    0.252049903747325708E+02
    0.807951258967639113E-09    0.325731587720788198E+02    0.234571278373990246E+02    0.261582106677454398E+02
    0.809273032712743981E-09    0.325678895309569683E+02    0.207267577305728530E+02    0.210539475389652502E+02
    0.812677882453793750E-09    0.325574925943772513E+02    0.218671708400891838E+02    0.239186612886170877E+02
    0.812857725089471393E-09    0.325550500506751632E+02    0.209178434307445507E+02    0.201054949508810203E+02
    0.812063631420379049E-09    0.325550048375432937E+02    0.227766907245558237E+02    0.252650163710710949E+02
    0.812351328463117780E-09    0.325522964051467838E+02    0.269641273969264148E+02    0.295204211553132829E+02
    0.813487135317681410E-09    0.325475020142778178E+02    0.207506553968180896E+02    0.207305709379095333E+02
    0.813132338000818243E-09    0.325463744920226929E+02    0.214387178655409159E+02    0.171657352365193709E+02
    0.813142810136365224E-09    0.325443487346703364E+02    0.230757052253037784E+02    0.255930058398765254E+02
    0.814430994758624185E-09    0.325391828324241601E+02    0.233055433798846252E+02    0.258793351282589370E+02
    0.816821501035294954E-09    0.325313210593532176E+02    0.204879700354917915E+02    0.168085890166233334E+02
    0.821083924942361674E-09    0.325189115852488371E+02    0.233378390962737186E+02    0.258724761320225625E+02
    0.825857605770543206E-09    0.325053175022587553E+02    0.211258755693390370E+02    0.169391920766851989E+02
    0.829073677594282156E-09    0.324955441864611529E+02    0.209849541863522546E+02    0.213260870185354570E+02
    0.830360791120757267E-09    0.324904416504855220E+02    0.210150021251795458E+02    0.199884891588250575E+02
    0.831632655592857499E-09    0.324853805921573553E+02    0.208164327831410816E+02    0.207088983745895021E+02
    0.857932237973702083E-09    0.324211120000654560E+02    0.211803283507983764E+02    0.168701599624840419E+02
    0.859034202777901393E-09    0.324165447630377486E+02    0.216993420920644944E+02    0.230568974420316835E+02
    0.859246611405835948E-09    0.324140502952481739E+02    0.216365432194025971E+02    0.192314007926466957E+02
    0.877108694442567391E-09    0.323709003921154022E+02    0.252932354069256640E+02    0.276238229954957859E+02
    0.877078611863639829E-09    0.323689689881628624E+02    0.209107453232885128E+02    0.210406621041418944E+02
    0.876428150187742259E-09    0.323684527844499641E+02    0.225549047687367690E+02    0.245424428186253110E+02
    0.875741417759417772E-09    0.323680205150534022E+02    0.239736778263015111E+02    0.263236090858980774E+02
    0.876320158120734589E-09    0.323646992364173087E+02    0.246465538410363401E+02    0.270270111198071561E+02
    0.877847690234880490E-09    0.323592160292619937E+02    0.232171787446396465E+02    0.253602426092604816E+02
    0.882097127088837736E-09    0.323475578966429751E+02    0.255882429597539272E+02    0.278500949148080181E+02
    0.884886787319536323E-09    0.323392428135779539E+02    0.253957282209461503E+02    0.276610998995070680E+02
    0.889978970761050132E-09    0.323257665711849995E+02    0.211866786810993801E+02    0.213702118595201824E+02
    0.889653345258456134E-09    0.323244984650786904E+02    0.217850697936212754E+02    0.226134975665835292E+02
    0.888828005364919853E-09    0.323243547453314832E+02    0.264144480617795168E+02    0.286163399039309923E+02
    0.897163575362084803E-09    0.323036858319688989E+02    0.234843483040893020E+02    0.255434118516812028E+02
    0.904115939187583512E-09    0.322862470323976609E+02    0.221741926809622036E+02    0.185755626717949056E+02
    0.904030352578039319E-09    0.322844363679841138E+02    0.275849928920755012E+02    0.295197931673226854E+02
    0.903691301752324855E-09    0.322831865959385382E+02    0.218985173732133589E+02    0.230041572661283915E+02
    0.904254269584423273E-09    0.322799410543486758E+02    0.208284991414571721E+02    0.167231748923253072E+02
    0.905165076920530647E-09    0.322759275743560750E+02    0.225331965023743273E+02    0.242418843814973251E+02
    0.912487776932095009E-09    0.322578128589143702E+02    0.252959416272918602E+02    0.274276400847130866E+02
    0.911646732684387785E-09    0.322576571183215606E+02    0.220043817129629602E+02    0.190062554686094565E+02
    0.912809207874471291E-09    0.322531084673586079E+02    0.230208085714646025E+02    0.249606106212952312E+02
    0.913726798285906430E-09    0.322490990013846570E+02    0.210087071325903274E+02    0.208358868498145533E+02
    0.922586762733369176E-09    0.322277993928911357E+02    0.234274484058841885E+02    0.253370382045673743E+02
    0.929152206209774747E-09    0.322116171110512255E+02    0.218541654694965040E+02    0.192364712142004244E+02
    0.933783135868778969E-09    0.321996737939793931E+02    0.215836137205129610E+02    0.195617364309908375E+02
    0.937599188509828811E-09    0.321895171327120195E+02    0.223808962103297695E+02    0.181745106595119488E+02
    0.941290296915932624E-09    0.321796590587100866E+02    0.258303732575597174E+02    0.277742935698063782E+02
    0.941669354905028537E-09    0.321768538200130294E+02    0.224147223970963871E+02    0.238093774229640545E+02
    0.947841235541776756E-09    0.321617882090171250E+02    0.244509641885005351E+02    0.264356231996521522E+02
    0.947167180184146119E-09    0.321612110109011553E+02    0.222938842946609235E+02    0.234866860178700456E+02
    0.948688911437235892E-09    0.321560003630327245E+02    0.220332388761967053E+02    0.224805192872960760E+02
    0.951446656543183752E-09    0.321481949940081577E+02    0.223774924552150658E+02    0.183694201635929026E+02
    0.952120339982202052E-09    0.321447793706687222E+02    0.245610248169592502E+02    0.265295295467598962E+02
    0.952271242472646547E-09    0.321424624138155224E+02    0.220670983886375289E+02    0.225814625146118289E+02
    0.954513486051396768E-09    0.321357586953961061E+02    0.247969177944416899E+02    0.267605534895142405E+02
    0.954233827979390727E-09    0.321343447511237699E+02    0.238717392904656371E+02    0.256369992425992343E+02
    0.965380840027602240E-09    0.321091168866376648E+02    0.229496473106324181E+02    0.244726486812751531E+02
    0.969225515459715913E-09    0.320991676095506620E+02    0.223369244543178738E+02    0.187466332326455181E+02
    0.973775079037246889E-09    0.320878015354381319E+02    0.224968838390542452E+02    0.181580977762882299E+02
    0.973821628150324967E-09    0.320857059322510523E+02    0.241208355309270388E+02    0.258428444023920392E+02
    0.973742933419041061E-09    0.320838675592038527E+02    0.237231634493984558E+02    0.253773448972261626E+02
    0.981387197232036325E-09    0.320662280830462905E+02    0.252045576908884392E+02    0.270074179051360090E+02
    0.982311102015178475E-09    0.320623461140051518E+02    0.224887520658145910E+02    0.183024204840339522E+02
    0.982289281885837405E-09    0.320603905406061003E+02    0.213204739018683895E+02    0.203725910728376114E+02
    0.984625787722732899E-09    0.320536389232698156E+02    0.215954559721265014E+02    0.215365207319687855E+02
    0.988048154762818229E-09    0.320446993669652187E+02    0.247512189680307841E+02    0.265336408063644100E+02
    0.988549641117791612E-09    0.320416845193989133E+02    0.223518942888385226E+02    0.231978520212438184E+02
    0.987976339136737941E-09    0.320408447409247188E+02    0.230455314195534626E+02    0.244401278405351547E+02
    0.995541933914739133E-09    0.320235877471875554E+02    0.251713602645729715E+02    0.269020751752953693E+02
    0.100502460960848670E-08    0.320026276246304349E+02    0.231168374174864830E+02    0.244517715656813479E+02
    0.100579215950887827E-08    0.319991007825044846E+02    0.222683495657370756E+02    0.223839470230863036E+02
    0.101182099710570272E-08    0.319851483316184577E+02    0.222983609740375606E+02    0.172320126281752550E+02
    0.101288377765110589E-08    0.319810487057247919E+02    0.237713649681649350E+02    0.252405853123553214E+02
    0.102674956423489663E-08    0.319518555825133603E+02    0.231218954845297446E+02    0.243148703549617267E+02
    0.102835497769035987E-08    0.319467308484684196E+02    0.229950908612408718E+02    0.240877737872360704E+02
    0.102922897706944817E-08    0.319430317694497816E+02    0.215718794876985100E+02    0.199096231707315177E+02
    0.103787516356348693E-08    0.319243006590089990E+02    0.249535817888465132E+02    0.265064198288419242E+02
    0.103871078957054460E-08    0.319206910438599216E+02    0.224010788200883049E+02    0.224562633290260365E+02
    0.103816557065684681E-08    0.319197411187446285E+02    0.223633714495239957E+02    0.221468745789905661E+02
    0.103959358906412102E-08    0.319149919673322167E+02    0.235471508490139136E+02    0.248795899047812306E+02
    0.104278299119105868E-08    0.319068654969309655E+02    0.224809994622300309E+02    0.229230909941863068E+02
    0.104758020051811231E-08    0.318956858141506956E+02    0.262585191453996174E+02    0.276611748110793201E+02
    0.104895218731520046E-08    0.318910681832456717E+02    0.229760563754316500E+02    0.239569452972292041E+02
    0.104834402646218355E-08    0.318902280782878229E+02    0.214789498389336302E+02    0.203959975435695675E+02
    0.104741844845679573E-08    0.318899946488350032E+02    0.220889074464337369E+02    0.167462593360621028E+02
    0.106070436355939566E-08    0.318627853186589256E+02    0.224277452381240572E+02    0.221132935026636055E+02
    0.105974123530163071E-08    0.318626021600333296E+02    0.254706080211933532E+02    0.268887249723235264E+02
    0.106143114424888377E-08    0.318574154142110011E+02    0.224890853357328311E+02    0.189559001352891450E+02
    0.107470006345590816E-08    0.318305684575778294E+02    0.262518796122299634E+02    0.275399651514848323E+02
    0.108192461949514647E-08    0.318151686609022448E+02    0.222616342455446308E+02    0.218619608844535129E+02
    0.108591536698729195E-08    0.318058051063501210E+02    0.207673448529614113E+02    0.164748568294081075E+02
    0.108745162498015894E-08    0.318009776809692468E+02    0.228314750961439437E+02    0.234186386434500058E+02
    0.108799586055762409E-08    0.317979769938141530E+02    0.228881947341847720E+02    0.235339504314601022E+02
    0.108694276455339276E-08    0.317979137769019680E+02    0.211599203547666974E+02    0.165259820115140954E+02
    0.109410136003972580E-08    0.317827849802643208E+02    0.219279833360301524E+02    0.166565355674889801E+02
    0.109301875077039035E-08    0.317827649526533236E+02    0.237282410123399927E+02    0.248204287843038429E+02
    0.109680624505446279E-08    0.317738465951259528E+02    0.241261329914922626E+02    0.252250872953089846E+02
    0.109935711104381111E-08    0.317672005525092693E+02    0.214828887631133938E+02    0.208103712306673039E+02
    0.110058262794247164E-08    0.317629722787003637E+02    0.226804663334195524E+02    0.226976737539032207E+02
    0.109977631061092727E-08    0.317624380711282015E+02    0.215921666339246663E+02    0.204879762048045144E+02
    0.110412131701198994E-08    0.317525520205674887E+02    0.266954963619731238E+02    0.278036601489519768E+02
    0.110523949736926874E-08    0.317485275790266357E+02    0.228411946995263335E+02    0.232560269679878182E+02
    0.110565257972355595E-08    0.317457802203230983E+02    0.226842677249601792E+02    0.225094841482886387E+02
    0.111717909889822932E-08    0.317230379885088531E+02    0.220477176518949278E+02    0.215258735362566114E+02
    0.111778220416001840E-08    0.317199585867749114E+02    0.249041714743235616E+02    0.259711679799930941E+02
    0.111716185329461309E-08    0.317190688622276298E+02    0.227275085637425747E+02    0.225170163890006165E+02
    0.111620996039778520E-08    0.317187737157565195E+02    0.222774404348091934E+02    0.217449529614809478E+02
    0.111758992093872439E-08    0.317143026605325851E+02    0.218106109241160198E+02    0.165959724360071590E+02
    0.111767582118423809E-08    0.317121489423523784E+02    0.217997184467299263E+02    0.201478585555505916E+02
    0.111834895113950214E-08    0.317089447875792274E+02    0.227920899574635136E+02    0.229071346924780954E+02
    0.111725240296948367E-08    0.317089067621610141E+02    0.220404117885378916E+02    0.214992818290817667E+02
    0.112372061868023829E-08    0.316953613600334485E+02    0.226038700787424212E+02    0.167621712516362784E+02
    0.112782292425944137E-08    0.316860733639713317E+02    0.235730558878786844E+02    0.243174202869642784E+02
    0.112732419351521180E-08    0.316849579727818771E+02    0.227747208693905243E+02    0.224620749032516116E+02
    0.112634767981253394E-08    0.316846911687726447E+02    0.223827105479187800E+02    0.192969765649589320E+02
    0.113414716435919718E-08    0.316688897384927301E+02    0.229747840805235555E+02    0.180972759010700699E+02
    0.113752813467431910E-08    0.316609364707647067E+02    0.230931511974569084E+02    0.175543263801019336E+02
    0.113694498244851837E-08    0.316599620308985088E+02    0.228568982511864363E+02    0.186073016758257843E+02
    0.113701454224138705E-08    0.316578396720049362E+02    0.229906590768943673E+02    0.232688332712331594E+02
    0.113918491569818331E-08    0.316520256404937932E+02    0.235386697011392840E+02    0.241609855730193992E+02
    0.114506664306406639E-08    0.316397260036745216E+02    0.218400261434080889E+02    0.203005965206283037E+02
    0.114433459327740590E-08    0.316390050277267996E+02    0.229540810454791497E+02    0.174035045190008084E+02
    0.114486171281333709E-08    0.316360839716444850E+02    0.221087075638063020E+02    0.166216548189412450E+02
    0.115251955748124369E-08    0.316207507506788303E+02    0.235621856677414350E+02    0.241108080910311067E+02
    0.115420355355739310E-08    0.316158305972071716E+02    0.229566005963775375E+02    0.230427715499059360E+02
    0.116001545884777270E-08    0.316037850181534914E+02    0.231924070059601455E+02    0.175743822145664694E+02
    0.116017805012477153E-08    0.316015047117452106E+02    0.219186667880081778E+02    0.202388296314997937E+02
    0.116010292987334994E-08    0.315996342137358148E+02    0.249718083061022611E+02    0.257656949148061400E+02
    0.116081669604564355E-08    0.315964040699827535E+02    0.233124301622043433E+02    0.179118817303243141E+02
    0.116303252413604340E-08    0.315905900036609069E+02    0.234773192725134692E+02    0.239479999571853277E+02
    0.116450340311668886E-08    0.315860622159533229E+02    0.220112080177117839E+02    0.213015247185701995E+02
    0.116475672392954144E-08    0.315836271922976550E+02    0.225081972943876494E+02    0.169378689593491956E+02
    0.116488185956416725E-08    0.315814123338460213E+02    0.251575449719486457E+02    0.259620584632377245E+02
    0.116543881420998053E-08    0.315784563200875645E+02    0.229072489573112605E+02    0.187671203930285806E+02
    0.116665695815591858E-08    0.315743669649740326E+02    0.226083041099130710E+02    0.218593044590549894E+02
    0.117040119979547006E-08    0.315659584897201526E+02    0.221781701893160559E+02    0.196824729368872511E+02
    0.117016841749715298E-08    0.315643563113399424E+02    0.228444332430223866E+02    0.172155331923275234E+02
    0.117228435371182778E-08    0.315587431127027003E+02    0.228025155052693762E+02    0.168200648964101980E+02
    0.117506371863373658E-08    0.315520069318977185E+02    0.228909692041515918E+02    0.188829246541632187E+02
    0.117482014985809275E-08    0.315504215375380355E+02    0.251067754364507323E+02    0.258202461382562376E+02
    0.119145471089591430E-08    0.315203016680469403E+02    0.231008845446601931E+02    0.229832429301533807E+02
    0.119150652349332451E-08    0.315182146962630370E+02    0.227975509219126309E+02    0.190330682299266165E+02
    0.119250240985739691E-08    0.315145437521519227E+02    0.221358048009324015E+02    0.197983860604087845E+02
    0.119858057602038331E-08    0.315023756746890946E+02    0.236396245241683509E+02    0.239623599492370438E+02
    0.120332703123305169E-08    0.314924711884771682E+02    0.231136169803372624E+02    0.227300614411646258E+02
    0.120357117149226242E-08    0.314900654542259666E+02    0.231757580241193537E+02    0.174224774419763655E+02
    0.120540015445669264E-08    0.314850285009901079E+02    0.228202434489711479E+02    0.190493284396538556E+02
    0.120743941868632595E-08    0.314796478125466876E+02    0.229630977534364398E+02    0.220699902418895846E+02
    0.121103484300622349E-08    0.314717012088954959E+02    0.233948646623436396E+02    0.235098271514479791E+02
    0.121522994585925104E-08    0.314627850519238486E+02    0.222494867422970302E+02    0.213647549326729909E+02
    0.122218077693182888E-08    0.314493781111898478E+02    0.244527580962732891E+02    0.249561654807895934E+02
    0.122148965269556694E-08    0.314485094000024858E+02    0.234917418171184877E+02    0.236429201420441863E+02
    0.122589952742912354E-08    0.314393019161385574E+02    0.230901281553629190E+02    0.186542379634194972E+02
    0.122944618989161382E-08    0.314315240496587478E+02    0.232174401153072907E+02    0.227853476431518693E+02
    0.124047050712540174E-08    0.314116701836432703E+02    0.254661251647914533E+02    0.259474718533888513E+02
    0.124549300315551178E-08    0.314015888053881511E+02    0.234742339101497599E+02    0.234383876885912592E+02
    0.124988831842896613E-08    0.313925432772664834E+02    0.231060358491845221E+02    0.168606019234829958E+02
    0.125084230071567987E-08    0.313890173514819075E+02    0.234840478217939186E+02    0.179853139428175233E+02
    0.125157625934709458E-08    0.313858441526185850E+02    0.224997697914398032E+02    0.215035010982321353E+02
    0.125225035783906038E-08    0.313827672433733014E+02    0.211620467690696756E+02    0.163148571008373580E+02
    0.126219346960217628E-08    0.313649495687326194E+02    0.233227318829124002E+02    0.181172741342185617E+02
    0.126825855067279156E-08    0.313533622023074017E+02    0.230944289464402743E+02    0.169110352023088595E+02
    0.127548968253511432E-08    0.313399913421785463E+02    0.232083530477772868E+02    0.186235828459524448E+02
    0.128191808885209275E-08    0.313279367549859948E+02    0.239490097330352114E+02    0.239766468940073310E+02
    0.128092003362169108E-08    0.313274944893932314E+02    0.234252714800511512E+02    0.180819047004976241E+02
    0.127981768890845441E-08    0.313272164069040286E+02    0.255285505117650082E+02    0.258335408766053796E+02
    0.128500590528697682E-08    0.313171250536167882E+02    0.236736641428761736E+02    0.235822876620374018E+02
    0.128881090687572760E-08    0.313092116500788684E+02    0.235398232116454587E+02    0.232573387651237375E+02
    0.129148036248264315E-08    0.313030734249242499E+02    0.224909404005635203E+02    0.213803198753242718E+02
    0.129192616946192191E-08    0.313003831627017135E+02    0.225973771192674491E+02    0.214808174407744161E+02
    0.130037594364612127E-08    0.312853448612363323E+02    0.224083792614882213E+02    0.198546357559185367E+02
    0.130656595842295986E-08    0.312738471023410582E+02    0.238726986260126388E+02    0.177849258174395146E+02
    0.130914017885612509E-08    0.312679105419949259E+02    0.220689133620757900E+02    0.164249968908627650E+02
    0.131307572106453341E-08    0.312599071535424855E+02    0.234002049504016405E+02    0.182141439796072007E+02
    0.131629478744161355E-08    0.312530100605311496E+02    0.231132470017748126E+02    0.190095954343668687E+02
    0.131862788272522583E-08    0.312474682550433727E+02    0.233440529836668560E+02    0.184936591083416992E+02
    0.131923534610816594E-08    0.312445471104032464E+02    0.245707396839635379E+02    0.246870609805841745E+02
    0.132055548002422353E-08    0.312405467488396269E+02    0.259093243360947589E+02    0.261033423432693148E+02
    0.132614653466321443E-08    0.312300968924905433E+02    0.233147368308530005E+02    0.186880422535381427E+02
    0.133061764103497142E-08    0.312213652290125445E+02    0.233722344586398734E+02    0.184974410602894253E+02
    0.132983149056128565E-08    0.312205472106369228E+02    0.234140447876770210E+02    0.221989158807355551E+02
    0.134455036469585225E-08    0.311965323697555768E+02    0.236175411615772717E+02    0.229896589912426421E+02
    0.134477321586835751E-08    0.311942009091986883E+02    0.232298505985509642E+02    0.219098556014563393E+02
    0.134967493394450918E-08    0.311849241338280372E+02    0.234637707698754241E+02    0.182944752730121429E+02
    0.135152878662396136E-08    0.311801789088656456E+02    0.241846090795214792E+02    0.239573639558896048E+02
    0.135581777949770079E-08    0.311718420822244013E+02    0.225488671204189686E+02    0.199489631295204219E+02
    0.135764632732429483E-08    0.311671465638295260E+02    0.227501716493463988E+02    0.195358121563862994E+02
    0.137035664721351801E-08    0.311465096166096487E+02    0.230874684927617153E+02    0.165864642326531921E+02
    0.137520816111588394E-08    0.311374414622728466E+02    0.235119408355977733E+02    0.221545998608291548E+02
    0.138152624318086420E-08    0.311262739586968813E+02    0.252810609060911133E+02    0.252153588021847845E+02
    0.138331774736046650E-08    0.311216821243126560E+02    0.212629749523971014E+02    0.161953393568189981E+02
    0.138969333013012247E-08    0.311104854874071783E+02    0.257400306011932472E+02    0.256514504498061058E+02
    0.139134566918803383E-08    0.311061089090812537E+02    0.222183100852570270E+02    0.163748648421613332E+02
    0.139042891027532069E-08    0.311054271452210536E+02    0.239153570651716123E+02    0.233683856489133461E+02
    0.139635180517396923E-08    0.310949257173419653E+02    0.238486156725739704E+02    0.231830268529027705E+02
    0.139524556236445337E-08    0.310945108210970247E+02    0.246162285493541901E+02    0.243775809568586936E+02
    0.141324385712864268E-08    0.310668763415256137E+02    0.240205439198160953E+02    0.179168684201459669E+02
    0.141647392163175113E-08    0.310603104220119839E+02    0.239675995360893701E+02    0.233240915626430443E+02
    0.142280853589785819E-08    0.310493861605179085E+02    0.225497489567196361E+02    0.164185216369152478E+02
    0.143362254191307933E-08    0.310322427071868354E+02    0.239260977887234070E+02    0.231322859773075713E+02
    0.143816080539214719E-08    0.310239215238550585E+02    0.232069563856552534E+02    0.165497607983525512E+02
    0.143828928988911452E-08    0.310217428529340289E+02    0.238410250478076158E+02    0.225385204522688127E+02
    0.144039952919433610E-08    0.310168106295282442E+02    0.239103326264413631E+02    0.230320116437956663E+02
    0.144776121157817643E-08    0.310046149389311267E+02    0.226343280866333991E+02    0.205577928738229403E+02
    0.145141609480384096E-08    0.309975722874813684E+02    0.272958907982603591E+02    0.269993059075588953E+02
    0.145353310145427492E-08    0.309926572526465840E+02    0.212777090898516938E+02    0.161311298922755419E+02
    0.145884722744029709E-08    0.309833585742000110E+02    0.228037051507686570E+02    0.200176743192178179E+02
    0.146021832240882719E-08    0.309794797605235814E+02    0.274096521786472032E+02    0.270517162275649632E+02
    0.147418128150984707E-08    0.309584461367903430E+02    0.239726454864057033E+02    0.169326623997647623E+02
    0.147457607274806538E-08    0.309559106010466323E+02    0.241268891048981153E+02    0.233063422695927542E+02
    0.147513569288368124E-08    0.309531517199264101E+02    0.240566340443980735E+02    0.231406495553299543E+02
    0.147552884103068894E-08    0.309506187577481526E+02    0.230351269401246199E+02    0.194869267801402799E+02
    0.148108994343404553E-08    0.309410951514035766E+02    0.227941891959602572E+02    0.203850360436073608E+02
    0.147994732146711659E-08    0.309406386943196487E+02    0.241671014249017126E+02    0.233412132015086300E+02
    0.148189745018245044E-08    0.309360050262546196E+02    0.239948570722370853E+02    0.169475666307738280E+02
    0.148300587989826204E-08    0.309325096253676151E+02    0.241543076172051592E+02    0.232838927603229422E+02
    0.148407803996407023E-08    0.309290642195193897E+02    0.234022854703030418E+02    0.165438641030634486E+02
    0.148575849040602961E-08    0.309248008617835453E+02    0.240061497412442257E+02    0.226164514360207960E+02
    0.149456902972355041E-08    0.309109758996957673E+02    0.210780186382426180E+02    0.160610556475072883E+02
    0.149939747884185238E-08    0.309025249881167099E+02    0.240335887914465758E+02    0.225496602578255398E+02
    0.150335310593531138E-08    0.308952556468644666E+02    0.227165234462230003E+02    0.210346287676692434E+02
    0.150707139963943805E-08    0.308883150870356573E+02    0.242550448487662038E+02    0.179224133215148171E+02
    0.151285967795342127E-08    0.308786483088828732E+02    0.242074710718322308E+02    0.232100349882614516E+02
    0.152257499432967565E-08    0.308638457279017047E+02    0.235685346911659117E+02    0.165467825597566645E+02
    0.152201247513040809E-08    0.308625847695108604E+02    0.251624289561671475E+02    0.245802417447165844E+02
    0.152408043564206250E-08    0.308578692110693744E+02    0.259570510032602257E+02    0.254075742967001297E+02
    0.152651955684766672E-08    0.308526709920549926E+02    0.251028789243203931E+02    0.244970893973512709E+02
    0.153148001090590299E-08    0.308441824909297893E+02    0.239537605904525677E+02    0.181684581414048800E+02
    0.153150937784164088E-08    0.308421441402441445E+02    0.240392815115256084E+02    0.223212738216244517E+02
    0.154517713640389010E-08    0.308223745710544925E+02    0.241925994124958486E+02    0.227929359684312942E+02
    0.154385100659973569E-08    0.308220917841380739E+02    0.206926992134003278E+02    0.159611425857749598E+02
    0.155512765399410555E-08    0.308055364116731987E+02    0.230680831895450034E+02    0.201784252895226714E+02
    0.155632667931380244E-08    0.308019949776676114E+02    0.238577861613798952E+02    0.171691002541724522E+02
    0.155516882240656767E-08    0.308014834669938153E+02    0.238950489987768115E+02    0.165863330190505955E+02
    0.155485610098103635E-08    0.307998856778239762E+02    0.263748206024936884E+02    0.257241264565177872E+02
    0.156474437505863869E-08    0.307852067373376919E+02    0.242672947995897204E+02    0.229129851716181321E+02
    0.156705975541875027E-08    0.307802494888183347E+02    0.242242127957636804E+02    0.225026786191756969E+02
    0.156595126425917839E-08    0.307796647295549235E+02    0.249806254680231881E+02    0.240836872290209136E+02
    0.156497794685992900E-08    0.307789082165390866E+02    0.243637153971091891E+02    0.232010505037469805E+02
    0.156439349970367918E-08    0.307776552638910346E+02    0.231593532918721365E+02    0.213041613786291357E+02
    0.156446945617267992E-08    0.307755581596456764E+02    0.248123623646530511E+02    0.238807972350392568E+02
    0.156320238970831713E-08    0.307751786193307701E+02    0.243244918599274342E+02    0.231007148056808163E+02
    0.156167855425674348E-08    0.307751292031765900E+02    0.230556414307486861E+02    0.203228232839442953E+02
    0.156139079294654899E-08    0.307734977653556783E+02    0.215319981104401137E+02    0.160539389458867525E+02
    0.157050612694018852E-08    0.307598557988857166E+02    0.229002255246465083E+02    0.210255603735963348E+02
    0.157322485717275396E-08    0.307543965577177545E+02    0.261574744445703260E+02    0.254201251489355613E+02
    0.157321603434942378E-08    0.307524077739759960E+02    0.259488900429608762E+02    0.252051295755823475E+02
    0.157408570352144101E-08    0.307493024853617420E+02    0.241914601064354393E+02    0.180946616059413401E+02
    0.157331752489953968E-08    0.307482787551071794E+02    0.251180560061710629E+02    0.242205048792395736E+02
    0.158016413508728096E-08    0.307375942321781572E+02    0.234331258445750770E+02    0.215162701743153484E+02
    0.159114006280830259E-08    0.307217501215386513E+02    0.229979019843595438E+02    0.206554356636564442E+02
    0.159308647560805823E-08    0.307173050529875304E+02    0.239483547271261799E+02    0.165545857015451929E+02
    0.159656302905615442E-08    0.307109452575683513E+02    0.236672055932180676E+02    0.216922763984768636E+02
    0.160250835345152585E-08    0.307015114362755135E+02    0.245723819222892885E+02    0.178797027526096990E+02
    0.160315114720430380E-08    0.306987093626162952E+02    0.258913473879442577E+02    0.250423643919446839E+02
    0.160496524156498910E-08    0.306944474813947465E+02    0.242257254762127374E+02    0.166036873878644755E+02
    0.161400430334595916E-08    0.306812152091869237E+02    0.220101846345810905E+02    0.161103102826607696E+02
    0.161593858023795400E-08    0.306768197772020450E+02    0.243991642782432727E+02    0.225706129644699054E+02
    0.161644287229727000E-08    0.306741957270138457E+02    0.230155061851426481E+02    0.210186871762337972E+02
    0.161649826913706916E-08    0.306721271865271028E+02    0.231585876242537836E+02    0.204323535813916983E+02
    0.163421377427156888E-08    0.306483280480220763E+02    0.235840471558917919E+02    0.164389314237189232E+02
    0.164402786941166322E-08    0.306343531840237908E+02    0.235015597199496682E+02    0.214388716148626344E+02
    0.164522077864873346E-08    0.306309025070856684E+02    0.199686610779930760E+02    0.158134069607025811E+02
    0.165034716708918038E-08    0.306226803412439885E+02    0.227109502310376783E+02    0.162339304624707808E+02
    0.165084000120335801E-08    0.306200831813827357E+02    0.232795703103357532E+02    0.203166308081397062E+02
    0.165721616281603243E-08    0.306103733128767992E+02    0.246767753242513486E+02    0.178933956245862156E+02
    0.166627387522976024E-08    0.305974718391419138E+02    0.234107176045497241E+02    0.195115519551639380E+02
    0.166974642555732312E-08    0.305913081335661623E+02    0.242974273013357731E+02    0.165660895111804010E+02
    0.167234133006242956E-08    0.305862024041942355E+02    0.245852206452679312E+02    0.228916636840789600E+02
    0.168813270493776437E-08    0.305654056618924024E+02    0.243064877763873568E+02    0.173108188725392758E+02
    0.168840647690118269E-08    0.305630813393250946E+02    0.243502169010072791E+02    0.221342304360703679E+02
    0.169025812608857665E-08    0.305588891721934992E+02    0.233703667751090158E+02    0.201314286401673961E+02
    0.169249519469234847E-08    0.305542439081523050E+02    0.233633801631465836E+02    0.200782449238518872E+02
    0.169404847679484202E-08    0.305504092562332730E+02    0.240621526769928984E+02    0.218156969715627298E+02
    0.169459394349003135E-08    0.305477653798576760E+02    0.247094035529468030E+02    0.179294886528755733E+02
    0.170588970863852414E-08    0.305324780856351410E+02    0.251430193247643210E+02    0.167213158412775158E+02
    0.171272587712313468E-08    0.305224793183855070E+02    0.241166408290429644E+02    0.218259119010872205E+02
    0.171534666128624609E-08    0.305174212912938110E+02    0.230267883980002956E+02    0.162487834607004800E+02
    0.171411635396640253E-08    0.305168562767327316E+02    0.277426071794155042E+02    0.264664074691681286E+02
    0.171418968539764371E-08    0.305147707167735334E+02    0.244949033732460251E+02    0.222668160838835618E+02
    0.171553791538604950E-08    0.305111983119475774E+02    0.233483264138472535E+02    0.205329547466750277E+02
    0.171648613543779483E-08    0.305080931680886316E+02    0.246510132959106443E+02    0.175489093235205615E+02
    0.172639243788909048E-08    0.304945838109286775E+02    0.232720237761679378E+02    0.210182126964186793E+02
    0.173146660040494355E-08    0.304867140908482774E+02    0.234761834570644510E+02    0.196535901410825566E+02
    0.173711093523623445E-08    0.304782049789655645E+02    0.247661522983819111E+02    0.229440131617884830E+02
    0.175180753731382875E-08    0.304593554147011112E+02    0.225294500827268109E+02    0.161094578321497863E+02
    0.178067806686568050E-08    0.304246632249831208E+02    0.244757828109719142E+02    0.219941711584911772E+02
    0.178705413318523466E-08    0.304155146244153372E+02    0.227449666050924719E+02    0.161340337736477828E+02
    0.182180355962892842E-08    0.303749977269294824E+02    0.241852172078501049E+02    0.217069482426038540E+02
    0.182327838955200518E-08    0.303713792941764211E+02    0.246071361119484848E+02    0.220825446233277489E+02
    0.182782004632410616E-08    0.303644036308856471E+02    0.259318753974214182E+02    0.244314509163435574E+02
    0.187231869713074496E-08    0.303142964658795755E+02    0.236101577348475011E+02    0.210959529578920311E+02
    0.187106748190292877E-08    0.303136334535315122E+02    0.239761898930089146E+02    0.214534385159846686E+02
    0.188131833176842869E-08    0.303007061386179330E+02    0.247401700634367252E+02    0.165125244614636912E+02
    0.188062431387712212E-08    0.302994440742693811E+02    0.238451638937997608E+02    0.193997108776532095E+02
    0.187980637103993612E-08    0.302983141265784219E+02    0.234980666702789875E+02    0.209198920585091166E+02
    0.188867202569419280E-08    0.302869037809937147E+02    0.237034558263296447E+02    0.197554094282848638E+02
    0.189048077579089976E-08    0.302829893305019233E+02    0.243357322601648320E+02    0.217173914000395136E+02
    0.188901550591452664E-08    0.302825400873654011E+02    0.248083830113807799E+02    0.222075661294598596E+02
    0.189843785667323456E-08    0.302705889468018512E+02    0.237422510843331729E+02    0.196905261110011871E+02
    0.190057678041983655E-08    0.302663368639045771E+02    0.245069957740788453E+02    0.183301589461668861E+02
    0.190211008601259069E-08    0.302627239983389948E+02    0.259766293718976762E+02    0.242533326210927278E+02
    0.190122615823875000E-08    0.302616536324633252E+02    0.250929169390819915E+02    0.227518006701985698E+02
    0.190401443485540834E-08    0.302567226460540404E+02    0.247282956848855733E+02    0.219957667131635866E+02
    0.190362153065406958E-08    0.302551354000109214E+02    0.250954373251687919E+02    0.226870667860432960E+02
    0.190842158613467326E-08    0.302480986699735297E+02    0.235989219144095124E+02    0.208487815365548705E+02
    0.190966763510255385E-08    0.302447932536357449E+02    0.239945633586866442E+02    0.192994541182677466E+02
    0.191274979316182854E-08    0.302395679034115545E+02    0.258623629531626982E+02    0.167271431243305173E+02
    0.192098846652676540E-08    0.302289719216418291E+02    0.237896868908375545E+02    0.204433245792463190E+02
    0.192093952440351886E-08    0.302270228774362870E+02    0.237815917870072084E+02    0.200783508257544163E+02
    0.193641295054782274E-08    0.302089771473746076E+02    0.202479347625078887E+02    0.156739465129199473E+02
    0.193648672501908429E-08    0.302069009517822593E+02    0.238151576256530859E+02    0.204589822073374137E+02
    0.193927841186490981E-08    0.302020197789246758E+02    0.241436867760746487E+02    0.214602139030172410E+02
    0.194271081271081841E-08    0.301964830336718180E+02    0.252048186193857369E+02    0.228009496558961047E+02
    0.195160915034512103E-08    0.301853432062258697E+02    0.250186508417003637E+02    0.223259028653044602E+02
    0.195575961242234217E-08    0.301790943483472027E+02    0.245927191926204003E+02    0.217975463159984209E+02
    0.196060363707431564E-08    0.301721468735461293E+02    0.238973828245891120E+02    0.202655713160460067E+02
    0.197294655332181220E-08    0.301575954061333817E+02    0.239813013655852956E+02    0.194281542612599374E+02
    0.197571961878147222E-08    0.301527862895408276E+02    0.239331855595442988E+02    0.195458302200960290E+02
    0.197380000954143070E-08    0.301527304342185154E+02    0.254020451613600962E+02    0.232585383568902380E+02
    0.197685542814104459E-08    0.301476368521464622E+02    0.253527999667552137E+02    0.177338401573449502E+02
    0.197883265246711942E-08    0.301436374786362720E+02    0.253464345734566798E+02    0.177232135259946659E+02
    0.200546969240154786E-08    0.301148950936517750E+02    0.264423477771535431E+02    0.244880231114721703E+02
    0.205397236033364398E-08    0.300651003715814902E+02    0.245650007926091938E+02    0.188794460121136112E+02
    0.205715632438562072E-08    0.300600024732350732E+02    0.240476850592236779E+02    0.195626579805930376E+02
    0.207004687032612073E-08    0.300455091820170743E+02    0.228867907170706246E+02    0.159724902108587550E+02
    0.207144568492703401E-08    0.300421581573461687E+02    0.254103865447761770E+02    0.226486090729023957E+02
    0.207298865300530255E-08    0.300386689619349525E+02    0.245736491305623019E+02    0.189040185603491153E+02
    0.209429725478544958E-08    0.300162155656810938E+02    0.232027530061441567E+02    0.160265697187111265E+02
    0.210489918998525256E-08    0.300041165309097053E+02    0.261481784665491723E+02    0.238806284752012097E+02
    0.210634848009375443E-08    0.300007399410918758E+02    0.243013068206067757E+02    0.162597255055991532E+02
    0.210970539381597202E-08    0.299955550534865907E+02    0.257120218612806894E+02    0.233586401208619598E+02
    0.211947263921831566E-08    0.299843170760910667E+02    0.233211080952119332E+02    0.160339786253749104E+02
    0.211874170771942545E-08    0.299830069246417175E+02    0.256708433068425741E+02    0.172298869448828533E+02
    0.212140326214210060E-08    0.299784961097604850E+02    0.222989126724103315E+02    0.157658095265374563E+02
    0.212025514681903144E-08    0.299775788139675790E+02    0.240732700793774796E+02    0.198540333674249183E+02
    0.211993901127702951E-08    0.299758770413890652E+02    0.241502877408507608E+02    0.195828921252093267E+02
    0.212148990021265061E-08    0.299724144314648164E+02    0.241278157837185567E+02    0.201576489731188246E+02
    0.212491166001610046E-08    0.299671912218879726E+02    0.249347997698265083E+02    0.163812982536763627E+02
    0.212590952795224029E-08    0.299642522334804084E+02    0.247386269555213971E+02    0.187025186104893848E+02
    0.213877365250583528E-08    0.299501864710068588E+02    0.240178976675102867E+02    0.209811798379078276E+02
    0.213819337559339484E-08    0.299487291704592309E+02    0.232703433877203310E+02    0.159838606043572895E+02
    0.213792410810022990E-08    0.299469810508105532E+02    0.231899174710308600E+02    0.159614154775376242E+02
    0.214293248239568716E-08    0.299403012616378952E+02    0.253088929970911032E+02    0.221858796108511491E+02
    0.216312168037568549E-08    0.299195468798713655E+02    0.256654428569019011E+02    0.228796993499173098E+02
    0.216494780941443804E-08    0.299158591720825662E+02    0.253692456523075123E+02    0.164498408505774378E+02
    0.216786846914338612E-08    0.299111628563530019E+02    0.258779250668787917E+02    0.233802576023446065E+02
    0.217521871549185072E-08    0.299023932447346539E+02    0.250916510500817758E+02    0.218638335404005879E+02
    0.218060242988801046E-08    0.298954493161774550E+02    0.260090013380441292E+02    0.171663483431729880E+02
    0.217911981920156541E-08    0.298948095961760352E+02    0.239906986860661888E+02    0.161123122520252799E+02
    0.218221042918534136E-08    0.298899750385294638E+02    0.253252750912854800E+02    0.220781251181417666E+02
    0.218277734689764895E-08    0.298874555248495071E+02    0.241301402672646716E+02    0.208222043894183777E+02
    0.219065892354641043E-08    0.298782469275874760E+02    0.255429695699221284E+02    0.224421536922671159E+02
    0.219131728000676605E-08    0.298756459599558220E+02    0.255124742905617836E+02    0.174331450538633241E+02
    0.219025926774282480E-08    0.298746118335614206E+02    0.218709942809868139E+02    0.156564717150623824E+02
    0.219738179449932241E-08    0.298661185649354799E+02    0.241988913607317713E+02    0.207281772600688541E+02
    0.219692065164090558E-08    0.298645383292696032E+02    0.232067135173266657E+02    0.158796846821662072E+02
    0.220587335026469758E-08    0.298544046660012050E+02    0.254394588950121658E+02    0.221885873747246158E+02
    0.220875138434940478E-08    0.298497969385810897E+02    0.258872759639296248E+02    0.232399249740778444E+02
    0.220904424025584606E-08    0.298475317783683636E+02    0.260305929591417389E+02    0.172118472360326606E+02
    0.221097703422042433E-08    0.298437826518663307E+02    0.245877454507839452E+02    0.213883610455249382E+02
    0.221306009783203927E-08    0.298398992465481534E+02    0.269856976952699483E+02    0.245273180015914676E+02
    0.222542092667065321E-08    0.298267595248941788E+02    0.267953510033252549E+02    0.242971984940619308E+02
    0.224693459326621135E-08    0.298055179127806014E+02    0.240679042478919953E+02    0.160388354460357547E+02
    0.225303520781548411E-08    0.297980951045783620E+02    0.258686322100180952E+02    0.229183515766725030E+02
    0.225399866749829599E-08    0.297952400325073619E+02    0.256287568805087318E+02    0.223710523363459899E+02
    0.225749167465240045E-08    0.297901430445170057E+02    0.244034512007089468E+02    0.195330350539389812E+02
    0.228687865001497099E-08    0.297622759756759585E+02    0.221637008139418548E+02    0.156419052798989533E+02
    0.229671908525676127E-08    0.297516884416656424E+02    0.244511637790842826E+02    0.203172759118138337E+02
    0.229722893996710031E-08    0.297492445056788064E+02    0.244548584304611651E+02    0.211240131867604930E+02
    0.231088408202581181E-08    0.297353913397841900E+02    0.252187023585020036E+02    0.183448813504333650E+02
    0.230941412182491133E-08    0.297346639504994670E+02    0.244528379173845458E+02    0.196137338479568903E+02
    0.231229297642458389E-08    0.297301723560207307E+02    0.255294594379567705E+02    0.220120582550701869E+02
    0.233308515293701143E-08    0.297102686979915624E+02    0.243794004949742309E+02    0.208411873694289831E+02
    0.234842514188685170E-08    0.296951617791681599E+02    0.251474610198245614E+02    0.162001725384651678E+02
    0.238699492387126011E-08    0.296605812398345456E+02    0.244176620875440484E+02    0.209254381999255656E+02
    0.240279648057816208E-08    0.296453851628464626E+02    0.246290120357710443E+02    0.193937194070465999E+02
    0.240193208883638167E-08    0.296441047803969759E+02    0.257039082352187691E+02    0.220933005543552028E+02
    0.241912055513110762E-08    0.296278435470988306E+02    0.249118808116409660E+02    0.213964315504680300E+02
    0.242233335285620594E-08    0.296231891393463798E+02    0.236495044433616108E+02    0.157406527928103195E+02
    0.245946924542749670E-08    0.295907605358485526E+02    0.246081274182801053E+02    0.201062324282095091E+02
    0.245946953956579140E-08    0.295887602966600838E+02    0.251866163009597237E+02    0.186279697570811749E+02
    0.246476549640077562E-08    0.295824583420716536E+02    0.261519379781651438E+02    0.227391323788066231E+02
    0.247055504233126962E-08    0.295757660036180781E+02    0.243985586514460024E+02    0.158829682303585074E+02
    0.247056433520331662E-08    0.295737584807300209E+02    0.247176227714793413E+02    0.204940338250848662E+02
    0.247657140936617175E-08    0.295669014665502239E+02    0.254865233467515537E+02    0.161526302727836892E+02
    0.247512226845356724E-08    0.295660720890065534E+02    0.247415979558621082E+02    0.211441033556009046E+02
    0.247940789256647440E-08    0.295606121240512607E+02    0.262308972894375891E+02    0.174504002260389370E+02
    0.248873668239053494E-08    0.295511012308818906E+02    0.260584339100849789E+02    0.224827750844416627E+02
    0.249369441793191751E-08    0.295451210556800739E+02    0.239458788681231098E+02    0.157347258797219034E+02
    0.249202790140417577E-08    0.295444580868928384E+02    0.247095587628295377E+02    0.202769356723147496E+02
    0.249169112633137579E-08    0.295427283871014943E+02    0.255243833295968621E+02    0.183190505363776097E+02
    0.250304786168978393E-08    0.295316334134048830E+02    0.247159484017730513E+02    0.206505378318314996E+02
    0.250264045795768645E-08    0.295299589660217983E+02    0.246897738275845597E+02    0.207216089407597188E+02
    0.250479227126478849E-08    0.295262400704871695E+02    0.242717034051638727E+02    0.157984416432341757E+02
    0.251248294548886269E-08    0.295181087104041424E+02    0.211848133163117254E+02    0.155200640066398101E+02
    0.252846999583745475E-08    0.295034229312395944E+02    0.221098343318133814E+02    0.155549575151461337E+02
    0.253652338952353926E-08    0.294950628830736115E+02    0.241521105871601414E+02    0.157350196805180449E+02
    0.254562356473214755E-08    0.294859004101923681E+02    0.236870297757456285E+02    0.156765654554288929E+02
    0.254445358827619397E-08    0.294848198276718847E+02    0.248376788516303222E+02    0.205176107430820522E+02
    0.261257871139510455E-08    0.294299761901966832E+02    0.218798279788118570E+02    0.155230086092358164E+02
    0.264192326863328111E-08    0.294056373558602857E+02    0.254107621765281095E+02    0.185729995762503570E+02
    0.265158083803383230E-08    0.293963396718151202E+02    0.246079948984941979E+02    0.157480713747302179E+02
    0.264938066142897751E-08    0.293959998813687200E+02    0.254508661016605728E+02    0.159638350729065728E+02
    0.268885156660229984E-08    0.293644233303165088E+02    0.248509426518179737E+02    0.209210407338907913E+02
    0.269638089370259751E-08    0.293568307531626651E+02    0.192273543966291740E+02    0.153789628362250745E+02
    0.271627688910800943E-08    0.293401273776201776E+02    0.249723979596454733E+02    0.207075367429383164E+02
    0.273808602957947327E-08    0.293221333874699397E+02    0.249182493395974731E+02    0.198657896089876544E+02
    0.273640682538302586E-08    0.293213603170093542E+02    0.262814761627142666E+02    0.160981848757101353E+02
    0.273562826698181268E-08    0.293199294350016544E+02    0.251366197026300924E+02    0.192023272745633733E+02
    0.278917821549435052E-08    0.292791576693418953E+02    0.252964720191451704E+02    0.158011164068978402E+02
    0.278705697554117129E-08    0.292786792981705162E+02    0.251178909530822558E+02    0.193473755270421393E+02
    0.281824167093817561E-08    0.292544253423259590E+02    0.252912924282350993E+02    0.191115756922789011E+02
    0.281782382569471640E-08    0.292527218933469086E+02    0.234515215423773888E+02    0.155713351649564018E+02
    0.282618439058986350E-08    0.292447966213133448E+02    0.251269681904096167E+02    0.206699259050691708E+02
    0.282573746304390147E-08    0.292431129226058495E+02    0.250808156391824006E+02    0.196496202330148577E+02
    0.288500563172958453E-08    0.291995979773365733E+02    0.263788944164404171E+02    0.220961331493501056E+02
    0.288216712114044402E-08    0.291995667137971964E+02    0.252498886684263795E+02    0.211177491391974996E+02
    0.288856227514220238E-08    0.291931338900201069E+02    0.255948260746944278E+02    0.157868047550471360E+02
    0.290481538092904501E-08    0.291799120091812192E+02    0.252523240161814790E+02    0.193267649808386253E+02
    0.290719313831641045E-08    0.291762755645599654E+02    0.251657541654577841E+02    0.201836009800033906E+02
    0.294173961825475870E-08    0.291506494548972874E+02    0.241147568596075246E+02    0.155927406880910624E+02
    0.294976535417695894E-08    0.291432004289357032E+02    0.257275559160021494E+02    0.214602286831458322E+02
    0.295115691938950297E-08    0.291402571423280392E+02    0.252391874221166397E+02    0.207716206906577092E+02
    0.297122081547427725E-08    0.291247058467214472E+02    0.259390047155454795E+02    0.158027212650960411E+02
    0.297685044088308893E-08    0.291189199962518792E+02    0.253331511683792527E+02    0.193223721400906534E+02
    0.299761999471849422E-08    0.291030144039633250E+02    0.246494475617462001E+02    0.156225640183049972E+02
    0.300246803843022402E-08    0.290977824215390939E+02    0.211528243088421206E+02    0.153918599021579841E+02
    0.301432247722407066E-08    0.290879015062225754E+02    0.263583219035692302E+02    0.158712975536695318E+02
    0.308563708867238687E-08    0.290391353858741113E+02    0.264152429137828868E+02    0.218770922949810149E+02
    0.309367644093831799E-08    0.290319313406265351E+02    0.220776794185602121E+02    0.154111799755795413E+02
    0.309141829726518449E-08    0.290313917184342074E+02    0.244561485342438978E+02    0.155794384645361870E+02
    0.309794409910232894E-08    0.290251742861125415E+02    0.201302857006340545E+02    0.153268738316855995E+02
    0.310430278593152492E-08    0.290190733922431114E+02    0.271464152120410809E+02    0.229923278330906484E+02
    0.312352737178825647E-08    0.290047258192148725E+02    0.254442713726537413E+02    0.207564706321514301E+02
    0.313784766519785262E-08    0.289935774655105654E+02    0.254248380138115024E+02    0.208454467849524008E+02
    0.329970036218709577E-08    0.288909883513728190E+02    0.245414327922128415E+02    0.155357391711536330E+02
    0.330609797790954718E-08    0.288851144106962785E+02    0.223325032059992452E+02    0.153775030222442961E+02
    0.332165922865327176E-08    0.288737228298926638E+02    0.232294226326057967E+02    0.154137350264774966E+02
    0.335889578292303819E-08    0.288494271135428484E+02    0.256990030394047082E+02    0.206186634779846578E+02
    0.340725666951503097E-08    0.288188367378547170E+02    0.265291121474696538E+02    0.217015944800376879E+02
    0.346353262630034316E-08    0.287840735644505230E+02    0.191986001864522962E+02    0.152123366016170678E+02
    0.347299588694479062E-08    0.287766165024649077E+02    0.256572578093360875E+02    0.197727543511210264E+02
    0.350779300270458206E-08    0.287546775502817695E+02    0.258895848785175495E+02    0.211034753680185752E+02
    0.355130008845617545E-08    0.287280241643086924E+02    0.268822744888843346E+02    0.218702049582597233E+02
    0.357088756638473268E-08    0.287150233155458778E+02    0.263177224971661765E+02    0.156280057025854067E+02
    0.357420054299751131E-08    0.287111686277942404E+02    0.232886315649642164E+02    0.153654499449570245E+02
    0.358380687848199992E-08    0.287038004627806309E+02    0.280186207406428842E+02    0.173957845743439243E+02
    0.362530595156009957E-08    0.286787743110471958E+02    0.259089130000074874E+02    0.207958555708698896E+02
    0.367938932247409796E-08    0.286471580945370690E+02    0.251844640416390817E+02    0.155031915727801781E+02
    0.374144267748277794E-08    0.286117091220195441E+02    0.269634711438297288E+02    0.217935067624132195E+02
    0.376724785326262650E-08    0.285959622364503332E+02    0.270697600843444768E+02    0.181715850670837753E+02
    0.378941710617687262E-08    0.285822272625507665E+02    0.251709003741591957E+02    0.154781631162654172E+02
    0.379655263230252177E-08    0.285764647754983940E+02    0.258275996486780848E+02    0.155339563604080322E+02
    0.381734660644476103E-08    0.285635405301471046E+02    0.215714839431780945E+02    0.152468854879522802E+02
    0.384968624049353646E-08    0.285446683833920929E+02    0.262054264014759823E+02    0.190081269117995824E+02
    0.393519500007407431E-08    0.284987308095310112E+02    0.237370091705563162E+02    0.153210312174915764E+02
    0.394391002125739597E-08    0.284923064366033998E+02    0.231562537008513658E+02    0.152929067121759026E+02
    0.397652098751817889E-08    0.284738370548216473E+02    0.269867503501645629E+02    0.183459104079579589E+02
    0.402153521322327068E-08    0.284493242342688397E+02    0.225705989628935164E+02    0.152546799782557265E+02
    0.401756652231939916E-08    0.284492989281372886E+02    0.206068398933399131E+02    0.151713517845671682E+02
    0.402653007445022493E-08    0.284428417186878661E+02    0.260623252808392856E+02    0.198987698270261291E+02
    0.405923056828278019E-08    0.284246648004939644E+02    0.266074663227153678E+02    0.212862147119921801E+02
    0.407088826981403919E-08    0.284169292338914197E+02    0.247122498122819927E+02    0.153769221486549519E+02
    0.410035302848093726E-08    0.284005055323761155E+02    0.232736595683027190E+02    0.152698013012007863E+02
    0.414102125689562638E-08    0.283787668057456912E+02    0.276807371591693645E+02    0.220049343737234295E+02
    0.413970680504617333E-08    0.283774017508137426E+02    0.263497420500183281E+02    0.207371211479114166E+02
    0.414790130559945535E-08    0.283714466877296267E+02    0.263233943131099295E+02    0.208979663939330536E+02
    0.420794250423837194E-08    0.283407040575970299E+02    0.210818611487961078E+02    0.151580111092960124E+02
    0.422929013585008965E-08    0.283285833566151553E+02    0.265560927348195470E+02    0.211289337343614569E+02
    0.433174484624791212E-08    0.282787108261061668E+02    0.220364569807082908E+02    0.151794660964294543E+02
    0.432918671409702727E-08    0.282778922843395719E+02    0.201773575583510549E+02    0.151007001651093216E+02
    0.435714239504983570E-08    0.282630188243902758E+02    0.263754056959438081E+02    0.202185483906133214E+02
    0.440934048030604986E-08    0.282372014267504028E+02    0.281485589746961047E+02    0.222556188401479709E+02
    0.445157318779519858E-08    0.282161365632981607E+02    0.256804533378047530E+02    0.153882083534975589E+02
    0.445600178825118326E-08    0.282121478735221736E+02    0.212292625359405100E+02    0.151246942610527384E+02
    0.447409827637319877E-08    0.282020420235262002E+02    0.265719593174394042E+02    0.209070020773604597E+02
    0.450355774774564892E-08    0.281869162913612179E+02    0.272120551115858369E+02    0.214731343978133005E+02
    0.452354486838366329E-08    0.281760597826232875E+02    0.264830403916464689E+02    0.196550356283529588E+02
    0.454966212583486061E-08    0.281625457371035033E+02    0.274089300159856748E+02    0.183573958347918946E+02
    0.457692971808843340E-08    0.281485948691983765E+02    0.238731595567582744E+02    0.152180272317445393E+02
    0.469054899164855850E-08    0.280975524186056518E+02    0.270586718032140894E+02    0.186615406367540508E+02
    0.471562341230521049E-08    0.280848894288262763E+02    0.189429195194217499E+02    0.149893941081771978E+02
    0.474247255763511575E-08    0.280715344087306029E+02    0.198894045936584902E+02    0.150250561178231141E+02
    0.487876543266034541E-08    0.280128672759015238E+02    0.223805517823957523E+02    0.151122902439943321E+02
    0.497541962218910385E-08    0.279716322549536613E+02    0.216305658571222885E+02    0.150674571687230063E+02
    0.501225905843185433E-08    0.279548782347299714E+02    0.236241574579941549E+02    0.151475902380137146E+02
    0.502165829362106486E-08    0.279491312483401302E+02    0.269465841338292158E+02    0.209152866250729161E+02
    0.518083407422379340E-08    0.278847195583995315E+02    0.268160121487449601E+02    0.199600854945983741E+02
    0.558062295034045288E-08    0.277340508613823040E+02    0.270293337960454458E+02    0.198111174397023326E+02
    0.570853843000455492E-08    0.276867256330410036E+02    0.214115624662482951E+02    0.149699068507771358E+02
    0.573684595220679715E-08    0.276748325341368968E+02    0.233521371507276427E+02    0.150491534322340659E+02
    0.598086082297300778E-08    0.275895226655328436E+02    0.214638458300799009E+02    0.149418799793448152E+02
    0.611332899476707317E-08    0.275437087444564241E+02    0.236125521065227737E+02    0.150195039467458358E+02
    0.651019366492823911E-08    0.274159132721683321E+02    0.264679804722313463E+02    0.151596755180105909E+02
    0.673088691256843074E-08    0.273472378415937456E+02    0.226838343068040658E+02    0.149184528304369657E+02
    0.710627423438974342E-08    0.272366955037917684E+02    0.208381523709728995E+02    0.148054158631060453E+02
    0.733115837904983331E-08    0.271723846093476844E+02    0.256406651495351134E+02    0.149951625677659770E+02
    0.762847510204241129E-08    0.270908757418820940E+02    0.239333639625715868E+02    0.148915886885803914E+02
    0.777211348870757164E-08    0.270515674140756985E+02    0.237320205530077502E+02    0.148706205812581693E+02
    0.792236561565679900E-08    0.270112719812516708E+02    0.230607827263914196E+02    0.148292246376116932E+02
    0.811030544371146701E-08    0.269623806213556954E+02    0.207824425667924899E+02    0.147169207258233090E+02
    0.820782878872020101E-08    0.269364748231245805E+02    0.230594468862291322E+02    0.148056205406733525E+02
    0.824011951256710495E-08    0.269266219858611713E+02    0.197125376294608046E+02    0.146620608467404168E+02
    0.829067188311426177E-08    0.269123896548315500E+02    0.222771420192472576E+02    0.147645540532069077E+02
    0.833446038281169963E-08    0.268998541354130509E+02    0.249006661550821988E+02    0.148728710768222445E+02
    0.842571378593493377E-08    0.268760752913665399E+02    0.199627331592714903E+02    0.146580645164607422E+02
    0.842300896289519229E-08    0.268747174345374589E+02    0.236267566838179697E+02    0.148104304635050568E+02
    0.845117200060006091E-08    0.268660414213038017E+02    0.197141162681464550E+02    0.146480234656101782E+02
    0.848270471779210152E-08    0.268565929783601156E+02    0.217928230654544386E+02    0.147262335551357584E+02
    0.848467718374351128E-08    0.268541279765178480E+02    0.274171423665886103E+02    0.150366782553480149E+02
    0.854243683603768835E-08    0.268385590596061299E+02    0.200970089803131806E+02    0.146534971211782850E+02
    0.859612300361336398E-08    0.268240291052398945E+02    0.256313538833957466E+02    0.148802183261185128E+02
    0.861674928020975826E-08    0.268172358816270879E+02    0.214163678558392157E+02    0.146977993337749222E+02
    0.861208034829034631E-08    0.268163198628688733E+02    0.228252350111379698E+02    0.147577021561624377E+02
    0.923074963161696356E-08    0.266755711572446721E+02    0.243431294043255946E+02    0.147781565325511242E+02
    0.937655596007308629E-08    0.266422266270789088E+02    0.252927806971789586E+02    0.148082348314194050E+02
    0.951892066102724178E-08    0.266100887485316591E+02    0.231875052060907478E+02    0.147079595228683893E+02
    0.954623978287715478E-08    0.266023570075104594E+02    0.229924169570159833E+02    0.146971600370524378E+02
    0.101058635992065460E-07    0.264864200618629155E+02    0.194019668588654710E+02    0.145497066393429240E+02
    0.105619214565871431E-07    0.263961412457134657E+02    0.258739297056223840E+02    0.147549607326053938E+02
    0.121543548728609500E-07    0.261132766187635603E+02    0.235659176872251983E+02    0.145983148875134550E+02
    0.126839342030112685E-07    0.260259793428739457E+02    0.234248189817846466E+02    0.145753305266396485E+02
    0.126979994241899528E-07    0.260217627705946626E+02    0.218972894037439332E+02    0.145302287807196056E+02
    0.128950387233896168E-07    0.259889663967863420E+02    0.221784365513702184E+02    0.145312513148577072E+02
    0.130867518691590079E-07    0.259574508598127878E+02    0.220021081071165661E+02    0.145193135243552423E+02
    0.132008691608467208E-07    0.259380863355115068E+02    0.217420532986263950E+02    0.145075876823957390E+02
    0.133155465160419530E-07    0.259187871542705217E+02    0.227308517196256226E+02    0.145320008753138303E+02
    0.133611034968356896E-07    0.259099561578660023E+02    0.220720207060485620E+02    0.145110243966386765E+02
    0.135146629881002697E-07    0.258851011948383558E+02    0.214354930690757044E+02    0.144851676480934763E+02
    0.139835942279302524E-07    0.258148820781766553E+02    0.243269619856804589E+02    0.145555842441692604E+02
    0.141385567050194455E-07    0.257908405144424400E+02    0.245255322829519287E+02    0.145560953273121640E+02
    0.152882695243937408E-07    0.256324800082316422E+02    0.207616792437879951E+02    0.143979912100936165E+02
    0.156211617826797578E-07    0.255873986423219861E+02    0.239077215179152880E+02    0.144938407845107093E+02
    0.156457336670610752E-07    0.255822551400220703E+02    0.200989904963766435E+02    0.143575544066628247E+02
    0.158976775396408533E-07    0.255483056176619350E+02    0.250057525163521248E+02    0.145170552387862521E+02
    0.169294536018505697E-07    0.254205418380705304E+02    0.244822354277171428E+02    0.144739245685123148E+02
    0.174348500258357941E-07    0.253597095250212483E+02    0.233171166741370826E+02    0.144268699538442107E+02
    0.177259252205274881E-07    0.253245951420477198E+02    0.232186574382716771E+02    0.144163080391438871E+02
    0.185520774732641523E-07    0.252314881294971229E+02    0.245937036604376118E+02    0.144356053648490938E+02
    0.201599833654247350E-07    0.250632524452479757E+02    0.220102195859056025E+02    0.143237686217116060E+02
    0.207736969419179357E-07    0.250012764486707013E+02    0.234795782056612126E+02    0.143525737089986851E+02
    0.226813296144125127E-07    0.248235674771675257E+02    0.228394084223193836E+02    0.142946755562327272E+02
    0.231573487517861291E-07    0.247800273397171118E+02    0.244046706319262263E+02    0.143302848011811790E+02
    0.232232105361661510E-07    0.247723472160048921E+02    0.233044494392466284E+02    0.142967513040530179E+02
    0.241021495529851428E-07    0.246960496222201016E+02    0.249132959227618116E+02    0.143263224017431323E+02
    0.241549153390297609E-07    0.246896758952070385E+02    0.263922192486557634E+02    0.143714575545500534E+02
    0.242648191901839349E-07    0.246785966186708450E+02    0.239831522095879741E+02    0.142955300705056736E+02
    0.253065466540888810E-07    0.245925254348144975E+02    0.231995946412089857E+02    0.142536817266071996E+02
    0.263758317655528145E-07    0.245077554265308244E+02    0.215714068844712976E+02    0.141876567085809704E+02
    0.264146062494009621E-07    0.245028174330397661E+02    0.223273039175865620E+02    0.142084196075588114E+02
    0.306121378996774118E-07    0.242058584940054615E+02    0.265649948692172266E+02    0.142719597372816871E+02
    0.314152884624270955E-07    0.241520623451425287E+02    0.242398432428096768E+02    0.141850723682181101E+02
    0.324344427218463875E-07    0.240862098711291708E+02    0.262147634722884817E+02    0.142341420844299797E+02
    0.352819605786801826E-07    0.239159080782930928E+02    0.234876780559574065E+02    0.141100174097934747E+02
    0.354678378355589675E-07    0.239033990626511113E+02    0.212909320306684151E+02    0.140388829650205302E+02
    0.367204542562554117E-07    0.238319838084205209E+02    0.247465834220204428E+02    0.141295286699936753E+02
    0.386329307294063588E-07    0.237284416004601795E+02    0.230534411210612546E+02    0.140549562590506802E+02
    0.395215892246337128E-07    0.236809575109080761E+02    0.231892153958020621E+02    0.140480918541880300E+02
    0.415290772755361407E-07    0.235798640031325739E+02    0.256023384342156461E+02    0.141022356296935012E+02
    0.427573435559854357E-07    0.235195697619624724E+02    0.232033367842562512E+02    0.140117379318935740E+02
    0.429468423649825893E-07    0.235087254276620143E+02    0.188720153748838975E+02    0.138338031241085595E+02
    0.434753591748215081E-07    0.234822630377047226E+02    0.239743987261690208E+02    0.140265392314986812E+02
    0.449275466925653567E-07    0.234145494439771902E+02    0.238077682722421606E+02    0.140059621495218671E+02
    0.493567748445638501E-07    0.232245016053807625E+02    0.208753705660948299E+02    0.138642898015788134E+02
    0.515487385042838277E-07    0.231355962036788299E+02    0.249574165012415783E+02    0.139819189298624842E+02
    0.515963195590002075E-07    0.231317509942627382E+02    0.237555752247567398E+02    0.139411556707751689E+02
    0.517025888839916128E-07    0.231256359706257832E+02    0.221555121637411858E+02    0.138911490805249098E+02
    0.519927946818704511E-07    0.231124413910574908E+02    0.235541748014511718E+02    0.139301478644366021E+02
    0.528339470193189899E-07    0.230783438412194144E+02    0.240124054124575537E+02    0.139377271823758360E+02
    0.544417219636735654E-07    0.230163900658594400E+02    0.263597826769124346E+02    0.140017772156117122E+02
    0.567987742232928059E-07    0.229296221915613891E+02    0.225547349604717446E+02    0.138574850527671547E+02
    0.610123696329651088E-07    0.227844984324296540E+02    0.232855140354442618E+02    0.138475595213559011E+02
    0.621665346927649877E-07    0.227450180263804178E+02    0.277810445862855353E+02    0.139875774546302125E+02
    0.634054896836366965E-07    0.227035507898689985E+02    0.221902655917118850E+02    0.137945505722819899E+02
    0.677588929641110821E-07    0.225687402561809343E+02    0.247119672589207191E+02    0.138461572298206086E+02
    0.689978599482779069E-07    0.225305007036503433E+02    0.231540534531056750E+02    0.137857648764879990E+02
    0.715207822211406742E-07    0.224566755455942442E+02    0.248615429435351096E+02    0.138257021478836606E+02
    0.718847655520205098E-07    0.224445229645220650E+02    0.250855362950533447E+02    0.138303784500864282E+02
    0.736480917773441830E-07    0.223940552149258600E+02    0.262515890350445780E+02    0.138576206081254227E+02
    0.822995366284703493E-07    0.221699207266113341E+02    0.225689862219507233E+02    0.136842407009636293E+02
    0.827760499961414826E-07    0.221563741448068008E+02    0.213456685011277614E+02    0.136384700190461885E+02
    0.845086186333870941E-07    0.221129446317514997E+02    0.202927817649294937E+02    0.135831717867369726E+02
    0.944971162405929850E-07    0.218875130452751492E+02    0.206275840611553960E+02    0.135506720664699021E+02
    0.963822675139001415E-07    0.218460072059082755E+02    0.229957838528237097E+02    0.136240774175300743E+02
    0.101073475046588689E-06    0.217489562252624076E+02    0.227604961129505838E+02    0.135994184224325245E+02
    0.101979554142629086E-06    0.217291069941791264E+02    0.197312454501131711E+02    0.134805998728364234E+02
    0.104104648396160974E-06    0.216858584257877069E+02    0.260811391684198455E+02    0.136895562711171870E+02
    0.104425624781471218E-06    0.216777014945392104E+02    0.256134466084821213E+02    0.136721419291896620E+02
    0.108170107967870561E-06    0.216052415578520076E+02    0.248109991819127700E+02    0.136287277967579090E+02
    0.108710731523032710E-06    0.215932706507643140E+02    0.242026743805262932E+02    0.136086056541468547E+02
    0.109943463962141951E-06    0.215687191420238875E+02    0.226085636757740573E+02    0.135632463141739805E+02
    0.111653348382341652E-06    0.215358537457458397E+02    0.241324241000476789E+02    0.135964982742848690E+02
    0.117150448192715160E-06    0.214377336999008961E+02    0.221696282658649082E+02    0.135284318222201438E+02
    0.117301223263425474E-06    0.214331613131816212E+02    0.258860971449787876E+02    0.136244774691389008E+02
    0.118465014717802712E-06    0.214114163163262141E+02    0.246597921710873500E+02    0.135876708436528109E+02
    0.121912682568309211E-06    0.213520415377328874E+02    0.214420715360491414E+02    0.134732864252359850E+02
    0.129887473588522170E-06    0.212233147057230660E+02    0.269433126184944314E+02    0.136123876054320956E+02
    0.130430815953218270E-06    0.212129658009314852E+02    0.194916074382233475E+02    0.133629873568734023E+02
    0.133682807228204104E-06    0.211617119140397243E+02    0.236536320497373538E+02    0.135167172432938241E+02
    0.134703005258491219E-06    0.211445068935563221E+02    0.230635341041626312E+02    0.134984388361968133E+02
    0.135503542347436768E-06    0.211306561158710657E+02    0.253269435632157993E+02    0.135540792529030352E+02
    0.136614782038826785E-06    0.211123213707401192E+02    0.236612728839978352E+02    0.135079601121867370E+02
    0.140825840827227539E-06    0.210496037704239107E+02    0.239326935210684866E+02    0.135035486336516843E+02
    0.141362440818489261E-06    0.210399974923048667E+02    0.253445745511660085E+02    0.135380771969859328E+02
    0.145182070048440516E-06    0.209846744608961551E+02    0.225224183611829680E+02    0.134555114855644256E+02
    0.154686725943086929E-06    0.208558477839058014E+02    0.232281656295014614E+02    0.134501666099999877E+02
    0.155280290010875762E-06    0.208461880683521628E+02    0.215109561059045298E+02    0.133697120517626029E+02
    0.156201238527988856E-06    0.208323613484170735E+02    0.238763253305068446E+02    0.134625309957704626E+02
    0.190213562473975164E-06    0.204363567734947758E+02    0.248839065685327867E+02    0.134157412690118996E+02
    0.194625026567567449E-06    0.203885021480769808E+02    0.243951239411630389E+02    0.133943524682855024E+02
    0.195158556932633394E-06    0.203810270001143365E+02    0.188470832877953072E+02    0.131530153494091344E+02
    0.198490975034211623E-06    0.203451644148561073E+02    0.245489709671825374E+02    0.133902984215628127E+02
    0.205768617348547448E-06    0.202711470398896481E+02    0.223470876784553134E+02    0.132957978583847858E+02
    0.209374027703096107E-06    0.202344071638733709E+02    0.214854452635233315E+02    0.132381410032406706E+02
    0.210907323181527238E-06    0.202178140606783074E+02    0.249529583823899905E+02    0.133770989792745869E+02
    0.215474109412901813E-06    0.201729701606167531E+02    0.242764795687345796E+02    0.133513981488298974E+02
    0.221017096904636221E-06    0.201201715612282150E+02    0.204914673843601562E+02    0.131721865630202899E+02
    0.231065279912884853E-06    0.200292511461496083E+02    0.243369699854604100E+02    0.133262211391096717E+02
    0.239672008008801579E-06    0.199541089706974226E+02    0.208091368667199461E+02    0.131495288724444848E+02
    0.245941591032529445E-06    0.199004635355718804E+02    0.245910618753120289E+02    0.133087118137156004E+02
    0.245952331206407941E-06    0.198983761982546135E+02    0.201065147612449238E+02    0.131082157350175681E+02
    0.250073034551781888E-06    0.198631456545874592E+02    0.241784377737703480E+02    0.132911307113595090E+02
    0.252113027423316330E-06    0.198448966644444802E+02    0.218521894452776451E+02    0.131745886724845391E+02
    0.262587314889386469E-06    0.197614843716517399E+02    0.233358479671415395E+02    0.132439027915467804E+02
    0.277370689399990993E-06    0.196499420005223406E+02    0.221687500895807794E+02    0.131508121462910506E+02
    0.278114837810807430E-06    0.196425834533089194E+02    0.210922765683706359E+02    0.130935933954765922E+02
    0.278110023953959499E-06    0.196406180713719927E+02    0.227670334044790117E+02    0.131840387585905194E+02
    0.279732685872803637E-06    0.196269827737023554E+02    0.234618257146870448E+02    0.132220115953707626E+02
    0.289917109833225767E-06    0.195534615734730970E+02    0.244733250260085562E+02    0.132405221216098123E+02
    0.291076874480651042E-06    0.195434768698844010E+02    0.175876501253904394E+02    0.128158382665766410E+02
    0.306989271931746433E-06    0.194350260771403569E+02    0.272281718221192826E+02    0.132889225528284420E+02
    0.312467947723402939E-06    0.193976478881362304E+02    0.240527032271528007E+02    0.132002622434568782E+02
    0.324392842805565808E-06    0.193207411631386954E+02    0.282502819490450463E+02    0.132894435502724946E+02
    0.339996734536123772E-06    0.192247796548810364E+02    0.238304490568406955E+02    0.131554541718929769E+02
    0.356302268165733169E-06    0.191290928044400026E+02    0.226656710448851619E+02    0.130656627706731161E+02
    0.364719085288888702E-06    0.190803968255576208E+02    0.227730985350178088E+02    0.130612141074369781E+02
    0.365984702801011909E-06    0.190714686075936584E+02    0.236937220591840969E+02    0.131134955138419738E+02
    0.424656104003868923E-06    0.187720923327535161E+02    0.223019812253998353E+02    0.129648663499426462E+02
    0.425475130310284406E-06    0.187662386850965923E+02    0.240998144884946264E+02    0.130695188404767269E+02
    0.434266262220402767E-06    0.187233359745943524E+02    0.242063667239745257E+02    0.130662081029113182E+02
    0.440072630321559231E-06    0.186947721169931782E+02    0.247636640792048297E+02    0.130841333432124216E+02
    0.441528541823904089E-06    0.186861663507037896E+02    0.221752457748398406E+02    0.129381803019703181E+02
    0.442304048250782424E-06    0.186806566062810937E+02    0.255846937331358504E+02    0.131025018692391679E+02
    0.444479857759867994E-06    0.186688422022958136E+02    0.231488011033393306E+02    0.129916795557074600E+02
    0.447355823482813590E-06    0.186539430741146504E+02    0.218304242914471196E+02    0.129106392063331139E+02
    0.448312136967446504E-06    0.186476722331768201E+02    0.238890678114181938E+02    0.130305655084593770E+02
    0.476637323895295656E-06    0.185231399325393937E+02    0.248020391191946175E+02    0.130519105816503149E+02
    0.520571934834629298E-06    0.183447955177214297E+02    0.212714146966657580E+02    0.128128436687366847E+02
    0.530654192423116267E-06    0.183044305399590996E+02    0.226727353202727642E+02    0.128815769797851996E+02
    0.534726319708849275E-06    0.182871415532730310E+02    0.217226041991084742E+02    0.128216652423513597E+02
    0.550561256250908342E-06    0.182267752337663893E+02    0.217469419327434679E+02    0.128094214550651646E+02
    0.568588613041657328E-06    0.181603373359800138E+02    0.240835999176807434E+02    0.129320579107036320E+02
    0.570736262959995094E-06    0.181507972479601030E+02    0.225472133753492123E+02    0.128393389727137510E+02
    0.575962449052955885E-06    0.181305667494894251E+02    0.226820635843803409E+02    0.128426877358387532E+02
    0.580383510298709650E-06    0.181132734620368261E+02    0.281533315395460519E+02    0.130543927348970232E+02
    0.579987321280871272E-06    0.181126391945163512E+02    0.225498371648971698E+02    0.128308169430931667E+02
    0.584208085875186155E-06    0.180961372198092043E+02    0.231101599416362440E+02    0.128600858352180083E+02
    0.601050019404246701E-06    0.180372953653297898E+02    0.209414180888679162E+02    0.127293061732348907E+02
    0.614104992063904801E-06    0.179923198606469832E+02    0.245226197326365813E+02    0.129196675451368623E+02
    0.626210910312886995E-06    0.179512772178203299E+02    0.246498796577905175E+02    0.129177928676002676E+02
    0.630906249791670743E-06    0.179343371264375655E+02    0.217349308835122983E+02    0.127421197547901421E+02
    0.654713011143020171E-06    0.178582577040134396E+02    0.213566532764568215E+02    0.127056608165940492E+02
    0.710406094290889629E-06    0.176929781407654332E+02    0.223037391008656769E+02    0.127202612125240719E+02
    0.733755915191694811E-06    0.176262988159985348E+02    0.242086552096120755E+02    0.128171639749595236E+02
    0.745811809100289737E-06    0.175917050778831161E+02    0.206794051522555051E+02    0.125856876456661766E+02
    0.794419730144112560E-06    0.174634277834814426E+02    0.247499163525561308E+02    0.128113993205050321E+02
    0.859769175771804987E-06    0.173033237754853246E+02    0.231486855856306484E+02    0.126798248563728730E+02
    0.894980950613123359E-06    0.172210468137636994E+02    0.271311794437088416E+02    0.128544944162202235E+02
    0.921789751494982967E-06    0.171600173568027650E+02    0.203425064239722175E+02    0.124053584773356658E+02
    0.937679851986572631E-06    0.171238345182697174E+02    0.211422501679551225E+02    0.124850310784836775E+02
    0.989846105733269532E-06    0.170135527168162355E+02    0.210502243879073774E+02    0.124371605450778198E+02
    0.100029166399386411E-05    0.169905578804975654E+02    0.227169533629038121E+02    0.125811922239849405E+02
    0.102901418636063573E-05    0.169319386368189519E+02    0.212846334474179955E+02    0.124364097309179780E+02
    0.106902736483500043E-05    0.168536426629314064E+02    0.225599413851208084E+02    0.125347426790655447E+02
    0.107124096386570415E-05    0.168475056119077138E+02    0.233393771649583108E+02    0.125841716220548552E+02
    0.108984339488514096E-05    0.168110731004307503E+02    0.234391219802449129E+02    0.125814429482062433E+02
    0.118598860576088145E-05    0.166399877369436986E+02    0.224590944060058142E+02    0.124692130234341843E+02
    0.118815898232035398E-05    0.166343310524561474E+02    0.214452820352983764E+02    0.123533378203435333E+02
    0.120120595764424663E-05    0.166104890897168076E+02    0.279629292789123838E+02    0.127489298032973295E+02
    0.121853292153927809E-05    0.165798458998231979E+02    0.250198324990559051E+02    0.126197526418390868E+02
    0.122681543205062729E-05    0.165642976588587167E+02    0.249797235840322251E+02    0.126136861572782966E+02
    0.123532369397388707E-05    0.165484750511911969E+02    0.225733027287406109E+02    0.124517773472558471E+02
    0.131397365328509951E-05    0.164230293852557772E+02    0.228385381437803261E+02    0.124351821736012838E+02
    0.132503948373174434E-05    0.164042566073597520E+02    0.245236827237417181E+02    0.125450680241769827E+02
    0.136918258695148788E-05    0.163367133036093968E+02    0.202661491595411896E+02    0.121153964429976213E+02
    0.137117855247744941E-05    0.163317998688066588E+02    0.235008027756303655E+02    0.124550850273459393E+02
    0.138348477194616025E-05    0.163119300968765302E+02    0.198321597727292485E+02    0.120569592049247998E+02
    0.141400909428674298E-05    0.162662831253204097E+02    0.238114122976663189E+02    0.124580643997784684E+02
    0.142050147150325460E-05    0.162551212070005313E+02    0.248908239431015197E+02    0.125286756396455079E+02
    0.149274783343689821E-05    0.161539039133270421E+02    0.241125466772310730E+02    0.124472656990745616E+02
    0.151482881617242140E-05    0.161225362435304724E+02    0.240360349931078403E+02    0.124332652265467534E+02
    0.152690256031391667E-05    0.161046586974116224E+02    0.191611028834542907E+02    0.118906863331097110E+02
    0.152713936622379312E-05    0.161023485433062632E+02    0.218765275592601860E+02    0.122239235590823832E+02
    0.152628519514913972E-05    0.161014675113105561E+02    0.239119158124172984E+02    0.124188893835999927E+02
    0.153157818288770761E-05    0.160925437317030884E+02    0.235687698330384556E+02    0.123929535720003177E+02
    0.153088224499625474E-05    0.160914527235673646E+02    0.219701988104704036E+02    0.122322638187406323E+02
    0.152938682175258737E-05    0.160914073534775106E+02    0.215049365003231117E+02    0.121725379826329405E+02
    0.160668921267792710E-05    0.159907897792679385E+02    0.246110398162879420E+02    0.124355854727979924E+02
    0.160953145699881614E-05    0.159852548911459085E+02    0.256129944608442059E+02    0.125024610953377096E+02
    0.161979251620702554E-05    0.159705449941812692E+02    0.195726078916098345E+02    0.119010092935159193E+02
    0.163396387003136495E-05    0.159511233537750563E+02    0.293707365419831206E+02    0.126656540362473660E+02
    0.169569398076755658E-05    0.158749569529918375E+02    0.237984642408166849E+02    0.123474705817662791E+02
    0.170423981636497140E-05    0.158629028118179907E+02    0.210148768949696390E+02    0.120362829427610709E+02
    0.170363813460395750E-05    0.158616090363670956E+02    0.183450932621328882E+02    0.116739302654948176E+02
    0.175207880873398170E-05    0.158035351761208229E+02    0.256028328975191464E+02    0.124505323279067834E+02
    0.175768598824831821E-05    0.157951447943042442E+02    0.246970228062073325E+02    0.123862944477486074E+02
    0.176203805863833209E-05    0.157881988695101452E+02    0.261107625784033317E+02    0.124808850580105943E+02
    0.178049738872682117E-05    0.157653556091556215E+02    0.229226665807624670E+02    0.122414060221678280E+02
    0.179681941365942860E-05    0.157451049043975395E+02    0.267211249393128405E+02    0.125103709526602493E+02
    0.179938897420250854E-05    0.157402468264406501E+02    0.214215834112899515E+02    0.120398487183690364E+02
    0.182772498156739241E-05    0.157069970954472726E+02    0.203626755467403022E+02    0.119064604867963943E+02
    0.185230918251232205E-05    0.156782749884515802E+02    0.213341553212021218E+02    0.120079312291743285E+02
    0.185306685288552310E-05    0.156754570737496799E+02    0.233801420880528994E+02    0.122624339006243677E+02
    0.187565425379202733E-05    0.156492260556052720E+02    0.213031229555787220E+02    0.119940978220463563E+02
    0.188509424475675855E-05    0.156371854896968703E+02    0.223313694375452130E+02    0.121195360591191079E+02
    0.188425291267648771E-05    0.156360783043505744E+02    0.219170948104942767E+02    0.120654623942533554E+02
    0.190624937020267148E-05    0.156108658614577429E+02    0.260680610690211125E+02    0.124276522268535299E+02
    0.191334279627003642E-05    0.156014373885601607E+02    0.217083507207181903E+02    0.120261503460418115E+02
    0.198671487439126943E-05    0.155241762079380798E+02    0.233995130828481628E+02    0.122178911512411581E+02
    0.199927895897197896E-05    0.155095679333484373E+02    0.254771354497818088E+02    0.123584188583933869E+02
    0.201243310138483132E-05    0.154944521470137193E+02    0.229766459063454072E+02    0.121525353001219933E+02
    0.204733349584675166E-05    0.154580646979766811E+02    0.235048913274898119E+02    0.122080435786968557E+02
    0.204654615162829434E-05    0.154568339870577489E+02    0.227204635179904777E+02    0.121059589500740383E+02
    0.211347152290328652E-05    0.153904773893746167E+02    0.231531818280754145E+02    0.121383880811321117E+02
    0.212494940970613553E-05    0.153776451336422841E+02    0.214427713250422620E+02    0.119136660675181663E+02
    0.218127008071732263E-05    0.153233264974624497E+02    0.198326850458307682E+02    0.116876141313409452E+02
    0.219907775441437934E-05    0.153050649835630797E+02    0.233671567295971734E+02    0.121356053240985258E+02
    0.220918258371095243E-05    0.152938959724614367E+02    0.257732381709736806E+02    0.123168407546574095E+02
    0.222150007736441771E-05    0.152807757669957383E+02    0.235548286174173533E+02    0.121512317156192911E+02
    0.224825560601994957E-05    0.152548318648075245E+02    0.227066739899681806E+02    0.120320350717772726E+02
    0.227037166893979580E-05    0.152332540256312008E+02    0.244566091976963023E+02    0.122094598717785789E+02
    0.229945463617353497E-05    0.152057971632103452E+02    0.229478529950901269E+02    0.120457022884870373E+02
    0.234736915196743590E-05    0.151625507409623594E+02    0.198990948507961463E+02    0.116340286467655147E+02
    0.241944250170764646E-05    0.151000668385660610E+02    0.239745558529567866E+02    0.121380680392583375E+02
    0.245831654024871736E-05    0.150661875585355229E+02    0.237760511948182192E+02    0.121027930220721611E+02
    0.246186737781254920E-05    0.150613008061381848E+02    0.217726833872460439E+02    0.118414329748156320E+02
    0.246204883504965954E-05    0.150591533972633957E+02    0.235650392394210293E+02    0.120729129355586373E+02
    0.247626803995600343E-05    0.150456359150424408E+02    0.189991148769865639E+02    0.114184984483826604E+02
    0.254824692222948428E-05    0.149863298408980850E+02    0.234585540000675792E+02    0.120328130442254988E+02
    0.258928777620260144E-05    0.149523754274106313E+02    0.230229150074894378E+02    0.119640769474773290E+02
    0.265727796888752374E-05    0.148985365656796596E+02    0.212509462545484133E+02    0.117192642444429538E+02
    0.266898851359035182E-05    0.148877419898835353E+02    0.191811800877046466E+02    0.113661535749730618E+02
    0.268589133192836376E-05    0.148731158432927479E+02    0.216950090648941050E+02    0.117632714862036014E+02
    0.268562359178791628E-05    0.148713152210434423E+02    0.227181493550383884E+02    0.118951969035227236E+02
    0.273730039981617416E-05    0.148311967650836767E+02    0.230142358575050778E+02    0.119189884891158613E+02
    0.277173710721826229E-05    0.148041926471053511E+02    0.247606330607498997E+02    0.121056671242086065E+02
    0.280353206583789101E-05    0.147793809748261289E+02    0.251190747967031989E+02    0.121228885281070902E+02
    0.285130613715313535E-05    0.147435867573658523E+02    0.222198532550920582E+02    0.117841513829261491E+02
    0.293901092104277120E-05    0.146809949167655756E+02    0.240161967029657184E+02    0.119940717891293982E+02
    0.298869456422558186E-05    0.146454677404912221E+02    0.220247152533724062E+02    0.117230219176622033E+02
    0.301809350096129482E-05    0.146238904415014694E+02    0.227164623899095943E+02    0.118047600264007677E+02
    0.306240619993777287E-05    0.145927392298138532E+02    0.215533665722473415E+02    0.116426311025382123E+02
    0.310391900937048487E-05    0.145638101041565911E+02    0.209904977358691447E+02    0.115585327844897758E+02
    0.310285030001373855E-05    0.145624988420904398E+02    0.223340051514214863E+02    0.117326941457361773E+02
    0.318942957478133181E-05    0.145054569551855259E+02    0.203253474474470863E+02    0.113930582717736240E+02
    0.330104549490600327E-05    0.144346626535641303E+02    0.223214321568570817E+02    0.116840410958146492E+02
    0.333372216360435841E-05    0.144129622302253857E+02    0.201500499258444208E+02    0.112989811769468087E+02
    0.335618283135969871E-05    0.143975325912897905E+02    0.218606329003887154E+02    0.116106321214747190E+02
    0.340131405240678894E-05    0.143688174375185422E+02    0.227855348731843925E+02    0.117198751260846930E+02
    0.348719278987930346E-05    0.143169470147458995E+02    0.199193985314268218E+02    0.111903487001809800E+02
    0.359872047832113763E-05    0.142519844042421866E+02    0.218995433331931224E+02    0.115618006566182512E+02
    0.359870794328920677E-05    0.142499913706370620E+02    0.248378555745132488E+02    0.119418092330228198E+02
    0.359699260087253825E-05    0.142489449080658677E+02    0.205190876292126738E+02    0.112832573773240377E+02
    0.361349443328895537E-05    0.142377905410177004E+02    0.233554777507340496E+02    0.117451925881977033E+02
    0.365086028318799778E-05    0.142152154557398127E+02    0.220914813234321663E+02    0.115730174708395079E+02
    0.372779551713817210E-05    0.141715070339019871E+02    0.231262362313250840E+02    0.116908461905672176E+02
    0.379251019035394248E-05    0.141350848850094728E+02    0.225171970188529045E+02    0.115983611121203207E+02
    0.383514292752127964E-05    0.141107277167118461E+02    0.239516357498695491E+02    0.117751546426863776E+02
    0.394912187985804552E-05    0.140501546328296936E+02    0.241888152198430646E+02    0.117832678500923009E+02
    0.396807586721959243E-05    0.140385785054282195E+02    0.221870695937531188E+02    0.115187585063076003E+02
    0.416433609017669397E-05    0.139400274018449153E+02    0.208749233423133056E+02    0.112226882508220012E+02
    0.422785570354552282E-05    0.139077512461297346E+02    0.212581447608138845E+02    0.112937397583633032E+02
    0.430673923675992346E-05    0.138687790030635316E+02    0.221237673824055676E+02    0.114313016610587912E+02
    0.431804705371799711E-05    0.138615346651489286E+02    0.227885145955543962E+02    0.115310524904313638E+02
    0.439022915620164065E-05    0.138263782728037636E+02    0.249633769221021709E+02    0.117996281001881460E+02
    0.443461038643059942E-05    0.138042615990964066E+02    0.241906290032734290E+02    0.116911541067968887E+02
    0.449336284007120236E-05    0.137759383562822055E+02    0.272053303405637195E+02    0.119663291287488125E+02
    0.454183626760818811E-05    0.137524783344129169E+02    0.229107168009122475E+02    0.115019684670239872E+02
    0.474684777445977192E-05    0.136621795807948434E+02    0.236362262083584831E+02    0.115655653466843908E+02
    0.476049209926523802E-05    0.136544390332372263E+02    0.227950270564381832E+02    0.114385801148294775E+02
    0.478647155763154257E-05    0.136415540970724010E+02    0.227231754454744106E+02    0.114213095275992913E+02
    0.481292438478996712E-05    0.136285313642771442E+02    0.238983743078265363E+02    0.115867634301893023E+02
    0.488576856958456507E-05    0.135964879120635622E+02    0.213502264810537703E+02    0.111712493615053710E+02
    0.490529546653748109E-05    0.135865104653754116E+02    0.242799599162860993E+02    0.116202375159697144E+02
    0.493589579197348747E-05    0.135720727743471787E+02    0.229811848785037718E+02    0.114298504225195252E+02
    0.495138071633529934E-05    0.135638081828756718E+02    0.230229068960611833E+02    0.114325993561414077E+02
    0.494907157456253256E-05    0.135627411268449407E+02    0.235529428469813560E+02    0.115156360067408468E+02
    0.505942986062517183E-05    0.135166335210634436E+02    0.235497158337984054E+02    0.114937581471167753E+02
    0.507330896506846440E-05    0.135091546023380893E+02    0.215029557133405582E+02    0.111649866088600778E+02
    0.506841048497342208E-05    0.135090866141631700E+02    0.210362536727973826E+02    0.110604698725138348E+02
    0.520404980894407995E-05    0.134542668596638606E+02    0.228245151749507791E+02    0.113505056096183967E+02
    0.521107639053292102E-05    0.134495682528412388E+02    0.229991260605262369E+02    0.113758383428520915E+02
    0.525134159857142488E-05    0.134321739503476572E+02    0.253015865719578024E+02    0.116937373457284224E+02
    0.528528701222531577E-05    0.134172872738407829E+02    0.193198185171232453E+02    0.106335238069255293E+02
    0.532365811284020083E-05    0.134008197589338511E+02    0.226503257030399006E+02    0.112981765881896070E+02
    0.539190938578782582E-05    0.133733419871091659E+02    0.208257260842729011E+02    0.109501857782968184E+02
    0.544758096035560022E-05    0.133507978241244221E+02    0.219560361259591872E+02    0.111654303918143505E+02
    0.544918654274403962E-05    0.133482084447881117E+02    0.270468257503418421E+02    0.118246159882203354E+02
    0.551934255277382391E-05    0.133206236225592178E+02    0.247208106674967318E+02    0.115757026438459043E+02
    0.553180154470086705E-05    0.133141140452354865E+02    0.241694482005420994E+02    0.114971140613191238E+02
    0.566433171598524001E-05    0.132647632827301472E+02    0.239834228363028110E+02    0.114447032431898563E+02
    0.566671052369650381E-05    0.132619235337659145E+02    0.250589178552350518E+02    0.115969299553765826E+02
    0.567208683194411950E-05    0.132580269274567790E+02    0.237519012829608052E+02    0.114050609198128861E+02
    0.568829187940143105E-05    0.132503211111771684E+02    0.263716042690812316E+02    0.117482418522330807E+02
    0.570667967068625771E-05    0.132418664018646783E+02    0.245284491033934877E+02    0.115198664280203040E+02
    0.570776586706101069E-05    0.132394857626562921E+02    0.231486743236770067E+02    0.113013053466267994E+02
    0.571656220223094474E-05    0.132344059012045570E+02    0.225783426640550822E+02    0.112090421630708921E+02
    0.576810099737898203E-05    0.132144553038796868E+02    0.214391758053895956E+02    0.110131845988591515E+02
    0.576598208877841287E-05    0.132131901377139123E+02    0.265177322157158635E+02    0.117467142972765028E+02
    0.581568642505988635E-05    0.131940234777012417E+02    0.239581333051062124E+02    0.114075365599397074E+02
    0.584914272266817792E-05    0.131805509086906465E+02    0.234203740691645557E+02    0.113164587919836030E+02
    0.602699762675055052E-05    0.131186431619714039E+02    0.221434430727931826E+02    0.110860919716486332E+02
    0.602506653714024174E-05    0.131172840777849036E+02    0.248523096306843456E+02    0.115123541469177528E+02
    0.604839572777153249E-05    0.131075549876021658E+02    0.233098682688978904E+02    0.112646893227437186E+02
    0.606599550469868087E-05    0.130997437870319970E+02    0.246645897491054988E+02    0.114745038957005416E+02
    0.608119084740682807E-05    0.130927400437144765E+02    0.245426604420447809E+02    0.114519860855891267E+02
    0.609132607426856106E-05    0.130874095150262892E+02    0.224513852860142862E+02    0.111198985509258854E+02
    0.615216201811620298E-05    0.130655339880315520E+02    0.193576068991450718E+02    0.104770643623216646E+02
    0.625501910539227154E-05    0.130303727267670464E+02    0.207848484165587806E+02    0.107799839226605041E+02
    0.626208960275697039E-05    0.130261132598944318E+02    0.239128447680078366E+02    0.113212687148153073E+02
    0.632037087344091642E-05    0.130055853455469368E+02    0.204509841063506634E+02    0.106935142792123035E+02
    0.637387294283068391E-05    0.129867265591674705E+02    0.211767370533441479E+02    0.108470680054691062E+02
    0.637518518948802219E-05    0.129843148435259188E+02    0.232741395317133986E+02    0.112008320588614421E+02
    0.638205967441980763E-05    0.129801593669569648E+02    0.234787252204784345E+02    0.112311053440057833E+02
    0.638936268421658625E-05    0.129758720694617544E+02    0.205457945139916696E+02    0.107006711177099412E+02
    0.648765505227388276E-05    0.129433388267054568E+02    0.237475175704460888E+02    0.112560107477417422E+02
    0.649647584322262409E-05    0.129386214196254006E+02    0.190121885718079966E+02    0.103296657139903214E+02
    0.652229456610874059E-05    0.129286886407459090E+02    0.260350018554310196E+02    0.115942071132317022E+02
    0.652426229396241732E-05    0.129260853465927710E+02    0.194433184699377755E+02    0.104268975221289502E+02
    0.654841047804200855E-05    0.129166964332566820E+02    0.217653023883518912E+02    0.109309786584636637E+02
    0.655099962960494317E-05    0.129139058170149035E+02    0.250277264875560981E+02    0.114437933902605256E+02
    0.660264066609683961E-05    0.128962017835595280E+02    0.258472064655762850E+02    0.115571846084802434E+02
    0.680467954614765856E-05    0.128339200353263596E+02    0.246032835964747036E+02    0.113388523785521009E+02
    0.692573456230697092E-05    0.127966528825794015E+02    0.250595675732899288E+02    0.113929893817314856E+02
    0.697138345828301552E-05    0.127815137381641648E+02    0.205794266584261614E+02    0.106157569723958858E+02
    0.698175392300192154E-05    0.127765407962816369E+02    0.216204265059204310E+02    0.108413980805276893E+02
    0.702527390280488955E-05    0.127621127150683371E+02    0.263946216458659677E+02    0.115755739143733507E+02
    0.715691360700510756E-05    0.127229834683037399E+02    0.204639163250401808E+02    0.105619149401078936E+02
    0.718833869540078352E-05    0.127122209486904350E+02    0.229041394666659990E+02    0.110129449156001069E+02
    0.719233031280877967E-05    0.127091106755847782E+02    0.219552179298577208E+02    0.108619106543267350E+02
    0.735849579710395534E-05    0.126614300505143937E+02    0.255738109852738731E+02    0.114093240004096703E+02
    0.748270729468732228E-05    0.126259517948437505E+02    0.193788622375329140E+02    0.102575155538873783E+02
    0.753253685829091004E-05    0.126106773529436396E+02    0.219226198144376241E+02    0.108095375824457083E+02
    0.767038402496821195E-05    0.125724077582935845E+02    0.243997302669737550E+02    0.111815003051492301E+02
    0.772075592600813178E-05    0.125573165691943736E+02    0.236761796832673674E+02    0.110602024777157641E+02
    0.772051387142984640E-05    0.125553792724775946E+02    0.242094008405195140E+02    0.111433015700422349E+02
    0.772941032142931835E-05    0.125510759728959691E+02    0.228804252038133207E+02    0.109317881953897107E+02
    0.783174067442183159E-05    0.125227715361315859E+02    0.232366272168193539E+02    0.109742721506617151E+02
    0.788421201057509216E-05    0.125074165630861760E+02    0.213904688248203207E+02    0.106657153230545081E+02
    0.789035355221333959E-05    0.125038592353932714E+02    0.188465365546921397E+02    0.100664309259210878E+02
    0.791810498280431296E-05    0.124948373087362530E+02    0.234335270890999894E+02    0.109918138195637667E+02
    0.792215047457793551E-05    0.124918157363576778E+02    0.247477268649109803E+02    0.111974645019097654E+02
    0.809740163462573666E-05    0.124460546747000684E+02    0.223675542463288011E+02    0.108002290095504740E+02
    0.819686497806560613E-05    0.124196376005953422E+02    0.258293598973616731E+02    0.113329940846937305E+02
    0.825027176441340299E-05    0.124046488415437359E+02    0.238607849319512120E+02    0.110154906574807239E+02
    0.827563683682603692E-05    0.123965093685638976E+02    0.232225218855195408E+02    0.109109558281613488E+02
    0.838012436640020878E-05    0.123694156129477353E+02    0.227322200759425570E+02    0.108205353217438507E+02
    0.850009055497676576E-05    0.123389874895014451E+02    0.204351452280546404E+02    0.103624636681761899E+02
    0.865079228869297398E-05    0.123018393017981822E+02    0.258727121373335756E+02    0.112825919355085560E+02
    0.865420625431674554E-05    0.122990501735796833E+02    0.219446214376335718E+02    0.106621878724268804E+02
    0.864592053839946016E-05    0.122989659321519280E+02    0.241525364526330932E+02    0.110101020935113674E+02
    0.867546356706387461E-05    0.122901436003724687E+02    0.250601659859941641E+02    0.111488410925338162E+02
    0.873211269060438499E-05    0.122751264352756966E+02    0.209715548187176957E+02    0.104580011059547680E+02
    0.878578786750716939E-05    0.122608703216628889E+02    0.211556988833787365E+02    0.104934828561840945E+02
    0.899924377392130464E-05    0.122108600260617948E+02    0.215180068859193518E+02    0.105501696656205883E+02
    0.903828908411089624E-05    0.122002013316641023E+02    0.240247962085809732E+02    0.109417590628219266E+02
    0.903482136463661417E-05    0.121989688187055183E+02    0.223848763294418767E+02    0.106827137854187288E+02
    0.908869031959917590E-05    0.121850794863200296E+02    0.229754438229521440E+02    0.107689873196007468E+02
    0.938923796622588305E-05    0.121180128510930505E+02    0.242306396974646390E+02    0.109314460210194042E+02
    0.963681113598685781E-05    0.120639606056827215E+02    0.238547698780087565E+02    0.108443182564617899E+02
    0.985445290608154587E-05    0.120172942740063959E+02    0.216617386304202171E+02    0.104781739045021407E+02
    0.100257234975810828E-04    0.119808328435873648E+02    0.206032790102246324E+02    0.102039984389213334E+02
    0.102206132451994268E-04    0.119403279486380658E+02    0.228410544932737025E+02    0.106208090279625260E+02
    0.102806027924828870E-04    0.119266233320159909E+02    0.238944726463493211E+02    0.107774869361106553E+02
    0.106548262992180219E-04    0.118531151971563542E+02    0.247773384831912367E+02    0.108756623919744140E+02
    0.109095755784524332E-04    0.118038593293908054E+02    0.216357684354722402E+02    0.103337640314039927E+02
    0.109426843924642397E-04    0.117957988414795683E+02    0.206516382129067040E+02    0.100936375919663046E+02
    0.109715403419322144E-04    0.117885317665097009E+02    0.224149495163390426E+02    0.104728821364657563E+02
    0.110419731514948257E-04    0.117737336186948554E+02    0.202496771502788846E+02    0.998151885475282263E+01
    0.111914448178561161E-04    0.117448418617015005E+02    0.205873243127190229E+02    0.100442413892814990E+02
    0.111808254340983561E-04    0.117447405308012414E+02    0.210709029659821603E+02    0.101614632796725672E+02
    0.113287409795025812E-04    0.117164552311573651E+02    0.228267127968570271E+02    0.104986896944345087E+02
    0.115889518858944051E-04    0.116690366821561078E+02    0.231542354274180298E+02    0.105241286701253625E+02
    0.116218918846475798E-04    0.116613600215067859E+02    0.250579354800704444E+02    0.108163325360005516E+02
    0.118414528052902611E-04    0.116219284732780466E+02    0.217833806515133652E+02    0.102422830081813068E+02
    0.118386139937595648E-04    0.116204080009023318E+02    0.240494848394836822E+02    0.106372362848767139E+02
    0.118346997187092236E-04    0.116190693827661562E+02    0.226507792266618182E+02    0.104081618059503569E+02
    0.119738326405748426E-04    0.115936938124271460E+02    0.249610154345838247E+02    0.107646852846282073E+02
    0.121160443108143008E-04    0.115680800226878215E+02    0.228843726665215961E+02    0.104185708665498868E+02
    0.121052092515719077E-04    0.115678693702023825E+02    0.227975231699325533E+02    0.104023918920827469E+02
    0.120959929124267475E-04    0.115673926564471170E+02    0.253842591860918780E+02    0.108163302394186047E+02
    0.121683065551733946E-04    0.115534716270453455E+02    0.234296217790712547E+02    0.105045121860041828E+02
    0.121937698421811309E-04    0.115472908181742291E+02    0.229769817603236426E+02    0.104223072827801566E+02
    0.125122364278920074E-04    0.114937269640029029E+02    0.222598707893489198E+02    0.102516460533479066E+02
    0.125578974310394804E-04    0.114844416333549955E+02    0.246088744909257500E+02    0.106506044434655518E+02
    0.126889144046901954E-04    0.114616836619116462E+02    0.208749207384155149E+02    0.992478623542275962E+01
    0.128477036661061851E-04    0.114348109387437020E+02    0.232689012973977967E+02    0.104036705818179733E+02
    0.128701167625060787E-04    0.114293249353886530E+02    0.219462917348665698E+02    0.101456834601912504E+02
    0.128727323146953562E-04    0.114269185231549031E+02    0.231541436172391926E+02    0.103773661662569214E+02
    0.130350757080483659E-04    0.113998534125788424E+02    0.199372782706224285E+02    0.965572826967247266E+01
    0.130300158495647016E-04    0.113986299083815084E+02    0.230256547779384739E+02    0.103353162514946959E+02
    0.130895642747280136E-04    0.113875105384602193E+02    0.231958233691990579E+02    0.103595458912422895E+02
    0.130787980333443418E-04    0.113871562267711308E+02    0.217390388216699861E+02    0.100758475836208028E+02
    0.131059550591767759E-04    0.113810077002643570E+02    0.227936461906955756E+02    0.102810369218615971E+02
    0.131459068530783471E-04    0.113729202349441074E+02    0.253274813284797666E+02    0.107016700670669440E+02
    0.132576465003907283E-04    0.113539921627410578E+02    0.237000774610158267E+02    0.104309539049655218E+02
    0.134342184716098000E-04    0.113255309848327173E+02    0.220096652218149771E+02    0.100882770940717847E+02
    0.137272963317446675E-04    0.112803685563417453E+02    0.246524539386889252E+02    0.105458975172512890E+02
    0.137255312419813879E-04    0.112786257378303389E+02    0.242132233754149304E+02    0.104765668595419914E+02
    0.137631706191597293E-04    0.112711486657020519E+02    0.212157110638492554E+02    0.987875238983035331E+01
    0.137689835984623265E-04    0.112683041288971015E+02    0.229841480944310348E+02    0.102429669910574646E+02
    0.137923932452786334E-04    0.112629066712768431E+02    0.242430007408327022E+02    0.104719944909403715E+02
    0.137883173215340638E-04    0.112614977980013027E+02    0.220352335191648301E+02    0.100499917466503970E+02
    0.137843654318425337E-04    0.112600711030733809E+02    0.232028419107561028E+02    0.102779992436763052E+02
    0.138733260740320375E-04    0.112452051053509035E+02    0.234421779041604417E+02    0.103125158350817561E+02
    0.140748515012477460E-04    0.112143618765597779E+02    0.227919879392156481E+02    0.101691659635727731E+02
    0.140969676942679790E-04    0.112092216892101320E+02    0.243149181520094793E+02    0.104502397209294209E+02
    0.153552734171562367E-04    0.110362232031804766E+02    0.230371519889184917E+02    0.100964805046131065E+02
    0.153788362965812183E-04    0.110311565278466741E+02    0.247300547879108272E+02    0.104100744560251623E+02
    0.154011050289460882E-04    0.110262625994905807E+02    0.238062872990082290E+02    0.102362031540797229E+02
    0.153947596113257160E-04    0.110250867903726029E+02    0.231923728469874320E+02    0.101198535219388823E+02
    0.154510450992752783E-04    0.110157878333898971E+02    0.183510216431241062E+02    0.904194487377907130E+01
    0.157826724842205439E-04    0.109713158033790243E+02    0.273224738652408661E+02    0.107893925462345521E+02
    0.158650049426536656E-04    0.109589096502746628E+02    0.249648429898238398E+02    0.104057552597787577E+02
    0.158939471417783862E-04    0.109532644157518320E+02    0.253018636867667830E+02    0.104642790887397599E+02
    0.160383455719296852E-04    0.109331762169858333E+02    0.236804708742132881E+02    0.101514689274634460E+02
    0.160390838371365434E-04    0.109310841565906536E+02    0.239444405270734393E+02    0.101988464301248474E+02
    0.163660687062225338E-04    0.108887207030267490E+02    0.208029798002672806E+02    0.951688245083231799E+01
    0.164997604752043940E-04    0.108704493951401577E+02    0.240148291476281806E+02    0.101716431970225045E+02
    0.165783448499925825E-04    0.108589464901991075E+02    0.243822073232190490E+02    0.102318677110631384E+02
    0.169323481507720155E-04    0.108146893551313266E+02    0.252425737295772095E+02    0.103613652068139803E+02
    0.171940082740693078E-04    0.107820191894927788E+02    0.245373465807265347E+02    0.102093198431139509E+02
    0.172957382820190591E-04    0.107682208652804778E+02    0.243872129529011126E+02    0.101723809671832157E+02
    0.173532913465726825E-04    0.107595767406858744E+02    0.223658425562306604E+02    0.977135478440249905E+01
    0.175664656419985016E-04    0.107331576768653960E+02    0.183314881787406136E+02    0.884839787407185696E+01
    0.177173078888376516E-04    0.107140571061818441E+02    0.237283743022681328E+02    0.100119168826239573E+02
    0.177491968825300840E-04    0.107084605857476305E+02    0.224376794471170022E+02    0.975013753923723847E+01
    0.178080410017560230E-04    0.106998409295036438E+02    0.218791633016650415E+02    0.963253923164921666E+01
    0.177919904219534245E-04    0.106996443639668364E+02    0.202753764207364036E+02    0.927258654085857081E+01
    0.180909383242806521E-04    0.106643187877543539E+02    0.248729329134700912E+02    0.101925946807220882E+02
    0.182025399742097950E-04    0.106500188366983846E+02    0.240081038239467830E+02    0.100231313338980321E+02
    0.182245416699996293E-04    0.106456028651220400E+02    0.219027657385853445E+02    0.959939929904276745E+01
    0.182284911664022572E-04    0.106431694859366601E+02    0.270522576607138525E+02    0.105644149320434213E+02
    0.185202239169552347E-04    0.106094144840473490E+02    0.229759538390037399E+02    0.978850818969972458E+01
    0.185970845552287499E-04    0.105991314752520864E+02    0.223086485364516953E+02    0.964797950578376451E+01
    0.187167900359858181E-04    0.105842991556145645E+02    0.250959656505645725E+02    0.101800191034089398E+02
    0.187128007592323222E-04    0.105827254789255125E+02    0.229551055912863937E+02    0.976564477507900008E+01
    0.187298872543599345E-04    0.105789001296014682E+02    0.234630501563142779E+02    0.986444999491376784E+01
    0.188031599254781162E-04    0.105690912497253198E+02    0.201392503535509988E+02    0.915912217053304545E+01
    0.188132944460630662E-04    0.105660135808168718E+02    0.231044973120442059E+02    0.978377255068949125E+01
    0.189248385664004958E-04    0.105521905852136317E+02    0.249937626480602653E+02    0.101395015637914110E+02
    0.189090909514886616E-04    0.105518555051436955E+02    0.242523240355464722E+02    0.100023109571004323E+02
    0.192141229737798808E-04    0.105178499630647213E+02    0.233333680360670606E+02    0.979566771081827348E+01
    0.192324761761325057E-04    0.105139404881928265E+02    0.198259011911422185E+02    0.905438870205593993E+01
    0.195235402805361362E-04    0.104818992606925292E+02    0.160738527143810934E+02    0.810502982520901227E+01
    0.195638940117219715E-04    0.104757696731405350E+02    0.238651293994366291E+02    0.987228736302822085E+01
    0.196864917109644809E-04    0.104612757222476347E+02    0.228253118077960018E+02    0.965431331784233215E+01
    0.196901275224106774E-04    0.104589063851611233E+02    0.227809019118043778E+02    0.964376906777560983E+01
    0.200965397691037509E-04    0.104160458245248897E+02    0.200660747626972551E+02    0.904455044143383269E+01
    0.201889915149559145E-04    0.104048661607390578E+02    0.227758353618800804E+02    0.960458678842318747E+01
    0.202177661091312117E-04    0.104000176669988402E+02    0.240511666741017152E+02    0.985596805517881513E+01
    0.202079676651642399E-04    0.103989871924217443E+02    0.238989417011622152E+02    0.982482450260796192E+01
    0.205381635169735301E-04    0.103645715425860629E+02    0.232275386905102827E+02    0.966630842817258085E+01
    0.207228174149412822E-04    0.103446703558898729E+02    0.224236565887631372E+02    0.949158151245548787E+01
    0.207854290642141524E-04    0.103366366925029318E+02    0.184437878277661937E+02    0.860704574249913179E+01
    0.207862462451712913E-04    0.103345580638740984E+02    0.217107151053778438E+02    0.934953094558664688E+01
    0.207797032677035688E-04    0.103331877117083195E+02    0.245183653121597800E+02    0.990195538314229040E+01
    0.208373461785461499E-04    0.103256473912414144E+02    0.208655357994442845E+02    0.916307982450417491E+01
    0.211845510615741823E-04    0.102905967383954238E+02    0.236181448718872318E+02    0.969182594972472522E+01
    0.213516497096363679E-04    0.102728831105106249E+02    0.243332908735439908E+02    0.982210521328407715E+01
    0.213923353537537941E-04    0.102670757297673365E+02    0.198201490579492123E+02    0.889362556595588849E+01
    0.215589030602572321E-04    0.102495633908744868E+02    0.235354385238459258E+02    0.964608051343170381E+01
    0.215947436892980036E-04    0.102442412487168042E+02    0.208602905228642719E+02    0.910904461862296877E+01
    0.217145870614355790E-04    0.102311726243861081E+02    0.255677852538154724E+02    0.100272878307773166E+02
    0.217665255974529893E-04    0.102243945901966065E+02    0.253285563146235155E+02    0.997844897216023163E+01
    0.219329801426985465E-04    0.102071582301998216E+02    0.242983676295476414E+02    0.976825161203409742E+01
    0.220233665134760011E-04    0.101969331155079459E+02    0.226392940957540709E+02    0.942946217345963511E+01
    0.220093686321867660E-04    0.101962047041762389E+02    0.249096034760034541E+02    0.988171432174532249E+01
    0.221032593314625492E-04    0.101856909660117445E+02    0.209610274094154576E+02    0.909318140965867272E+01
    0.222345108145267494E-04    0.101718498773844335E+02    0.234226473490493632E+02    0.956803523389119981E+01
    0.224804222299432169E-04    0.101478515087941670E+02    0.251472088005948891E+02    0.989236432879104299E+01
    0.225323630865172972E-04    0.101412358531077320E+02    0.236929875140523194E+02    0.960012109604558894E+01
    0.227565066714734676E-04    0.101194388993501523E+02    0.218553041851141074E+02    0.923581236887386758E+01
    0.228235775910731532E-04    0.101115529104060897E+02    0.216195508598274131E+02    0.918757020032470884E+01
    0.228739024546500269E-04    0.101051478636621361E+02    0.234367168447559919E+02    0.952302482378903292E+01
    0.230018994616704507E-04    0.100919875278156042E+02    0.217487541600120373E+02    0.919834956792905700E+01
    0.234253265382822266E-04    0.100535055879101201E+02    0.206373281363042089E+02    0.893493215637988314E+01
    0.234623781028394363E-04    0.100483447104431836E+02    0.250886513148254160E+02    0.981222600484688101E+01
    0.238199747670349387E-04    0.100160921142176331E+02    0.233307272777404364E+02    0.943774200872807079E+01
    0.238535158534653347E-04    0.100112778800150330E+02    0.208558001283261092E+02    0.895551235662797929E+01
    0.238627082339857904E-04    0.100085072925839853E+02    0.220992165908360754E+02    0.920750398332766906E+01
    0.238390741281130953E-04    0.100084891143638952E+02    0.227499096155899245E+02    0.932616017220573212E+01
    0.238444242271573438E-04    0.100060403134788984E+02    0.226807799972288642E+02    0.931196628867410503E+01
    0.239843706863708565E-04    0.999233632981398223E+01    0.214932282968607176E+02    0.908414606690445403E+01
    0.240400915367348742E-04    0.998569528874537049E+01    0.243036160741227292E+02    0.961017579746913597E+01
    0.240642202664618612E-04    0.998168892126228613E+01    0.229559052023211407E+02    0.934602089535875358E+01
    0.241712633784414177E-04    0.997081219569755639E+01    0.246694310122037592E+02    0.967250587882199220E+01
    0.242093219153381783E-04    0.996566559922568018E+01    0.228787697523395295E+02    0.932142405476443514E+01
    0.242236473340792319E-04    0.996248248620315913E+01    0.242003557320690099E+02    0.957275913168628456E+01
    0.243969094821763493E-04    0.994622819601295660E+01    0.232652794830703300E+02    0.937896205969043351E+01
    0.245243418941177576E-04    0.993380878141692136E+01    0.225214878842809512E+02    0.923534845700211626E+01
    0.245889746007640201E-04    0.992654481241054931E+01    0.217116574329771410E+02    0.908257554555462043E+01
    0.245816134241234007E-04    0.992514364004242644E+01    0.271999085735512161E+02    0.101173649896614126E+02
    0.247082843672668636E-04    0.991286394966484963E+01    0.248852812742367355E+02    0.967365893040246405E+01
    0.246905882120081904E-04    0.991229686949406386E+01    0.266138254099615210E+02    0.100001494916408546E+02
    0.246957266127801200E-04    0.990988068935918243E+01    0.270496493719082238E+02    0.100789746097391788E+02
    0.247163899586174553E-04    0.990620795412945832E+01    0.249906361528844911E+02    0.968987944100390841E+01
    0.253601059196064676E-04    0.985278651103213754E+01    0.254416626442746434E+02    0.974117185049718337E+01
    0.256812052029552379E-04    0.982562230483445198E+01    0.250356371329302760E+02    0.964026487520974484E+01
    0.260385983471849980E-04    0.979598114547674648E+01    0.238449815623726771E+02    0.938496310694033298E+01
    0.260601629649660740E-04    0.979232547317512214E+01    0.218745248493809221E+02    0.902320708591059173E+01
    0.264332796596052430E-04    0.976189350455653582E+01    0.250046197868848736E+02    0.958754236961295803E+01
    0.265604675266474959E-04    0.975029326920739337E+01    0.234580533177908706E+02    0.928411063786552582E+01
    0.267258088162270800E-04    0.973588168171742296E+01    0.221192670748840037E+02    0.903025300292823729E+01
    0.267148480211968793E-04    0.973470209043478185E+01    0.243906251060034514E+02    0.944496679601614275E+01
    0.267480058601790332E-04    0.973022127687351102E+01    0.237065865749084104E+02    0.931596194746004258E+01
    0.268632441338077167E-04    0.971962319709551892E+01    0.246525857814397114E+02    0.948625869992688031E+01
    0.269661282136014000E-04    0.970997798775436571E+01    0.231663014504606544E+02    0.920409803425392958E+01
    0.269728334567847673E-04    0.970748074101393321E+01    0.249086354849753349E+02    0.952851448538840451E+01
    0.271682531094121303E-04    0.969104287035555600E+01    0.250500175948889101E+02    0.954470098563567682E+01
    0.279293157823130382E-04    0.963378735929973296E+01    0.262407430673831428E+02    0.973569765882973215E+01
    0.280786471689597434E-04    0.962112232292706615E+01    0.219510704805191033E+02    0.892257322358030081E+01
    0.281811977332220554E-04    0.961183110639286831E+01    0.247625562685605409E+02    0.942899204272571545E+01
    0.284679715865324501E-04    0.958958182072983334E+01    0.236978489805598649E+02    0.922015271033009931E+01
    0.285017320753599989E-04    0.958521140343009925E+01    0.228159772328384420E+02    0.905642625363572762E+01
    0.288290845465353726E-04    0.956037160814579501E+01    0.191319900962565441E+02    0.825531786969689918E+01
    0.288198957443218723E-04    0.955900917725766064E+01    0.200463770942700492E+02    0.846008308699525102E+01
    0.288217406693917796E-04    0.955688115000615923E+01    0.228369560372673384E+02    0.904115201071070551E+01
    0.288954004752694866E-04    0.954977626473937669E+01    0.227467060834884620E+02    0.901986551608783849E+01
    0.290275349288308470E-04    0.953865140379461351E+01    0.243007259526234307E+02    0.929559411904870458E+01
    0.296278848017801994E-04    0.949570917945454696E+01    0.235038558677599774E+02    0.912154848983031030E+01
    0.298409081070546742E-04    0.947938070860488047E+01    0.256680074177645814E+02    0.951189460373284845E+01
    0.298564557347502714E-04    0.947633894548185118E+01    0.232705280984523846E+02    0.906588699067165571E+01
    0.299973353124742700E-04    0.946492401383456716E+01    0.230292113664898288E+02    0.901405347612314323E+01
    0.301237895936691342E-04    0.945451070035322516E+01    0.216274606961778098E+02    0.875086735166165219E+01
    0.304249760593871014E-04    0.943261341943347453E+01    0.216308792245043939E+02    0.873661900191937946E+01
    0.314506140759404933E-04    0.936430410658799950E+01    0.241141022530792135E+02    0.914347761738648046E+01
    0.316582581289227242E-04    0.934914305363093057E+01    0.212028486868361234E+02    0.858834424633185733E+01
    0.318500391358881896E-04    0.933506390188655644E+01    0.222288169734963610E+02    0.877939217647518610E+01
    0.318273630765075175E-04    0.933448833564492020E+01    0.232938685273267367E+02    0.897359877706968767E+01
    0.319684556673052080E-04    0.932364181099057809E+01    0.243605103672653271E+02    0.916061012078737846E+01
    0.319826861610875905E-04    0.932075172561536647E+01    0.204341390001891909E+02    0.838485734368855340E+01
    0.323166182826016034E-04    0.929797793176736498E+01    0.247035409369505459E+02    0.920552258895477493E+01
    0.327428905642383674E-04    0.926976941041886526E+01    0.243414017538588467E+02    0.912030773933117267E+01
    0.327228354872535415E-04    0.926899478918249642E+01    0.248436792072565282E+02    0.921120552017027805E+01
    0.327686418989214017E-04    0.926419708658264263E+01    0.254183758127299022E+02    0.931253082429143042E+01
    0.328332344970867830E-04    0.925825862490510509E+01    0.231516954088820412E+02    0.889541623180903152E+01
    0.329293603032113549E-04    0.925041178295028743E+01    0.235886677030235816E+02    0.896987055253210563E+01
    0.330731066052520172E-04    0.923970019769921436E+01    0.196857332919773889E+02    0.817483545747646190E+01
    0.331657648254494653E-04    0.923210479556541053E+01    0.252189604217220626E+02    0.925423492791071389E+01
    0.339415929969930750E-04    0.918385873466383984E+01    0.243898011389394327E+02    0.907016060405902991E+01
    0.341167131729812383E-04    0.917156635024682210E+01    0.253417436558967282E+02    0.923498044125221185E+01
    0.342142826672323550E-04    0.916385476595848480E+01    0.239985271511100038E+02    0.898516863841838465E+01
    0.345155271691630292E-04    0.914432255210655498E+01    0.256412435702400217E+02    0.927072742699071739E+01
    0.346124530222299519E-04    0.913671406093893346E+01    0.243088797802019769E+02    0.902295390842129663E+01
    0.349178664203874664E-04    0.911714386336935867E+01    0.243072481355309193E+02    0.900914958839206825E+01
    0.354874269268854058E-04    0.908278419808516801E+01    0.203269149937074403E+02    0.821278398250133179E+01
    0.357250408573484639E-04    0.906743738847795555E+01    0.260656950664125766E+02    0.929485845969650448E+01
    0.360175001102554042E-04    0.904913125440463872E+01    0.215192479808050123E+02    0.845178310479913719E+01
    0.360739655552997211E-04    0.904399826460788425E+01    0.249182927107878065E+02    0.906975573312980998E+01
    0.364227698671320987E-04    0.902275287369221779E+01    0.240109474024822624E+02    0.888968525992444825E+01
    0.364826741780926593E-04    0.901746618775396769E+01    0.248372248540246829E+02    0.903658441265461221E+01
    0.365219140861336946E-04    0.901331619073310009E+01    0.211359479095204250E+02    0.834086745198548662E+01
    0.365079618073993169E-04    0.901208038641245324E+01    0.237316475659046588E+02    0.883122620655027468E+01
    0.366070999800550140E-04    0.900465670319378653E+01    0.202117234519534783E+02    0.813905454758037372E+01
    0.367869953624955272E-04    0.899285233177323384E+01    0.229048055923811020E+02    0.866675793499242353E+01
    0.367802154925394928E-04    0.899122096719638364E+01    0.229494335218029377E+02    0.867377512564958586E+01
    0.368279646837284122E-04    0.898662619048690559E+01    0.213442591813810623E+02    0.836825049321003966E+01
    0.368038159827208179E-04    0.898593805347086416E+01    0.237858133395205122E+02    0.882291088786587174E+01
    0.369750168163053648E-04    0.897465619663640268E+01    0.252191865400106607E+02    0.907633895888488595E+01
    0.369765272490654790E-04    0.897257449812530616E+01    0.247573434317799581E+02    0.899082136601445825E+01
    0.369669245160000767E-04    0.897109396173642537E+01    0.226743232016748237E+02    0.860947236675595207E+01
    0.373840903532674974E-04    0.894665067885004817E+01    0.227172105390579553E+02    0.860023984750159443E+01
    0.375717261991085816E-04    0.893463751395329098E+01    0.257991699671989672E+02    0.915401238281221730E+01
    0.376667029135763521E-04    0.892758813873170176E+01    0.222454593917411430E+02    0.850071592834114753E+01
    0.378013115960192160E-04    0.891845352277202963E+01    0.259284033630398341E+02    0.916623491220318165E+01
    0.378883828175058789E-04    0.891185203716319485E+01    0.210347627072721828E+02    0.825509580794716946E+01
    0.380148074036820789E-04    0.890318961874733716E+01    0.232529977344391945E+02    0.866772628332145700E+01
    0.381429129233150707E-04    0.889446117992819296E+01    0.255976262636108061E+02    0.908925053981125686E+01
    0.384561374013621716E-04    0.887610451636362185E+01    0.227374987591160789E+02    0.855454652370546853E+01
    0.385178390456320424E-04    0.887089815180593710E+01    0.215336260648327631E+02    0.833502157377398056E+01
    0.386296854006120381E-04    0.886309905797138775E+01    0.238813972240436456E+02    0.875442320377437078E+01
    0.386148553552693067E-04    0.886186701103997443E+01    0.226364454986262587E+02    0.852608773971786427E+01
    0.387865686990073648E-04    0.885099308513788863E+01    0.225233071440100900E+02    0.849777641969054720E+01
    0.387613986855075919E-04    0.885029137909614150E+01    0.251750829559927638E+02    0.898139293324819299E+01
    0.387886089991894991E-04    0.884688788137321858E+01    0.203793593513571025E+02    0.807450567873416425E+01
    0.388088564166910618E-04    0.884384416594500067E+01    0.245892096312742225E+02    0.887022081878497382E+01
    0.393588540148086781E-04    0.881369921086838559E+01    0.226526919100748074E+02    0.849517883097250603E+01
    0.394262196086275120E-04    0.880827898888274952E+01    0.259267085904467471E+02    0.908870163178984392E+01
    0.396446320124666689E-04    0.879523001420472461E+01    0.237105454259804880E+02    0.867544795072072716E+01
    0.400580629397798816E-04    0.877248117324596777E+01    0.252227318728182546E+02    0.893535756035507944E+01
    0.400812157264509219E-04    0.876932554580820778E+01    0.274574393890561517E+02    0.933330939703419382E+01
    0.401268601420323083E-04    0.876504924532273044E+01    0.242165144453493753E+02    0.874659557434656953E+01
    0.405149521667056008E-04    0.874379893287349219E+01    0.224919897106559503E+02    0.841648002783741944E+01
    0.406440621526032672E-04    0.873543561779904110E+01    0.243967905907450948E+02    0.875859716860726856E+01
    0.406687433838366969E-04    0.873222148028012057E+01    0.245258702117712382E+02    0.877990712745338442E+01
    0.413309547885644808E-04    0.869791766374765096E+01    0.241121869316839117E+02    0.868001635103332170E+01
    0.413566160486894394E-04    0.869467630373730316E+01    0.251708362153720131E+02    0.887094976068244101E+01
    0.414715699078524537E-04    0.868712486340855961E+01    0.204355693697700751E+02    0.798405569584655961E+01
    0.419534476858803474E-04    0.866201989316351728E+01    0.209060844352256296E+02    0.806783225025557726E+01
    0.421302135787048298E-04    0.865161083244595019E+01    0.241416039611628861E+02    0.865250151718642257E+01
    0.422634744969211095E-04    0.864329467150977138E+01    0.239439184057552374E+02    0.861046514477727776E+01
    0.422612841856722692E-04    0.864139832451199830E+01    0.213629068438881760E+02    0.815157088362962590E+01
    0.422621928743020699E-04    0.863935532161328901E+01    0.222594175367797007E+02    0.830734882770846106E+01
    0.424168040947970013E-04    0.863005191000761052E+01    0.233916571776241646E+02    0.850013162718966520E+01
    0.423919170055513892E-04    0.862922570862816407E+01    0.232499345665994959E+02    0.847364847869910953E+01
    0.424020527203254721E-04    0.862674757487148014E+01    0.224193239560649999E+02    0.832571384511774681E+01
    0.430657985321827690E-04    0.859368283432241853E+01    0.236223824438406922E+02    0.851635765229818098E+01
    0.433511789838684288E-04    0.857847332400098139E+01    0.242866899349811440E+02    0.862687461173990400E+01
    0.437413958429924246E-04    0.855855126940126176E+01    0.210871140747753074E+02    0.803934427122041839E+01
    0.438559385298940458E-04    0.855132084758511901E+01    0.246909787149522693E+02    0.868132851185906063E+01
    0.440649473628539602E-04    0.853981187940029507E+01    0.233100525435900927E+02    0.842077455334436920E+01
    0.440783308251979793E-04    0.853720452906242677E+01    0.247804479944708689E+02    0.868756909054552473E+01
    0.443186620780221724E-04    0.852432941500759256E+01    0.242955169062933152E+02    0.858973958856243947E+01
    0.445776631547065399E-04    0.851067530854779797E+01    0.252878928895675656E+02    0.876123761255031752E+01
    0.446255029021961919E-04    0.850653010432745660E+01    0.250155453280940421E+02    0.870853256583573554E+01
    0.446019283817997966E-04    0.850558693273116084E+01    0.201089121794923393E+02    0.779710100199393441E+01
    0.447156250817786367E-04    0.849849513355020214E+01    0.223400967875286085E+02    0.822935356192737899E+01
    0.447594595389914438E-04    0.849453550597764639E+01    0.222781622534510184E+02    0.821650539281599812E+01
    0.447880555287706266E-04    0.849125815101232817E+01    0.248214829642248311E+02    0.866210975282602114E+01
    0.447971441533742400E-04    0.848885234180870896E+01    0.229222134201040824E+02    0.831957915500643352E+01
    0.451773549408926678E-04    0.846994919460504292E+01    0.246185786817802139E+02    0.860971955948516765E+01
    0.453777869011546319E-04    0.845909570341772543E+01    0.231410602274083779E+02    0.833644615354004159E+01
    0.453622544133748857E-04    0.845778040612263382E+01    0.251659994191115821E+02    0.870098507126601994E+01
    0.454312653441143354E-04    0.845274005944526152E+01    0.248139505928533524E+02    0.863303209678013239E+01
    0.454965401900634699E-04    0.844786855686015059E+01    0.227825067262537004E+02    0.826966628267902415E+01
    0.458014611459949022E-04    0.843250913670943980E+01    0.205898950553620281E+02    0.785158389735993634E+01
    0.459095027237694706E-04    0.842579687011899914E+01    0.236997967246368262E+02    0.841004387573249801E+01
    0.467306237016643455E-04    0.838834171634352543E+01    0.239898646056231328E+02    0.843599671892285663E+01
    0.472962529513119240E-04    0.836227897629083650E+01    0.238830739221828878E+02    0.839762678719528921E+01
    0.473728091050877722E-04    0.835704429037330065E+01    0.251345558241505138E+02    0.862249884164495128E+01
    0.474347617138736304E-04    0.835243046461784289E+01    0.240730972220051207E+02    0.842521271637713554E+01
    0.474819844796637195E-04    0.834844039346270961E+01    0.239840303808604638E+02    0.840604738129238349E+01
    0.477809236454475336E-04    0.833388817758250866E+01    0.208082085174709803E+02    0.783324601813967281E+01
    0.482022408204935281E-04    0.831433010337856793E+01    0.235289841326046378E+02    0.830578384217301213E+01
    0.481562238575882054E-04    0.831424034412633084E+01    0.254470754442898937E+02    0.864855182682282830E+01
    0.481210169510880236E-04    0.831370307437387623E+01    0.216215296867918738E+02    0.798913186186862490E+01
    0.487352700386524228E-04    0.828633512596769251E+01    0.222925439162091052E+02    0.808232591186123983E+01
    0.487972227511468266E-04    0.828179432262894899E+01    0.214322130675582905E+02    0.793146138548973312E+01
    0.489346434330108066E-04    0.827416992281767172E+01    0.231726325661399031E+02    0.822020141261980442E+01
    0.491269614506973195E-04    0.826432512915006612E+01    0.182943603962594601E+02    0.727561993841627963E+01
    0.491859508905721174E-04    0.825992506000152638E+01    0.242042466820536362E+02    0.838194884297743492E+01
    0.493429287260415834E-04    0.825155218866066953E+01    0.249164091439383775E+02    0.850596650842214785E+01
    0.493600715612028745E-04    0.824885746467927028E+01    0.226724033168633170E+02    0.812052872796960479E+01
    0.494412078985904428E-04    0.824357263452041167E+01    0.205517402921489776E+02    0.771913958974934111E+01
    0.498045417518041156E-04    0.822692876401882600E+01    0.223497213738296026E+02    0.805250749201159977E+01
    0.498069556745726173E-04    0.822483183051882705E+01    0.235122613313345816E+02    0.824385623068299900E+01
    0.506848699274041445E-04    0.818788623835908602E+01    0.227762948627155950E+02    0.809732068243672209E+01
    0.509896117078690260E-04    0.817389728348640432E+01    0.232416456670085658E+02    0.816517258868949725E+01
    0.511544652488534862E-04    0.816544155197339272E+01    0.206913653946571401E+02    0.769694349023600477E+01
    0.517023544263751648E-04    0.814213448215498836E+01    0.218925273713405169E+02    0.792035555997494800E+01
    0.516580739415769001E-04    0.814184811621041504E+01    0.235452295598640475E+02    0.819416780854239768E+01
    0.520069161746577555E-04    0.812638769724183696E+01    0.232316033691753034E+02    0.813186298494728632E+01
    0.520821772422302856E-04    0.812149551792824020E+01    0.229221924636760299E+02    0.807730136642312857E+01
    0.520501142968884055E-04    0.812072714150557395E+01    0.204778749166530680E+02    0.762179302946257575E+01
    0.526279385249133668E-04    0.809664686464033423E+01    0.254146944429214656E+02    0.848347590768737625E+01
    0.528982691128104397E-04    0.808439988674549959E+01    0.225910933625543180E+02    0.799762378881403446E+01
    0.528478873069033238E-04    0.808430565094253595E+01    0.197354531653219674E+02    0.744595947658722679E+01
    0.528253045472790002E-04    0.808316046604072724E+01    0.224357608684316254E+02    0.797104194437384184E+01
    0.529103813262685351E-04    0.807794199550646042E+01    0.246008492056176316E+02    0.832650235007250927E+01
    0.531245503613334602E-04    0.806786279658975580E+01    0.230594882079016976E+02    0.806421125238969161E+01
    0.534652449696347979E-04    0.805307749129939054E+01    0.222210608820112263E+02    0.791530168840292170E+01
    0.539955264094718197E-04    0.803133872570705520E+01    0.240691970702944928E+02    0.820712387376914876E+01
    0.541118661767173170E-04    0.802503412416689876E+01    0.234185431129889032E+02    0.809501836785993945E+01
    0.540948260520387366E-04    0.802366403436806408E+01    0.238847572421531389E+02    0.817139233565209899E+01
    0.544173319671929290E-04    0.800977571251975107E+01    0.205375245902693493E+02    0.756026312192107586E+01
    0.544580072604841444E-04    0.800628133204863346E+01    0.217104260644539906E+02    0.779922679837423694E+01
    0.545583101473299528E-04    0.800060104206876765E+01    0.238056931657913182E+02    0.814278311624322804E+01
    0.550152837203238132E-04    0.798191905852712402E+01    0.208252702494488560E+02    0.760253783418450979E+01
    0.549620991850490899E-04    0.798185343950681503E+01    0.167168697130062576E+02    0.679831810809822379E+01
    0.549192104150407722E-04    0.798141471584545492E+01    0.248660317198974710E+02    0.830566409188355337E+01
    0.550366157390734840E-04    0.797514371456226012E+01    0.253426859505969730E+02    0.838046472076170978E+01
    0.550487613216780214E-04    0.797270239954017335E+01    0.216943104911746119E+02    0.777395201695150284E+01
    0.555302298360695000E-04    0.795328601503771004E+01    0.215972657945302124E+02    0.774477011780326130E+01
    0.555436840311039826E-04    0.795080150181100720E+01    0.216719086402185468E+02    0.775546865964895638E+01
    0.557164306733883024E-04    0.794259094624745465E+01    0.231707172729955353E+02    0.799841506906627586E+01
    0.558277317718488720E-04    0.793659966125469385E+01    0.215064232084850815E+02    0.771667472905040785E+01
    0.558727463236556433E-04    0.793298768769786999E+01    0.205189308836852327E+02    0.750576125410060779E+01
    0.558485385403094790E-04    0.793185440826069765E+01    0.245132759131723965E+02    0.821374689742025232E+01
    0.562480419989683434E-04    0.791559866029094827E+01    0.265900887901746685E+02    0.856396674136312797E+01
    0.564012347648874660E-04    0.790815902091631884E+01    0.243826875644129544E+02    0.817607244666583277E+01
    0.563460693741692228E-04    0.790811615489990150E+01    0.202958435086577893E+02    0.744386306378119311E+01
    0.564410602301906373E-04    0.790274729964788225E+01    0.237740306528725043E+02    0.807149936660734646E+01
    0.567133554748537057E-04    0.789112166485240785E+01    0.228811216247204534E+02    0.791558907467221395E+01
    0.569852656205542424E-04    0.787955565036743177E+01    0.232697509806539209E+02    0.797218054020788092E+01
    0.569467500134390365E-04    0.787890788163865974E+01    0.199490918195657798E+02    0.735388052923217028E+01
    0.570483119743255370E-04    0.787334414875455924E+01    0.229506420444237662E+02    0.791506231227354906E+01
    0.571876361830459201E-04    0.786646567468241020E+01    0.232333713416453485E+02    0.795726900444508267E+01
    0.573667835453966284E-04    0.785821021954353327E+01    0.248052410863739432E+02    0.821226634805189804E+01
    0.575669614095022927E-04    0.784924349043891922E+01    0.185884780930036797E+02    0.708211887997009359E+01
    0.576171777977054601E-04    0.784549962564175996E+01    0.248672180435286343E+02    0.821390649989920973E+01
    0.579463361969033080E-04    0.783210643490355807E+01    0.200864470595071154E+02    0.735069075513916115E+01
    0.590774470621433106E-04    0.779144263305728391E+01    0.244635491701609133E+02    0.811017452186999144E+01
    0.590785948866530259E-04    0.778940377513725757E+01    0.201320050922144311E+02    0.733159123409178193E+01
    0.592236230707188582E-04    0.778250012212984199E+01    0.209063311655242785E+02    0.748455515331319710E+01
    0.592453151913033613E-04    0.777976770665798334E+01    0.241823641771626505E+02    0.805558937145977616E+01
    0.594918421998985491E-04    0.776946272889856715E+01    0.214088711329753636E+02    0.758241186975452131E+01
    0.595046913852707965E-04    0.776703081092467773E+01    0.205963674310369065E+02    0.741101824278486632E+01
    0.599330931221094874E-04    0.775068347265848701E+01    0.213170095852740111E+02    0.755005907581710733E+01
    0.602909570193167540E-04    0.773677687148420024E+01    0.228552940513420353E+02    0.780618041921870542E+01
    0.605717268509741637E-04    0.772548466225203168E+01    0.232687330082209733E+02    0.786699003821755305E+01
    0.605313377688561385E-04    0.772481870226959888E+01    0.205829942259080241E+02    0.737998817523400152E+01
    0.606208582764378008E-04    0.771986306376543929E+01    0.236556696397556685E+02    0.792728777077918423E+01
    0.607541837260101557E-04    0.771346922789940148E+01    0.229852121859921006E+02    0.781174804022824176E+01
    0.607049144619989495E-04    0.771309180759732715E+01    0.187497139919152680E+02    0.702913075934059339E+01
    0.607907802187531156E-04    0.770826485076491430E+01    0.238854195986472426E+02    0.795742448109058120E+01
    0.615012633685591589E-04    0.768302568907469219E+01    0.231811603728914477E+02    0.782333430048734346E+01
    0.617189184207821959E-04    0.767396011668436895E+01    0.213257648871420393E+02    0.749929765153428463E+01
    0.617154200104072195E-04    0.767207348579771242E+01    0.253286995119701039E+02    0.817184719184066211E+01
    0.621299934717846027E-04    0.765668340542976278E+01    0.229132271190202523E+02    0.776079328375765343E+01
    0.621541991964972299E-04    0.765390436106379646E+01    0.208493417069799420E+02    0.738646934840722036E+01
    0.630623066939609722E-04    0.762289465783338738E+01    0.210040688855656619E+02    0.739701800197132897E+01
    0.630354463915139583E-04    0.762174670482689542E+01    0.215930482176057374E+02    0.751783641782488576E+01
    0.632704295051600033E-04    0.761230498026457969E+01    0.224329416959595775E+02    0.765056457926424915E+01
    0.633161255708538197E-04    0.760886103330991759E+01    0.214851570188466887E+02    0.748829051891654274E+01
    0.633918018450783352E-04    0.760447203414424600E+01    0.238955161369464726E+02    0.788763505978325519E+01
    0.633782934880170400E-04    0.760289826580641215E+01    0.223438200823491506E+02    0.762929032907164206E+01
    0.633664302378921093E-04    0.760127266403960888E+01    0.244977898539808798E+02    0.798527556291428020E+01
    0.634232856852214163E-04    0.759747897120814120E+01    0.227886224337368439E+02    0.769928864297861981E+01
    0.637418103014009813E-04    0.758545970358265276E+01    0.203479056669389387E+02    0.724667330247401686E+01
    0.638456334719175636E-04    0.758020473772184555E+01    0.266800124267786103E+02    0.833249624559626234E+01
    0.644887949073939603E-04    0.755815815074537056E+01    0.244139917835792239E+02    0.794153840954249102E+01
    0.645901544179727425E-04    0.755301714186858675E+01    0.202406613856084050E+02    0.720678567854314966E+01
    0.646246426324734771E-04    0.754994951753735499E+01    0.235797608943375110E+02    0.779753813928660566E+01
    0.645863650059735065E-04    0.754913448245070828E+01    0.207801505012396710E+02    0.730427278322214679E+01
    0.668855018955235892E-04    0.747717666227968802E+01    0.217314567675433032E+02    0.744049660225923937E+01
    0.671941536978425466E-04    0.746596863303303326E+01    0.241339818635888079E+02    0.783099575035457640E+01
    0.674946679518150623E-04    0.745504392053018172E+01    0.248203358076783829E+02    0.793716083405046824E+01
    0.674775569158972871E-04    0.745355101852081336E+01    0.245973819468312094E+02    0.789915448876578363E+01
    0.686494934959341532E-04    0.741711361518754142E+01    0.255079751460521997E+02    0.802403656536378840E+01
    0.694769076665119215E-04    0.739115225629848371E+01    0.191297178544246336E+02    0.690046071545014783E+01
    0.698922552349364584E-04    0.737723143279841942E+01    0.268805222975043598E+02    0.822265748110266337E+01
    0.699965770589570273E-04    0.737224844004199653E+01    0.238218061845041653E+02    0.771295643585766566E+01
    0.710954552509133114E-04    0.733909429494481458E+01    0.234952952157220487E+02    0.763516581993240617E+01
    0.713105478211613521E-04    0.733105261891493676E+01    0.242247201740874694E+02    0.775009371838035044E+01
    0.713621731852404664E-04    0.732760524015970649E+01    0.219838785958423131E+02    0.737681968003660238E+01
    0.714057189554040932E-04    0.732438519632894369E+01    0.223401579757330957E+02    0.743346144909430251E+01
    0.715825274918500655E-04    0.731743909394776271E+01    0.259457842865434074E+02    0.802510395680698352E+01
    0.716414346489642549E-04    0.731379391783177102E+01    0.242858466289361381E+02    0.774780912416385714E+01
    0.718089375301838315E-04    0.730712323054665092E+01    0.207714800787511926E+02    0.715165550617149481E+01
    0.719802224162188639E-04    0.730035833819688573E+01    0.219396355715506246E+02    0.734991131395343267E+01
    0.726005153857685028E-04    0.728119708186783576E+01    0.275312753938327361E+02    0.825351661599903608E+01
    0.726500291929233649E-04    0.727783353974219782E+01    0.221586880846550294E+02    0.736993642606836641E+01
    0.732358433015480715E-04    0.725977119601161824E+01    0.240530558417243689E+02    0.767037527227734461E+01
    0.734911578260498009E-04    0.725081092884280132E+01    0.236374072854210766E+02    0.759512759521941483E+01
    0.734537706083157686E-04    0.724982864939813343E+01    0.230795632122826788E+02    0.750211007916001904E+01
    0.743066539530544580E-04    0.722474011756056989E+01    0.246496751301344581E+02    0.774378367556009195E+01
    0.764162182921461540E-04    0.716675121352441558E+01    0.245335696075185368E+02    0.768252018834616379E+01
    0.773652394335471014E-04    0.714006596984803288E+01    0.237059954634525916E+02    0.752616706571112459E+01
    0.773891636890973792E-04    0.713744758987921379E+01    0.249172759838037834E+02    0.772469434923916243E+01
    0.773998515165637849E-04    0.713517139902759645E+01    0.231031216208998487E+02    0.742284305708166414E+01
    0.780462787433673682E-04    0.711653718749572306E+01    0.228211000945346179E+02    0.736259283535218856E+01
    0.781259700977711581E-04    0.711249607297204189E+01    0.248199341831971303E+02    0.769039744619535615E+01
    0.796275143142460330E-04    0.707242174275629321E+01    0.247079359474275186E+02    0.764257943294173803E+01
    0.800835911608134288E-04    0.705899916610003597E+01    0.229601970512330915E+02    0.734354732309968217E+01
    0.800895683190981471E-04    0.705684989868708978E+01    0.239651088283849312E+02    0.750825825377177125E+01
    0.801091433084270572E-04    0.705436113097536843E+01    0.262411877373684455E+02    0.788306382359448143E+01
    0.800524901280290222E-04    0.705377603119947238E+01    0.221932695193997098E+02    0.722567791812347693E+01
    0.800880853447904351E-04    0.705088693192536020E+01    0.227081109701137258E+02    0.729985787197165070E+01
    0.801365252630222659E-04    0.704767763156812954E+01    0.253695472761538454E+02    0.773393151026179915E+01
    0.808690580404408221E-04    0.702747856500297541E+01    0.257334419397617964E+02    0.777932386834525147E+01
    0.807988648109496263E-04    0.702721529131618183E+01    0.244874839127460362E+02    0.757295824282450702E+01
    0.811256752638182571E-04    0.701714212596464471E+01    0.246185610115345419E+02    0.758724747094638108E+01
    0.813033647468525849E-04    0.701076631843887821E+01    0.256302643647390980E+02    0.774996988811748277E+01
    0.812977431715344347E-04    0.700890460963230577E+01    0.252296068390064931E+02    0.768230289457940962E+01
    0.817196467144652592E-04    0.699655222979782998E+01    0.237800006094287468E+02    0.743334393794095494E+01
    0.816517885659196428E-04    0.699621367452554210E+01    0.199381037385542044E+02    0.679471897846540873E+01
    0.820035164721041187E-04    0.698561686313215890E+01    0.244022009527462451E+02    0.752824823798039056E+01
    0.824656635991828781E-04    0.697237710761783536E+01    0.205809260156232483E+02    0.689703443434382280E+01
    0.824883616598407474E-04    0.696982669823513756E+01    0.267085500340720898E+02    0.789824644841613566E+01
    0.825974420945939472E-04    0.696518369809465199E+01    0.241514662646671781E+02    0.747169302891313603E+01
    0.826329343551772584E-04    0.696232447930235221E+01    0.233836295231105780E+02    0.734252686908661278E+01
    0.828614555887576969E-04    0.695480111675453649E+01    0.225356420874036871E+02    0.721124770665007553E+01
    0.828773200913385255E-04    0.695241823706774742E+01    0.207801826135257919E+02    0.692038380468915282E+01
    0.830510028273677902E-04    0.694623130149436729E+01    0.265342024582617526E+02    0.785197650603816122E+01
    0.832709694792457778E-04    0.693894115787539523E+01    0.209023342230877063E+02    0.693386085494905480E+01
    0.837071396730632662E-04    0.692649257421203313E+01    0.213179131026746589E+02    0.700193974759262883E+01
    0.840178179102093065E-04    0.691708333477754245E+01    0.252575736571805116E+02    0.761916576643738974E+01
    0.839455958323657970E-04    0.691680328272780631E+01    0.267462780292725029E+02    0.786529857420860345E+01
    0.847580132325043704E-04    0.689554053702035041E+01    0.215953240187485385E+02    0.703057433604291049E+01
    0.847596894431616521E-04    0.689350098455757099E+01    0.248939621230002359E+02    0.754151641018197250E+01
    0.847922785578280870E-04    0.689073215561486219E+01    0.217524651120314374E+02    0.705103801062653268E+01
    0.864247091045948512E-04    0.685059388357186716E+01    0.215156837464630009E+02    0.698753575445596997E+01
    0.866636138984116047E-04    0.684307288847801143E+01    0.236687285850765257E+02    0.730467501544007014E+01
    0.883629360062462165E-04    0.680223591188315169E+01    0.244494797511889175E+02    0.740000877253828371E+01
    0.883628444913663275E-04    0.680023798322509077E+01    0.257233978329733297E+02    0.760931454319926370E+01
    0.887624933484099506E-04    0.678921274629147042E+01    0.241457283559310589E+02    0.734000912237646297E+01
    0.887613973280189692E-04    0.678723744201866541E+01    0.218688886131279787E+02    0.699911019130500911E+01
    0.886794582091476630E-04    0.678708457298396262E+01    0.283171188686501623E+02    0.799589088583686269E+01
    0.894801202425874430E-04    0.676710816260610581E+01    0.253833884708442277E+02    0.752825846569604540E+01
    0.898038939987422707E-04    0.675788444866798166E+01    0.207599675086806599E+02    0.678625125650648187E+01
    0.900743693172646417E-04    0.674986981371690042E+01    0.230940246130925040E+02    0.715753826509328839E+01
    0.905377938859914551E-04    0.673760637237354487E+01    0.254537880409834933E+02    0.751777429782067674E+01
    0.907864796387692345E-04    0.673012037970709720E+01    0.222154393234328609E+02    0.701274504473776350E+01
    0.910018257602380792E-04    0.672338198420412958E+01    0.230306652609499913E+02    0.713040983623410352E+01
    0.927163715128847849E-04    0.668405099452780860E+01    0.252823188330039450E+02    0.744908833336296983E+01
    0.928073059824412422E-04    0.668009039352938583E+01    0.250854911261026707E+02    0.741353057500860402E+01
    0.928583670983278484E-04    0.667699032766735545E+01    0.213411531489902622E+02    0.683823665633818756E+01
    0.929242406533259819E-04    0.667357203435005264E+01    0.216535388459869900E+02    0.688970749665647109E+01
    0.930081453619622687E-04    0.666976697572365484E+01    0.198013158940717275E+02    0.655033586692466940E+01
    0.932457728377556031E-04    0.666266367143832916E+01    0.219248187934597141E+02    0.692316126097162776E+01
    0.948621685486214988E-04    0.662629116202403434E+01    0.247787665995059179E+02    0.732325566029481845E+01
    0.951150319787477747E-04    0.661896707937105067E+01    0.225375789373445627E+02    0.698569376462600111E+01
    0.953188083061651763E-04    0.661268682319622858E+01    0.199601320465251533E+02    0.654060099488516311E+01
    0.956190331336607394E-04    0.660439734023878966E+01    0.223243821393759703E+02    0.694361119585778930E+01
    0.956712541425190947E-04    0.660130536613177821E+01    0.199925971382762881E+02    0.653878505256778730E+01
    0.959195955328539211E-04    0.659412053543987930E+01    0.225020421615480046E+02    0.696334919113982842E+01
    0.959989436651081029E-04    0.659046674759628459E+01    0.238520832561731986E+02    0.716205444551094494E+01
    0.964571361660573537E-04    0.657894367371807309E+01    0.227732494460591113E+02    0.699381927842935003E+01
    0.965906138327965582E-04    0.657417798102270989E+01    0.225364546674675132E+02    0.695487286793823323E+01
    0.969363708140744823E-04    0.656503153889135316E+01    0.230086403150371552E+02    0.701974754196489581E+01
    0.969277233095449379E-04    0.656320996294811110E+01    0.238830821802155633E+02    0.714811530955299546E+01
    0.975457946031200123E-04    0.654849721149011810E+01    0.213332794169318340E+02    0.674896958836439342E+01
    0.975697355024120677E-04    0.654600640690072577E+01    0.240658967605758534E+02    0.716341716949079732E+01
    0.980784493424663575E-04    0.653360579956792975E+01    0.234584804344068480E+02    0.706521669413831521E+01
    0.985844244774865025E-04    0.652131455869258492E+01    0.218305633156680727E+02    0.681218902735331788E+01
    0.988151073452702409E-04    0.651464012059913777E+01    0.242309813520552844E+02    0.716641643566454167E+01
    0.994130827580850716E-04    0.650057367886139215E+01    0.218992011675856624E+02    0.680823724035697619E+01
    0.100189871870805667E-03    0.648300691461737877E+01    0.267543423463662826E+02    0.753976993272883256E+01
    0.100345129389100836E-03    0.647791004776938451E+01    0.232567296473358489E+02    0.699713932556906837E+01
    0.101345541458296628E-03    0.645606936263592690E+01    0.209502566291048282E+02    0.661483400655014453E+01
    0.103174620681136857E-03    0.641829532509214218E+01    0.251327763005226714E+02    0.723360295851869495E+01
    0.103912090363594934E-03    0.640205060999156839E+01    0.250401745404714156E+02    0.720872985602245198E+01
    0.104371169751510328E-03    0.639123415242160942E+01    0.218228783381966274E+02    0.672097518881804756E+01
    0.104529396965428995E-03    0.638620443839721830E+01    0.224177397406341328E+02    0.680710569019460632E+01
    0.104875154724183852E-03    0.637759984322148910E+01    0.223638103366772540E+02    0.679298554230030849E+01
    0.106100319477372594E-03    0.635237101000954230E+01    0.221445143247661100E+02    0.674234232170164738E+01
    0.106026381845364658E-03    0.635176522647617858E+01    0.260794332785669454E+02    0.732754885213747631E+01
    0.107193157023235914E-03    0.632787629771241367E+01    0.229361889294538948E+02    0.684450589001221754E+01
    0.108091790804440370E-03    0.630917956141990999E+01    0.235250080990635730E+02    0.692013297566053875E+01
    0.108416881323206214E-03    0.630117350614495386E+01    0.249147085938509960E+02    0.712035477953559059E+01
    0.109227518672107139E-03    0.628427505532325537E+01    0.226189363097957461E+02    0.676613309786922468E+01
    0.109506071896314997E-03    0.627718112577966902E+01    0.244719845330310797E+02    0.703824139801009441E+01
    0.109541833610041388E-03    0.627452808663808614E+01    0.245796462356348115E+02    0.705230048297058509E+01
    0.110082123082328747E-03    0.626268780199227404E+01    0.233706636422800713E+02    0.686422396443588401E+01
    0.110745990879076650E-03    0.624866270636881449E+01    0.232302829549062402E+02    0.683319580270390414E+01
    0.111064001339010750E-03    0.624092787585657671E+01    0.277061867870526157E+02    0.749633806872200559E+01
    0.111047875073357549E-03    0.623921829284708451E+01    0.227593661679605717E+02    0.675558204206213020E+01
    0.111109361662617656E-03    0.623611121046285710E+01    0.229488752059723389E+02    0.678194553090662833E+01
    0.111456438574343371E-03    0.622787346517231910E+01    0.227997623542331205E+02    0.675366498465029697E+01
    0.112915980767653437E-03    0.619985310518412902E+01    0.252072680394818001E+02    0.709282973377171810E+01
    0.113116413372051222E-03    0.619430613294251486E+01    0.252147009993109847E+02    0.709003659129270503E+01
    0.113559065054483489E-03    0.618449492639862353E+01    0.199614660532453527E+02    0.624841894085378247E+01
    0.113479756027193204E-03    0.618389220339535228E+01    0.224913648569420701E+02    0.667609271774088331E+01
    0.114418873267226951E-03    0.616540904053256966E+01    0.233595127603237849E+02    0.679379627423084731E+01
    0.114877478940334879E-03    0.615540880363023124E+01    0.246120915277130869E+02    0.697365655321367850E+01
    0.115497614297118255E-03    0.614264137480921768E+01    0.239264039322786992E+02    0.686303973483409990E+01
    0.115791153323294453E-03    0.613556479133652743E+01    0.236081328276115592E+02    0.681004952761042404E+01
    0.115708141915206905E-03    0.613499911815061072E+01    0.234635743723024923E+02    0.678786527654184990E+01
    0.115831768238801062E-03    0.613086339415801440E+01    0.208582464386447661E+02    0.636964695297464978E+01
    0.116334002462260553E-03    0.612021035274918734E+01    0.228165377139860546E+02    0.667984080421090365E+01
    0.116520729131385086E-03    0.611500274416214751E+01    0.244744517642905492E+02    0.692481918468046054E+01
    0.118679642393660286E-03    0.607628555899380807E+01    0.230014936331843458E+02    0.667635114105328498E+01
    0.118800289343535514E-03    0.607225343847950594E+01    0.189792892380192875E+02    0.602167841875821175E+01
    0.119107742100381224E-03    0.606508416485500579E+01    0.195626510051558142E+02    0.611055409243593051E+01
    0.119093171798063602E-03    0.606332883733929506E+01    0.245578968389360277E+02    0.690055212378021032E+01
    0.119211718830321501E-03    0.605933899916645391E+01    0.224152905401828946E+02    0.657589238079105254E+01
    0.121166836194080732E-03    0.602480430857332117E+01    0.218301988439625987E+02    0.646295389850867164E+01
    0.121684496601261424E-03    0.601427792026398311E+01    0.232019489068176554E+02    0.666207816735491676E+01
    0.123424130477015141E-03    0.598388784509430138E+01    0.203918974822036567E+02    0.619243853134628708E+01
    0.123412237239671203E-03    0.598208057580841146E+01    0.229817480581380913E+02    0.660570638053797765E+01
    0.124271634422472066E-03    0.596620158359405917E+01    0.239700181926596443E+02    0.674315377320632070E+01
    0.124344724002479253E-03    0.596302564195325235E+01    0.240660108970704094E+02    0.675532307879413008E+01
    0.124972928010070775E-03    0.595094684758012438E+01    0.235743438202082451E+02    0.667250673865814470E+01
    0.125344491125352976E-03    0.594300937204260382E+01    0.189652313122975151E+02    0.593843970396770260E+01
    0.125561756370059548E-03    0.593754568309619302E+01    0.253360992532796203E+02    0.692574324359022953E+01
    0.126051178812650711E-03    0.592776511236382486E+01    0.172669912053159074E+02    0.565708925453241829E+01
    0.126476455133191673E-03    0.591902879260444692E+01    0.235232942198421711E+02    0.664169134622306334E+01
    0.126875902130541365E-03    0.591072220311539898E+01    0.240103703517261629E+02    0.670905398321462343E+01
    0.126793992240379450E-03    0.591001380128805742E+01    0.239859602540209380E+02    0.670486156252100063E+01
    0.127567767351706028E-03    0.589584565935670568E+01    0.205987193409774818E+02    0.617002239350829385E+01
    0.127590675412690013E-03    0.589348654035920116E+01    0.254701077613464513E+02    0.691384822646035602E+01
    0.127887012992754310E-03    0.588684679722048188E+01    0.222100277220360169E+02    0.642042841743331749E+01
    0.128337483343343066E-03    0.587781435775958094E+01    0.229880367599560209E+02    0.653108171344431376E+01
    0.128930261507327973E-03    0.586659782401410812E+01    0.243243036358294624E+02    0.672425443032908010E+01
    0.131046562313821244E-03    0.583203572831734629E+01    0.248036387521989852E+02    0.677095146666169700E+01
    0.130959924527735555E-03    0.583135840990881338E+01    0.222057017125260536E+02    0.637929628985766151E+01
    0.131223955795491066E-03    0.582533022393980371E+01    0.244962515189195820E+02    0.672002069619119169E+01
    0.131537336692072888E-03    0.581855964236430090E+01    0.222596458216079185E+02    0.637805782257049270E+01
    0.131697896500511478E-03    0.581411984999444797E+01    0.221610844065572792E+02    0.635995499689633359E+01
    0.132369492847367320E-03    0.580194672264933953E+01    0.239711120462447766E+02    0.662376288630726595E+01
    0.132600666859305377E-03    0.579645690974592487E+01    0.224073062103313774E+02    0.638410496261759608E+01
    0.132877632487363097E-03    0.579028382698588562E+01    0.264454281390815318E+02    0.698320889624974939E+01
    0.133751573448172127E-03    0.577517282382314878E+01    0.270857155443064102E+02    0.706681000127501147E+01
    0.136675614948478317E-03    0.572992043519473082E+01    0.235902661906207385E+02    0.651337405173215167E+01
    0.136846340142050658E-03    0.572542374032147361E+01    0.236336513923761871E+02    0.651659017359838977E+01
    0.137031105343303684E-03    0.572072523071701955E+01    0.217244018374686263E+02    0.623460051958865957E+01
    0.137014822499961151E-03    0.571896289662201252E+01    0.236684425192661223E+02    0.651705824794366961E+01
    0.137450736502307011E-03    0.571060997758239264E+01    0.239758627185487470E+02    0.655720296171312000E+01
    0.137814743375809821E-03    0.570332043548874434E+01    0.234363273475488363E+02    0.647051270843299609E+01
    0.137704025426145884E-03    0.570292784620859816E+01    0.235564270143315504E+02    0.648831841904545925E+01
    0.137792929654449069E-03    0.569963702640465986E+01    0.229344684715343909E+02    0.639216660857856844E+01
    0.139244320477807117E-03    0.567668094051241212E+01    0.220205365430960924E+02    0.624503081379933889E+01
    0.139863373975486997E-03    0.566580903156666960E+01    0.252526950571884292E+02    0.671585162640671651E+01
    0.141348613586569373E-03    0.564268257199567635E+01    0.243951808810779873E+02    0.656997205085531455E+01
    0.141308326814848902E-03    0.564125268744289965E+01    0.185830484271112866E+02    0.568440093882077679E+01
    0.141523571485938061E-03    0.563620855113517649E+01    0.236575316309864832E+02    0.645400288014733103E+01
    0.141549125657512291E-03    0.563384745418873134E+01    0.257997226532804724E+02    0.677310523288130906E+01
    0.141850520827415842E-03    0.562759345758338902E+01    0.239655346441427923E+02    0.649399078153780707E+01
    0.141804085424357380E-03    0.562624827372161196E+01    0.216815231668713793E+02    0.616877880943146195E+01
    0.141778117594360773E-03    0.562461455665171250E+01    0.217068432116502663E+02    0.617109144568949386E+01
    0.141789829404785541E-03    0.562244935024466752E+01    0.250146334016457175E+02    0.664822980948183506E+01
    0.141650959001484887E-03    0.562240913048930757E+01    0.222087448534928562E+02    0.623491015676791704E+01
    0.142638114965526708E-03    0.560651960715597575E+01    0.237028780193180033E+02    0.643868431434558097E+01
    0.143667691553535864E-03    0.559013525304686443E+01    0.230725428819130585E+02    0.633145502339070809E+01
    0.144236574913220986E-03    0.558023145770486728E+01    0.262832507858888569E+02    0.680484152786988883E+01
    0.147116053899721877E-03    0.553869760820881574E+01    0.187671026943874040E+02    0.564702602657279673E+01
    0.147140525761544521E-03    0.553636494802624934E+01    0.227875980356515981E+02    0.625406618100628720E+01
    0.147198455483133546E-03    0.553357769623793505E+01    0.234313168544847237E+02    0.634307091860291017E+01
    0.148502968759833619E-03    0.551393122405066105E+01    0.188404512126324875E+02    0.564279591476611309E+01
    0.148552846772159996E-03    0.551125959252310427E+01    0.237606783065920091E+02    0.637588487551426919E+01
    0.148862559653676306E-03    0.550509419978575121E+01    0.239989308779415857E+02    0.640713295170265429E+01
    0.148872000888231715E-03    0.550296735882329369E+01    0.242556943560299167E+02    0.644421629279699371E+01
    0.149869221849515359E-03    0.548761500448672379E+01    0.202039221001798737E+02    0.584540926366856972E+01
    0.149930159503439695E-03    0.548480195871594844E+01    0.233502218558361356E+02    0.629405815863439155E+01
    0.150403059974720600E-03    0.547650360966310856E+01    0.217063428408689276E+02    0.607561880290140444E+01
    0.151454672700612991E-03    0.546056834325760132E+01    0.228123298658752880E+02    0.620902652512314823E+01
    0.151343491174471556E-03    0.546003706459612914E+01    0.241551467611505366E+02    0.639659293305138199E+01
    0.151676186492520593E-03    0.545364533064285428E+01    0.207020336797260214E+02    0.590359771285980717E+01
    0.151528842347443509E-03    0.545358915271260081E+01    0.207511644159711679E+02    0.591147588074192321E+01
    0.151722926315743479E-03    0.544902911495041220E+01    0.245062929657296991E+02    0.644115385642268112E+01
    0.152114693701799604E-03    0.544187152316643896E+01    0.224328634565965359E+02    0.614896145592915300E+01
    0.153011808310497111E-03    0.542811092960534669E+01    0.246439862230923659E+02    0.644601040704061745E+01
    0.153210049030477220E-03    0.542352142473595933E+01    0.227734298912936666E+02    0.618041348058598405E+01
    0.153478899758125993E-03    0.541801492999487877E+01    0.223573174243509989E+02    0.612387289006405222E+01
    0.153756236084816121E-03    0.541240419190323863E+01    0.222948288413304709E+02    0.611192413575665139E+01
    0.154169884940379555E-03    0.540503083672314322E+01    0.241238950721368894E+02    0.635007242274088135E+01
    0.154091836780367842E-03    0.540404358863071543E+01    0.209664683158009879E+02    0.591385801166958114E+01
    0.158055546270855662E-03    0.535124806359198946E+01    0.219745880533799784E+02    0.602939998854706172E+01
    0.158034282488251498E-03    0.534951714890524244E+01    0.260637291321281026E+02    0.659912278603238001E+01
    0.158814276920379058E-03    0.533767022381012790E+01    0.240089064962220107E+02    0.628188590663732960E+01
    0.159211128836387987E-03    0.533067877199746309E+01    0.246587749403228820E+02    0.637377929906616991E+01
    0.159870872733716810E-03    0.532040823546767250E+01    0.221411125883979523E+02    0.603118336135515243E+01
    0.160826944781229631E-03    0.530648330392486756E+01    0.230779741940744891E+02    0.614364333429657350E+01
    0.160768897690853174E-03    0.530520529200237601E+01    0.228545784153357801E+02    0.611448313004611421E+01
    0.163094126292087974E-03    0.527448613132513522E+01    0.223666743876151273E+02    0.603074899978612766E+01
    0.162944429568389015E-03    0.527432268386195879E+01    0.276048821926527381E+02    0.676023637974047809E+01
    0.163241630758787924E-03    0.526867812256648271E+01    0.211956526317679952E+02    0.586169109720847814E+01
    0.163468244314849033E-03    0.526390362923525057E+01    0.229418090696107129E+02    0.609872023916656580E+01
    0.163480670213507170E-03    0.526175160672523035E+01    0.233402683341442945E+02    0.614785352987987910E+01
    0.164004174440334855E-03    0.525335736062449055E+01    0.254953350216076693E+02    0.644020908026679528E+01
    0.164206527823764371E-03    0.524889122033500577E+01    0.266851275669035033E+02    0.661408423879856677E+01
    0.165481042962267299E-03    0.523142783499030894E+01    0.260068027781041913E+02    0.650027915781227694E+01
    0.165459928466286943E-03    0.522968304057477784E+01    0.201141608533233267E+02    0.566157329281476063E+01
    0.167493726283336725E-03    0.520324933235626919E+01    0.246666128079267324E+02    0.627786166203804097E+01
    0.167474468189670521E-03    0.520147930157725114E+01    0.234589929890098645E+02    0.612354692907138443E+01
    0.167401548835449898E-03    0.520035030280368993E+01    0.244864531510454349E+02    0.625311381849809678E+01
    0.167313512715321468E-03    0.519940237523523940E+01    0.262160105169581463E+02    0.650667620003497227E+01
    0.167620696898066271E-03    0.519373378289603416E+01    0.257785481169476469E+02    0.643657978598012903E+01
    0.167771827460660094E-03    0.518993135067884648E+01    0.254501844239831918E+02    0.638413992938427377E+01
    0.167875242005015936E-03    0.518669893059188247E+01    0.204820979841426798E+02    0.569217915903111571E+01
    0.167926264667008922E-03    0.518409115890085559E+01    0.230019046279730688E+02    0.605417463063231320E+01
    0.167965871511140824E-03    0.518161949743530048E+01    0.221232992497350267E+02    0.593667238910020423E+01
    0.167853977428532541E-03    0.518095228448885514E+01    0.241633360222372886E+02    0.619941141872859891E+01
    0.167865029786190149E-03    0.517882059867516453E+01    0.198211926538054364E+02    0.558044249755051514E+01
    0.168205993087299562E-03    0.517276236818346291E+01    0.232119951150386505E+02    0.607337885872877425E+01
    0.169504908822126397E-03    0.515537734942651671E+01    0.253662410143629664E+02    0.634451302234804349E+01
    0.170176846194201181E-03    0.514546478728764001E+01    0.236927389050295218E+02    0.611638401717881930E+01
    0.170021797803100592E-03    0.514528782103070981E+01    0.234884473721437139E+02    0.609035831420838303E+01
    0.170324181571891600E-03    0.513973398033108797E+01    0.175052709392075485E+02    0.519069195785691662E+01
    0.170571368500484064E-03    0.513483353798901643E+01    0.221434016929855026E+02    0.590797030019700475E+01
    0.171041115486967541E-03    0.512733318534288429E+01    0.226026931704303600E+02    0.596382728214377700E+01
    0.171358842727857991E-03    0.512162141699174622E+01    0.244513543896071290E+02    0.619686042519248836E+01
    0.171645503661341611E-03    0.511627847392730395E+01    0.261772447559069263E+02    0.643606640420787723E+01
    0.172211730951948730E-03    0.510769169609729445E+01    0.209586758707560037E+02    0.571592055695760770E+01
    0.172885808078863923E-03    0.509787850813778931E+01    0.220985154242073349E+02    0.587713119518882365E+01
    0.173069648435258917E-03    0.509375291225274829E+01    0.217519462266035681E+02    0.582839305146627495E+01
    0.173766595921935417E-03    0.508371513147202680E+01    0.239366119885930715E+02    0.610648144636585766E+01
    0.173995622008080056E-03    0.507908084738429544E+01    0.245184778935124790E+02    0.617720067408566997E+01
    0.173835608944566895E-03    0.507892097053091529E+01    0.262578340599413949E+02    0.641880736800041518E+01
    0.174024092721834035E-03    0.507475361633821898E+01    0.241681529738774117E+02    0.612989810000250923E+01
    0.173870751679736562E-03    0.507451668991632054E+01    0.218901986881162074E+02    0.583372515650505452E+01
    0.173744479467539384E-03    0.507396970125118418E+01    0.235498646845709949E+02    0.605096369710915027E+01
    0.174696019302218578E-03    0.506104626148524517E+01    0.229568780881681747E+02    0.596604313899188199E+01
    0.176636732745334983E-03    0.503695059097113162E+01    0.242069837957147165E+02    0.610966693549955409E+01
    0.176714321064015396E-03    0.503407227668174251E+01    0.244679298485497796E+02    0.614084155734423920E+01
    0.177055276264387524E-03    0.502821716523630169E+01    0.259257685545280800E+02    0.632867580605242885E+01
    0.177312654073448017E-03    0.502331196042196737E+01    0.243375679554474331E+02    0.611712693920689699E+01
    0.177660085533933238E-03    0.501739693785637542E+01    0.239512144231381789E+02    0.606417665982958987E+01
    0.178322672315892186E-03    0.500795177336456199E+01    0.248042044765768921E+02    0.616604136687152504E+01
    0.178608332400906599E-03    0.500275048076475670E+01    0.225999964864786875E+02    0.587910239632682785E+01
    0.178732030010147574E-03    0.499936583321639461E+01    0.200875238447375182E+02    0.550213304915312662E+01
    0.179466039022500731E-03    0.498916913866999590E+01    0.210197620069043651E+02    0.564535309326626500E+01
    0.179944874810131640E-03    0.498184001757206474E+01    0.235299735271855717E+02    0.598694619391157090E+01
    0.180737888672690870E-03    0.497104541776672715E+01    0.226269626881652393E+02    0.586102363634028567E+01
    0.182243417473592462E-03    0.495245461919040508E+01    0.191668839836264695E+02    0.532174379476551795E+01
    0.183802724364745052E-03    0.493341505892744348E+01    0.228802436263316338E+02    0.586880751077866858E+01
    0.183631505477843519E-03    0.493327899957749239E+01    0.250411084479040760E+02    0.614592907368468566E+01
    0.183603688733016050E-03    0.493158198518808000E+01    0.237927924276049936E+02    0.598646792248607440E+01
    0.183915123835818109E-03    0.492619238806594062E+01    0.226909794127291562E+02    0.583874748636387508E+01
    0.185825754589315705E-03    0.490352226072289366E+01    0.208756200934008689E+02    0.556337242660444353E+01
    0.185740791832227412E-03    0.490243690451295056E+01    0.219982782075259315E+02    0.573054194762289182E+01
    0.185706949921852062E-03    0.490080133704718257E+01    0.265369397107614091E+02    0.631901333738581084E+01
    0.185731220120480939E-03    0.489853997243126926E+01    0.243932295465843119E+02    0.604028603467728242E+01
    0.186070951332529936E-03    0.489288500392735415E+01    0.224487869392854762E+02    0.578368849804622265E+01
    0.186078912723463814E-03    0.489079943204683421E+01    0.209984809829884185E+02    0.557438780113585253E+01
    0.185984018741114116E-03    0.488981962488386745E+01    0.218752709708891331E+02    0.570552663548113870E+01
    0.186417700559591404E-03    0.488316140778047991E+01    0.230457292472042106E+02    0.585612580957245754E+01
    0.188491505280343629E-03    0.485903524134017228E+01    0.209859652560840999E+02    0.555040393743075366E+01
    0.189157632618131347E-03    0.484997971850951437E+01    0.180334077729640931E+02    0.509697737539325235E+01
    0.189931313125308487E-03    0.483981612956762142E+01    0.250055191614017360E+02    0.607804431012291779E+01
    0.191582348311229939E-03    0.482050565647253748E+01    0.236730660969844990E+02    0.589586254605162097E+01
    0.191685066796000431E-03    0.481743362704158695E+01    0.213899287376767901E+02    0.558658918451895126E+01
    0.194058791705639948E-03    0.479081879706996805E+01    0.221636345335239682E+02    0.567502459629742972E+01
    0.194045413193735713E-03    0.478895668284115850E+01    0.248197688381859116E+02    0.601971849188816144E+01
    0.193874342485464326E-03    0.478872066332276347E+01    0.233932632599891051E+02    0.583660302367004924E+01
    0.193812765571682106E-03    0.478735598921340166E+01    0.227197155556441714E+02    0.574634021648784721E+01
    0.193912325190859750E-03    0.478432887362314752E+01    0.230643229965126721E+02    0.578991881614688797E+01
    0.194945300129128606E-03    0.477170310932485009E+01    0.252291156628837641E+02    0.605979245235911179E+01
    0.196103863628028374E-03    0.475785225274602741E+01    0.250163198719277204E+02    0.602328194237426917E+01
    0.197942260810192043E-03    0.473719037123841424E+01    0.219232793020006014E+02    0.560559182662431876E+01
    0.197843401663112692E-03    0.473618948928145667E+01    0.224590952556287995E+02    0.567593551479679270E+01
    0.197776808667976561E-03    0.473486279154493062E+01    0.257061317755013405E+02    0.609492681069638298E+01
    0.198917254904910825E-03    0.472136325592222050E+01    0.242562769839244332E+02    0.590172936692533145E+01
    0.199325058287295678E-03    0.471526722181005109E+01    0.228251961774661645E+02    0.570975908584339642E+01
    0.199592707655933536E-03    0.471058346659393923E+01    0.207940505839046530E+02    0.541575482599797642E+01
    0.200100553400152646E-03    0.470350110902631879E+01    0.253004435232451357E+02    0.602179875742550941E+01
    0.200063981071554940E-03    0.470186668193994795E+01    0.233086922514535679E+02    0.576442170241204543E+01
    0.200735847175326454E-03    0.469316142224939981E+01    0.208326742152881721E+02    0.540968524513370408E+01
    0.200777375545628712E-03    0.469074770366575855E+01    0.239883536960802140E+02    0.584655632151549653E+01
    0.201107927441841977E-03    0.468545769063666917E+01    0.227020874360291067E+02    0.567240032698141317E+01
    0.200959657161007697E-03    0.468493276888947641E+01    0.244713608327149892E+02    0.590377913161264711E+01
    0.201696471425124186E-03    0.467561322216750774E+01    0.233846797152796313E+02    0.575594622144977741E+01
    0.202517504667617821E-03    0.466548847220659813E+01    0.201785045070683466E+02    0.528472604757240383E+01
    0.204039211313343196E-03    0.464851674804582515E+01    0.233995579486702248E+02    0.573871166766174934E+01
    0.205114454201012198E-03    0.463600485040348786E+01    0.239193887737682118E+02    0.579874907830875763E+01
    0.205121450497350988E-03    0.463393663310446957E+01    0.233978628337595858E+02    0.572812612194698545E+01
    0.205928969980993310E-03    0.462407851660830271E+01    0.215240356851868100E+02    0.547207010339333699E+01
    0.206107100606735911E-03    0.462034924434728111E+01    0.243444302827309009E+02    0.584268907400998749E+01
    0.205974741626877033E-03    0.461963402781350840E+01    0.249501144459401907E+02    0.591900416447962652E+01
    0.205954551892273473E-03    0.461783007830038361E+01    0.217794331429497774E+02    0.550206260228037447E+01
    0.206541271471114387E-03    0.461014061488004412E+01    0.214056198566364166E+02    0.544306088904502250E+01
    0.208127169413558141E-03    0.459284255485573922E+01    0.221028492527263438E+02    0.552711327494466520E+01
    0.208219246339791684E-03    0.458995793642983596E+01    0.232366114168303568E+02    0.567538326550192984E+01
    0.208880955587639473E-03    0.458161212504044091E+01    0.237046206489487759E+02    0.573146908305836078E+01
    0.208982870318541870E-03    0.457863654661908193E+01    0.212221244469562222E+02    0.539098739730336884E+01
    0.209002165052505099E-03    0.457645190140601965E+01    0.194519853804556817E+02    0.512673537479721109E+01
    0.209302765849118358E-03    0.457157743518627502E+01    0.250271293942268045E+02    0.589506331207557110E+01
    0.209181753979405510E-03    0.457073410280325465E+01    0.239249930680479359E+02    0.575289879058457920E+01
    0.209265688968672677E-03    0.456793175601571200E+01    0.234526769194026237E+02    0.568826295676460436E+01
    0.209371852274882882E-03    0.456491738632329369E+01    0.228326554939390114E+02    0.560388928140536002E+01
    0.209749973744812146E-03    0.455930868308673265E+01    0.224884705446711877E+02    0.555422802133423765E+01
    0.210146046200800025E-03    0.455353562923869948E+01    0.184801632463505072E+02    0.498285102456826046E+01
    0.210321997518464119E-03    0.454986176764037076E+01    0.235775253847015591E+02    0.569184856248610949E+01
    0.210527176361021123E-03    0.454591162614995703E+01    0.218118679170913268E+02    0.545489094441131606E+01
    0.211832638062506220E-03    0.453154808384135599E+01    0.261865847882705722E+02    0.601388204507340696E+01
    0.211987234912631680E-03    0.452808900306823414E+01    0.197110499335470877E+02    0.513255417089308263E+01
    0.212915545759100798E-03    0.451734994683513591E+01    0.229239914603368540E+02    0.558178684712076834E+01
    0.215550708278872084E-03    0.449074874922941714E+01    0.261555449182400110E+02    0.598103155867286684E+01
    0.216518764708178415E-03    0.447978669002676533E+01    0.213596358192188305E+02    0.534193646069963268E+01
    0.221224426193034919E-03    0.443478574467561870E+01    0.202263226185049731E+02    0.514536529617128657E+01
    0.221640263023648677E-03    0.442902986200573601E+01    0.244672399973891146E+02    0.572235527844738989E+01
    0.222917474635154632E-03    0.441553785529982701E+01    0.243506457120553712E+02    0.569704702323907775E+01
    0.223435482928344413E-03    0.440889571264593005E+01    0.245574165477561053E+02    0.571960945811824928E+01
    0.224055100544495983E-03    0.440135711107513838E+01    0.242806693047155093E+02    0.567739928524469306E+01
    0.225400163611421696E-03    0.438738646848032854E+01    0.231233009326793528E+02    0.551370332455255419E+01
    0.225191762490071563E-03    0.438723648952273670E+01    0.208501964455912763E+02    0.520004879672102138E+01
    0.225217107724431530E-03    0.438501140306414872E+01    0.238073863266290005E+02    0.560266860754680085E+01
    0.225178822677145785E-03    0.438335141543809570E+01    0.205759215285889105E+02    0.516092881990255403E+01
    0.225051856913018012E-03    0.438247942179782068E+01    0.219388746775118122E+02    0.535305453997405944E+01
    0.226105851151006410E-03    0.437113460833966361E+01    0.218330270947508218E+02    0.533069074029757051E+01
    0.226272017680139001E-03    0.436766533631686293E+01    0.260394768352317492E+02    0.587818769664349805E+01
    0.226565057393678050E-03    0.436307685785024280E+01    0.232150526816935781E+02    0.550801860045374703E+01
    0.226550344841296744E-03    0.436120673692583960E+01    0.223273041211134320E+02    0.538893131810451642E+01
    0.227208824714959936E-03    0.435340206889865833E+01    0.198616622130802583E+02    0.504691723914607326E+01
    0.230365286962978290E-03    0.432380861693896801E+01    0.215956372174125626E+02    0.526433850076952936E+01
    0.230453568559427929E-03    0.432104231498336322E+01    0.244218113707178368E+02    0.563703228123960898E+01
    0.230753868990557509E-03    0.431643784290312293E+01    0.217259062668223066E+02    0.527616084217198456E+01
    0.231469636091866478E-03    0.430824371676673490E+01    0.243713555877969910E+02    0.562087059939240152E+01
    0.231677041944199942E-03    0.430445244090492363E+01    0.244090796575105777E+02    0.562306394707782875E+01
    0.231453242644116586E-03    0.430438536841958541E+01    0.239988619543849389E+02    0.556862109066130717E+01
    0.231761905740422502E-03    0.429971997076954082E+01    0.230542791556778965E+02    0.543991514305663948E+01
    0.233006256682273430E-03    0.428701051159635149E+01    0.231929088741521205E+02    0.544886536516006803E+01
    0.233812808268690114E-03    0.427809946233107397E+01    0.221024759031253204E+02    0.529765642808696580E+01
    0.233897651675445161E-03    0.427537385608561671E+01    0.209293807608498952E+02    0.514195061904598028E+01
    0.233712754913673038E-03    0.427495548702277350E+01    0.249666003431750774E+02    0.567482582206522856E+01
    0.234232251784994509E-03    0.426851481918956832E+01    0.253229771874210847E+02    0.571531771395005528E+01
    0.234217814423914129E-03    0.426663809688441642E+01    0.232856389391847003E+02    0.544601026072486061E+01
    0.234139452442539423E-03    0.426530734651628674E+01    0.207036135512175825E+02    0.510546796102135758E+01
    0.235078374813444822E-03    0.425530318666078244E+01    0.216387848450715765E+02    0.522250301868065137E+01
    0.235375893972602097E-03    0.425077355333784102E+01    0.267289392242551287E+02    0.588064595434097726E+01
    0.237231651581467972E-03    0.423306693025016134E+01    0.252407817954758116E+02    0.567892546636655826E+01
    0.237640297881688806E-03    0.422762476946074273E+01    0.236693917789697501E+02    0.546776719700070046E+01
    0.237681775793395917E-03    0.422527571845643646E+01    0.213214446107702784E+02    0.516363986341095060E+01
    0.238165848699107961E-03    0.421920657490907480E+01    0.225338067729740352E+02    0.531088869204309599E+01
    0.238433258453861718E-03    0.421496225863733454E+01    0.262477945660478369E+02    0.579332904230540535E+01
    0.239694445305915500E-03    0.420241118814143277E+01    0.250798532964563243E+02    0.563588410658569305E+01
    0.239478820916229877E-03    0.420221115837720749E+01    0.246049387891764582E+02    0.557276219610545098E+01
    0.239499771093532211E-03    0.420003620126916566E+01    0.239712182469035433E+02    0.548709976372249386E+01
    0.239714242353217168E-03    0.419624600926310531E+01    0.216602307587031255E+02    0.518847162347745527E+01
    0.240774598077250995E-03    0.418541868711816445E+01    0.210230576038264694E+02    0.509872579046897911E+01
    0.241185561529058592E-03    0.418000791929248550E+01    0.223206418574026841E+02    0.525317350290127205E+01
    0.243014494296512929E-03    0.416289894568894958E+01    0.262847033614926602E+02    0.575955570266151451E+01
    0.244520069568877972E-03    0.414854634408898892E+01    0.258279508065057648E+02    0.569098024741733255E+01
    0.245901766143255746E-03    0.413527686031364894E+01    0.242381058130208835E+02    0.547362447115012785E+01
    0.246242168326442769E-03    0.413051017184209179E+01    0.236008638567338380E+02    0.538551528713891869E+01
    0.246910764861411327E-03    0.412308713245926217E+01    0.241909610724143640E+02    0.545812774399979794E+01
    0.246965547754934866E-03    0.412064343518225584E+01    0.229039892092815158E+02    0.528562533455874473E+01
    0.247251630699627054E-03    0.411632799177712094E+01    0.247331541387232221E+02    0.552488706607578806E+01
    0.250011437200218861E-03    0.409212779220065226E+01    0.207246153514582474E+02    0.500028894592275375E+01
    0.251696046864880449E-03    0.407669673088102602E+01    0.223207387300409827E+02    0.518599816188293516E+01
    0.252707785083420438E-03    0.406667348037191356E+01    0.208336005364058963E+02    0.499901987376372503E+01
    0.256142548081741723E-03    0.403767288752919828E+01    0.202232993338181153E+02    0.489830444856142933E+01
    0.257281809916364815E-03    0.402679708187878660E+01    0.236208949256079102E+02    0.530896012723354627E+01
    0.257461549968892754E-03    0.402340034654350909E+01    0.230108820675164338E+02    0.522765572418296820E+01
    0.257295531325912191E-03    0.402269042028718626E+01    0.216889497228342059E+02    0.508302671336205059E+01
    0.257273612815865193E-03    0.402086080368700127E+01    0.263471210098260222E+02    0.566116790077006460E+01
    0.257759118216071680E-03    0.401509012648719477E+01    0.217925152786316048E+02    0.508950789863838526E+01
    0.259362483425298179E-03    0.400068785713990405E+01    0.197762862988804748E+02    0.481450148955156454E+01
    0.259481003008205275E-03    0.399777413584966679E+01    0.247013528988352213E+02    0.542985287627715252E+01
    0.259694892258653936E-03    0.399412622218881141E+01    0.271631084231641644E+02    0.574441096265933293E+01
    0.259692449216026905E-03    0.399214503699172019E+01    0.218391004955508485E+02    0.508002295669539716E+01
    0.260211810982176317E-03    0.398614920946218421E+01    0.246494891658786734E+02    0.541398956891459449E+01
    0.262294220867446341E-03    0.396820741523322607E+01    0.250602165040815983E+02    0.545455173584844832E+01
    0.262610557323367775E-03    0.396379679519424011E+01    0.216597827292801561E+02    0.504240405907491240E+01
    0.262519978885221753E-03    0.396248674508521326E+01    0.222684171405669566E+02    0.510794974368495680E+01
    0.263274335023158169E-03    0.395474794848314559E+01    0.233170222676752061E+02    0.521737414567935520E+01
    0.263090366590973184E-03    0.395414597870143325E+01    0.229327111963052168E+02    0.517507357060978102E+01
    0.262961891490110769E-03    0.395312287863057454E+01    0.216411495762961685E+02    0.503355235944344148E+01
    0.262879389601672309E-03    0.395175045879269238E+01    0.255251209813648430E+02    0.550341658218239171E+01
    0.262852500303241432E-03    0.394995504443014278E+01    0.228345713170676667E+02    0.516168973555860600E+01
    0.262903969661602572E-03    0.394756346116712642E+01    0.226008327560380984E+02    0.513466643603254180E+01
    0.264766399365468693E-03    0.393144527263843102E+01    0.223261586289070983E+02    0.509438281781027058E+01
    0.264651303999744727E-03    0.393031487232732601E+01    0.239865143693862564E+02    0.528271296419818803E+01
    0.265777838563033709E-03    0.391981959055129847E+01    0.244595348456745150E+02    0.533724260703017173E+01
    0.266498983319131140E-03    0.391240026611192970E+01    0.239651747289964661E+02    0.526589473159271471E+01
    0.266330786290970762E-03    0.391166293605529969E+01    0.230108398017673750E+02    0.515635340157423716E+01
    0.267761769557612662E-03    0.389894579218121562E+01    0.253584158517316602E+02    0.544010288922015217E+01
    0.268116108712181556E-03    0.389430086712954138E+01    0.227257430580348903E+02    0.511407746504000738E+01
    0.269312439128873739E-03    0.388339674473022178E+01    0.242148796842411436E+02    0.527628007938140708E+01
    0.270432397613417968E-03    0.387309682213235495E+01    0.248658368991838081E+02    0.535450112559346270E+01
    0.270330730991250653E-03    0.387184884547110997E+01    0.214940778356441342E+02    0.496393519661252913E+01
    0.270690070840356068E-03    0.386719209067925274E+01    0.247032637431630171E+02    0.532829946835919621E+01
    0.270657348708056185E-03    0.386543387354295831E+01    0.229724684512681492E+02    0.512233413492480238E+01
    0.270815574588335504E-03    0.386226501816370194E+01    0.239028645586571962E+02    0.522175749288251811E+01
    0.270896381108624059E-03    0.385966834297464922E+01    0.208772565570917727E+02    0.487273767084167186E+01
    0.270666841361975831E-03    0.385936372959520302E+01    0.230703008297237524E+02    0.512907207585739044E+01
    0.270765223408101874E-03    0.385663690121834035E+01    0.212517071202064400E+02    0.492134756528540773E+01
    0.270962810694595139E-03    0.385317796032681636E+01    0.242864076250311527E+02    0.526198534899319270E+01
    0.271587030310247151E-03    0.384657584016082588E+01    0.240543044719119301E+02    0.522809892950818522E+01
    0.271324925599270874E-03    0.384650694319503339E+01    0.243384307648433555E+02    0.526361978956886212E+01
    0.271399367220216063E-03    0.384395829171661507E+01    0.245768181697647172E+02    0.529321664481133070E+01
    0.272001699413621488E-03    0.383752449519263905E+01    0.233042462059786430E+02    0.514041088552828729E+01
    0.271810906907158408E-03    0.383692786475102121E+01    0.203764591808823319E+02    0.479033541976001587E+01
    0.272338505313252186E-03    0.383104952869425208E+01    0.242933530269137030E+02    0.524542644751084719E+01
    0.272471617735886465E-03    0.382807221627180594E+01    0.229439979570650152E+02    0.509496945155259606E+01
    0.272325673059914679E-03    0.382714376843931792E+01    0.243552199564192229E+02    0.525053854512692819E+01
    0.272817233233602638E-03    0.382153693213095824E+01    0.233221519733834839E+02    0.513195645691035374E+01
    0.272780902466154026E-03    0.381980328764159038E+01    0.231590845153426059E+02    0.511304110639464149E+01
    0.272689867779176592E-03    0.381847085549516319E+01    0.245468949089476425E+02    0.526908329892072747E+01
    0.272733016331031300E-03    0.381615441441281655E+01    0.235292188267845823E+02    0.515103128644287356E+01
    0.273727984952332941E-03    0.380687140817125869E+01    0.267052467064835852E+02    0.554235603706445268E+01
    0.276213768067192400E-03    0.378679094760932822E+01    0.203495483032404536E+02    0.475397737222220140E+01
    0.276755623666988769E-03    0.378087133989624746E+01    0.180694629868250622E+02    0.444222366832322102E+01
    0.276589470297075525E-03    0.378007242310248914E+01    0.204384460842752773E+02    0.476158061902116625E+01
    0.276943819015772771E-03    0.377551179107589796E+01    0.237088947146178732E+02    0.514403801209378653E+01
    0.276956698984298091E-03    0.377341877821091654E+01    0.233749211940288468E+02    0.510623870560032156E+01
    0.280513828179158040E-03    0.374589507929586585E+01    0.222516606068958325E+02    0.496562246999216494E+01
    0.281992598755513601E-03    0.373337947334214704E+01    0.235309888561545044E+02    0.509689747201343391E+01
    0.282782468413925246E-03    0.372578524498957897E+01    0.232863084687725355E+02    0.506519246380610788E+01
    0.283518174424994378E-03    0.371858866656951426E+01    0.204043378244159364E+02    0.471646579191661175E+01
    0.283245871183109596E-03    0.371851047699447923E+01    0.259126754877404863E+02    0.537034508143120082E+01
    0.284290713082644504E-03    0.370914641900111430E+01    0.224202991010578003E+02    0.495972359823933928E+01
    0.284086913616854821E-03    0.370858067302486827E+01    0.235362623405983413E+02    0.508106363474280531E+01
    0.285068653462148354E-03    0.369968104223320537E+01    0.260043200488140300E+02    0.536732226096995557E+01
    0.285641944073307538E-03    0.369366295806612532E+01    0.247203840659142990E+02    0.520031163630571580E+01
    0.286165990694597873E-03    0.368799706442497266E+01    0.211802571749734661E+02    0.480096788534070917E+01
    0.285941566710757266E-03    0.368756616794375214E+01    0.218351940969543143E+02    0.488157879326382993E+01
    0.285818756846950041E-03    0.368642533819841001E+01    0.214588140763346651E+02    0.483754561497498070E+01
    0.286458160491310251E-03    0.367995614581222075E+01    0.238467641435161539E+02    0.509591093010640162E+01
    0.286728543785400372E-03    0.367606926803136691E+01    0.232280676696291017E+02    0.502584243329784641E+01
    0.287666105967231795E-03    0.366754021686511411E+01    0.225388050352480960E+02    0.494497996490953451E+01
    0.288735006564977328E-03    0.365812245309053719E+01    0.201882395457089707E+02    0.464706750031182203E+01
    0.288684592269323147E-03    0.365647169163999708E+01    0.220224028901981690E+02    0.488126655439726420E+01
    0.291428832164757556E-03    0.363554945850295796E+01    0.218942323289087319E+02    0.485328190334499077E+01
    0.291859632934057432E-03    0.363059516831272200E+01    0.206111566336924312E+02    0.468575688385986489E+01
    0.292218171992296178E-03    0.362613974815979878E+01    0.260909833851656785E+02    0.531912147579911831E+01
    0.292353168191514939E-03    0.362321602034533363E+01    0.226717583829284060E+02    0.492980693354414523E+01
    0.292447954068882640E-03    0.362056769136925105E+01    0.244866117346846082E+02    0.512596852407828862E+01
    0.292764750514209527E-03    0.361640234893013535E+01    0.249985748427252155E+02    0.517900656225425848E+01
    0.296568127278106657E-03    0.358858719615399835E+01    0.244764646824761982E+02    0.510331368577609990E+01
    0.296968720908188065E-03    0.358388749053583666E+01    0.251863364638871339E+02    0.517756161839245621E+01
    0.297046385823060432E-03    0.358136450777371262E+01    0.242968218866317294E+02    0.507883877828254882E+01
    0.297232408881548170E-03    0.357811241487578968E+01    0.229808896197890782E+02    0.493311372074765497E+01
    0.297898621063142808E-03    0.357163466173332367E+01    0.246794907638745293E+02    0.511399019525714227E+01
    0.297648080349634139E-03    0.357131742298576738E+01    0.220142209274558454E+02    0.482308157623390077E+01
    0.299624017042615220E-03    0.355608429918637414E+01    0.219419615337802973E+02    0.480486935818678251E+01
    0.299780780938313832E-03    0.355303816875962397E+01    0.205890214726139114E+02    0.463040320765001656E+01
    0.299513835392439202E-03    0.355281990052402685E+01    0.187946984131575903E+02    0.438790570249037071E+01
    0.299311899177324688E-03    0.355216878191714391E+01    0.261659046856404629E+02    0.556470018590179083E+00
    0.299492380866233135E-03    0.354896316799359779E+01    0.269984380537716220E+02    0.537447589503979284E+01
    0.299494897228365419E-03    0.354694636388298523E+01    0.221736103154251794E+02    0.482392516108894398E+01
    0.301605254463669086E-03    0.353090300754639719E+01    0.250693629796402533E+02    0.539572250921613872E+00
    0.302550331553063008E-03    0.352264582557444994E+01    0.248602717200077485E+02    0.510039433682523402E+01
    0.303904543404511299E-03    0.351171382315719560E+01    0.241389099866216306E+02    0.525452740208944613E+00
    0.305955701713707384E-03    0.349626047177128241E+01    0.254747698889082095E+02    0.553550429063753402E+00
    0.310048191808632559E-03    0.346768563774563088E+01    0.192309217682441194E+02    0.438858238121371969E+01
    0.312126486766749656E-03    0.345232409951744135E+01    0.238132099349759265E+02    0.493790634738307155E+01
    0.313640476177529928E-03    0.344064642425164235E+01    0.228743736996146474E+02    0.482743675468884259E+01
    0.314035110780078684E-03    0.343613152857789528E+01    0.227473478543189209E+02    0.481045682417651488E+01
    0.314624199487011167E-03    0.343038330520959045E+01    0.222581808905553302E+02    0.475312191649519367E+01
    0.316193846077308732E-03    0.341843019850416585E+01    0.224734634230606645E+02    0.476830787346386753E+01
    0.316071961707474036E-03    0.341720129426704267E+01    0.207699660413406164E+02    0.456152666175647781E+01
    0.315886809624365248E-03    0.341637321937865890E+01    0.233716108173096160E+02    0.486483733590084189E+01
    0.315916307663130448E-03    0.341418646475221976E+01    0.210298457475061902E+02    0.459453208833298099E+01
    0.315991857608731159E-03    0.341170823104609333E+01    0.233006599970901078E+02    0.485385620570485266E+01
    0.317207485930928105E-03    0.340202894440073145E+01    0.245929008761380814E+02    0.498806099900879207E+01
    0.318547790887969452E-03    0.339159609615484703E+01    0.224488556618172517E+02    0.474694257329288671E+01
    0.319101336676911305E-03    0.338612367908983014E+01    0.220751388756518310E+02    0.470236205316463352E+01
    0.320130850283365160E-03    0.337768148473484242E+01    0.243726329503289207E+02    0.494704307272532784E+01
    0.320253409552460411E-03    0.337491594892593616E+01    0.221030275824187008E+02    0.469756864692217313E+01
    0.321557108673722349E-03    0.336479080371682482E+01    0.224617333264450565E+02    0.472960045075183633E+01
    0.322425404760667410E-03    0.335739751060707903E+01    0.216530645356979186E+02    0.463621538223905727E+01
    0.322780053764758538E-03    0.335319883708300637E+01    0.219162313854548749E+02    0.466197032821873680E+01
    0.323833814442926011E-03    0.334468019179672726E+01    0.209875722636472517E+02    0.454022182997909951E+01
    0.325538872037143721E-03    0.333217736931509467E+01    0.227577963668019727E+02    0.473896589226039300E+01
    0.326557854082570181E-03    0.332392686791553249E+01    0.232750255321260262E+02    0.543839589172831150E+00
    0.327449458234365927E-03    0.331647368910615103E+01    0.240867883765670712E+02    0.487283037862033552E+01
    0.328657934943687514E-03    0.330710612648760893E+01    0.202132888540268887E+02    0.440912766978139814E+01
    0.330366596708184777E-03    0.329473524946513052E+01    0.229229824562292102E+02    0.473050203922251722E+01
    0.330666910188591402E-03    0.329091801328617484E+01    0.242723324239740599E+02    0.487496253363132315E+01
    0.334038698733208760E-03    0.326862742196282197E+01    0.208066086184481129E+02    0.446192821103768811E+01
    0.335307522142427189E-03    0.325904494886036655E+01    0.223296238629725146E+02    0.538212525825352506E+00
    0.335562437608010291E-03    0.325552503893361322E+01    0.247272917729334267E+02    0.584256129667122037E+00
    0.335670411704489826E-03    0.325288160142882532E+01    0.261676322943584658E+02    0.505457971593467281E+01
    0.335963522161746670E-03    0.324913594528433736E+01    0.242683788449545830E+02    0.484475488878400906E+01
    0.335946371836684434E-03    0.324723804424273865E+01    0.232270591566111584E+02    0.472982315945587661E+01
    0.335882943549881531E-03    0.324561568949002677E+01    0.240333671974275553E+02    0.573010760499769400E+00
    0.335576836040021040E-03    0.324543922406572438E+01    0.227091087558413918E+02    0.467204435599220602E+01
    0.336204904862025527E-03    0.323969950345859292E+01    0.210510553007582146E+02    0.447427028074704225E+01
    0.335893653421258105E-03    0.323955191905554596E+01    0.261283993492966857E+02    0.504076082082734267E+01
    0.335779412580493558E-03    0.323823225505611800E+01    0.228638935525783964E+02    0.468376434256284302E+01
    0.335674763858572476E-03    0.323685567048154654E+01    0.267119135310848712E+02    0.510220789886480119E+01
    0.335424614076624530E-03    0.323634665558308265E+01    0.222886652567885477E+02    0.541761261960464369E+00
    0.337452005692105283E-03    0.322229453374651920E+01    0.233441962043347182E+02    0.472471054560345660E+01
    0.338731458291930603E-03    0.321272585338135608E+01    0.238040799571345936E+02    0.476798520453482411E+01
    0.339069031872154928E-03    0.320873368245183732E+01    0.232056035164684822E+02    0.469983555270387665E+01
    0.339485374644701214E-03    0.320427938949739843E+01    0.238410513614240713E+02    0.577277827059981985E+00
    0.339294669941975940E-03    0.320340319806701501E+01    0.227348514735996474E+02    0.464464925517149574E+01
    0.339242183291952324E-03    0.320171260882258668E+01    0.245833722953138682E+02    0.484504290366197043E+01
    0.339287386499858017E-03    0.319944613136905476E+01    0.229156573377380184E+02    0.466151427256715323E+01
    0.339828173455115532E-03    0.319426088808240305E+01    0.224782784075431366E+02    0.461006632322718879E+01
    0.340136857889367507E-03    0.319044500378696938E+01    0.262562816074548699E+02    0.626129682946414357E+00
    0.340788976236034466E-03    0.318461422802040106E+01    0.211638055166999948E+02    0.444983215027270074E+01
    0.340737608055588655E-03    0.318291571695264519E+01    0.215944487601669337E+02    0.450546481467335447E+01
    0.340682400591794574E-03    0.318123978999556067E+01    0.229098760781904929E+02    0.464772145495663924E+01
    0.341036066383950710E-03    0.317716464700897960E+01    0.230890968918477135E+02    0.466431645144408513E+01
    0.340950764394393777E-03    0.317566496159660661E+01    0.228667077085753156E+02    0.463897410444163150E+01
    0.340883224131650084E-03    0.317406118862020392E+01    0.240060038268095148E+02    0.476207129889156988E+01
    0.340993532837702339E-03    0.317141409979728417E+01    0.257143337868221131E+02    0.494643237287636950E+01
    0.341099822627527602E-03    0.316879078458779384E+01    0.256483527075745030E+02    0.493735733944806476E+01
    0.341396154730117223E-03    0.316505402931860091E+01    0.283890200980246412E+02    0.520883366592629926E+01
    0.341336577298700786E-03    0.316340308205207021E+01    0.258230395374257213E+02    0.495235584875401891E+01
    0.341089985950122313E-03    0.316284846165827682E+01    0.204002949677205585E+02    0.433092552804400555E+01
    0.342144489296136766E-03    0.315467486110662687E+01    0.264778873942459718E+02    0.501697104206597810E+01
    0.342532450654031771E-03    0.315040832413548344E+01    0.221170785146428415E+02    0.555046528222603919E+00
    0.342887826468317555E-03    0.314633440914925799E+01    0.230255286714938379E+02    0.463497719434475730E+01
    0.343056464283645278E-03    0.314335101839288678E+01    0.219376204187761275E+02    0.451414701669122032E+01
    0.344177784018621002E-03    0.313482444767660651E+01    0.214611122714919347E+02    0.445378892522598235E+01
    0.344264677725881108E-03    0.313231957639077851E+01    0.252761103575557655E+02    0.487020393434334764E+01
    0.344212042520032461E-03    0.313062538313426408E+01    0.242467447626844752E+02    0.475670599778067427E+01
    0.344213658328600136E-03    0.312861599470752472E+01    0.261779818908484216E+02    0.496527771902872495E+01
    0.344191003632300175E-03    0.312674763063373984E+01    0.257245180446089741E+02    0.491472356610207228E+01
    0.344489528930359216E-03    0.312301373340481758E+01    0.248987008117342619E+02    0.482224528830685184E+01
    0.345339548483826020E-03    0.311608486037519539E+01    0.200254588785526586E+02    0.424617203585009939E+01
    0.345324014337618050E-03    0.311417482687727576E+01    0.271667416550531868E+02    0.506184064260438582E+01
    0.346692879637054501E-03    0.310426249354124684E+01    0.241011991839713957E+02    0.601580684312884806E+00
    0.347712036690223580E-03    0.309639181053784629E+01    0.234981683989352064E+02    0.464995691663278699E+01
    0.347558779719337743E-03    0.309527352148993851E+01    0.259243096878791803E+02    0.491310350382547600E+01
    0.347511061731349362E-03    0.309354812979666693E+01    0.226215657817511406E+02    0.455225565764527662E+01
    0.348422975497161217E-03    0.308630674633815438E+01    0.230968419980443649E+02    0.459875889705576224E+01
    0.348196069212542813E-03    0.308560964665006576E+01    0.205359615743992450E+02    0.429272163343773983E+01
    0.352010442111743089E-03    0.306181944293746922E+01    0.211230770473596401E+02    0.435444257066993234E+01
    0.351981819298513490E-03    0.305998207434583636E+01    0.205681585439506023E+02    0.539585806295969861E+00
    0.353214689873139541E-03    0.305098900608956169E+01    0.243039268968451587E+02    0.615888928429995430E+00
    0.354290834299554244E-03    0.304290484013152218E+01    0.193139179725059300E+02    0.411297464193646434E+01
    0.355455230585878805E-03    0.303434250811669770E+01    0.225571112848879096E+02    0.586125728791538014E+00
    0.355802287750359191E-03    0.303039071325710818E+01    0.259742767916081299E+02    0.652074374915257216E+00
    0.356734467636664408E-03    0.302315768963512799E+01    0.234719296845921477E+02    0.605657323787260449E+00
    0.357667412790996740E-03    0.301593404333612902E+01    0.235643398117781793E+02    0.459752595122153718E+01
    0.357699339750085438E-03    0.301375552254801082E+01    0.262208444697618468E+02    0.488429648550496509E+01
    0.358669020510932949E-03    0.300634109384410664E+01    0.209376094580722310E+02    0.428808827913477320E+01
    0.359272142834597609E-03    0.300098080474899076E+01    0.227458767761171146E+02    0.449707007481266441E+01
    0.359571572962967209E-03    0.299731462814292104E+01    0.235686897956530466E+02    0.458406393660397704E+01
    0.359299341524097404E-03    0.299682940052498070E+01    0.214333039419050593E+02    0.434791253714531223E+01
    0.359400448335933924E-03    0.299426667982327510E+01    0.229767551488482482E+02    0.451721702486485377E+01
    0.359540723356113821E-03    0.299148622641495532E+01    0.215926034738589543E+02    0.576402881824166435E+00
    0.359615145251816900E-03    0.298907228613180154E+01    0.273043633648144137E+02    0.498266960581542051E+01
    0.359311557778700251E-03    0.298876140125233025E+01    0.231537920248899916E+02    0.453239307433701377E+01
    0.359597940962374282E-03    0.298516797009405765E+01    0.208682179123395315E+02    0.426283424105079245E+01
    0.360643406755388983E-03    0.297736176898885097E+01    0.264409432160451594E+02    0.675186517661632624E+00
    0.360316070181953304E-03    0.297717788546360085E+01    0.235181182883528592E+02    0.456341859158507734E+01
    0.363167161533026715E-03    0.295941466671761333E+01    0.227754420983836496E+02    0.446902045945747250E+01
    0.363181345213290751E-03    0.295733655721439970E+01    0.233915037426495367E+02    0.453464228818111614E+01
    0.363584745717132054E-03    0.295311630753394860E+01    0.269080541578682286E+02    0.491283946025097151E+01
    0.363610943336390552E-03    0.295097220536356852E+01    0.233041875721794511E+02    0.616923492751392799E+00
    0.363444684345081890E-03    0.294988690287993061E+01    0.256655545846243029E+02    0.477563155481205825E+01
    0.363560983865812140E-03    0.294724702054163901E+01    0.222224534357065195E+02    0.597203247819999561E+00
    0.366098716171402215E-03    0.293133509673448245E+01    0.235756261585742912E+02    0.453480027697905097E+01
    0.367028108374745847E-03    0.292426425403658197E+01    0.235442734312299642E+02    0.452597868981078300E+01
    0.367692026576443007E-03    0.291864971646867621E+01    0.234651795067810411E+02    0.451309087142984389E+01
    0.368012213773449273E-03    0.291490886899406210E+01    0.209620733911146964E+02    0.574882911697373267E+00
    0.367912806357268524E-03    0.291344918173825063E+01    0.222338883432778793E+02    0.437506706797051503E+01
    0.367567657347587509E-03    0.291332631676528386E+01    0.174434239253714622E+02    0.382448298415956023E+01
    0.367205640814884668E-03    0.291329708278464006E+01    0.241114983469517945E+02    0.457906733903746765E+01
    0.367229829640334409E-03    0.291116534173218522E+01    0.223202127952276683E+02    0.438274035921900484E+01
    0.368206913272621907E-03    0.290385103446333792E+01    0.239232421524101930E+02    0.455138081285869767E+01
    0.368506707763353511E-03    0.290022329473533480E+01    0.215289560462707463E+02    0.428768329022509675E+01
    0.369157354582394265E-03    0.289469514678302309E+01    0.243337853767807957E+02    0.458884138793168717E+01
    0.369420597829608541E-03    0.289126947054939354E+01    0.243325241670102272E+02    0.458605933740255001E+01
    0.369514542308452742E-03    0.288876093076418261E+01    0.221314171433010500E+02    0.434501804625584054E+01
    0.370688337866699718E-03    0.288041782363184273E+01    0.217402813459236199E+02    0.429595850382011424E+01
    0.370561891532279904E-03    0.287910016452367001E+01    0.224840227696094814E+02    0.437606466916289971E+01
    0.370620565456266878E-03    0.287678351415745803E+01    0.210623844389494579E+02    0.420670141646907503E+01
    0.370574053826736992E-03    0.287503452315503294E+01    0.245600507069727563E+02    0.459817175751329721E+01
    0.370853696552666547E-03    0.287152585160037210E+01    0.217470139420571584E+02    0.428986027780114032E+01
    0.372295945246534066E-03    0.286176294397872377E+01    0.221008012837641274E+02    0.432093067511998541E+01
    0.372191270688431483E-03    0.286032534213175405E+01    0.273791224199268051E+02    0.489028756771318296E+01
    0.372012615450790553E-03    0.285928559103346513E+01    0.229394358257971547E+02    0.441019725467224788E+01
    0.371971799837338742E-03    0.285750503441237624E+01    0.249004030289567346E+02    0.462147064242192318E+01
    0.372308358306050534E-03    0.285369626126166365E+01    0.192069629553909920E+02    0.398356453593127569E+01
    0.372344548801894050E-03    0.285150185930335320E+01    0.253469792590413014E+02    0.466522727667419357E+01
    0.372098414217256212E-03    0.285082437616948470E+01    0.207740090779596827E+02    0.415538850877241206E+01
    0.372252557946857281E-03    0.284799603718651051E+01    0.226436387604385096E+02    0.625389155998815283E+00
    0.372240861640522251E-03    0.284605887887742570E+01    0.257147421397826470E+02    0.470086792745351900E+01
    0.372428806007654939E-03    0.284304933395140180E+01    0.238393938781996937E+02    0.449514741547993335E+01
    0.372189616432270067E-03    0.284233423143118502E+01    0.226717807511770140E+02    0.436796699769196906E+01
    0.372696140859857738E-03    0.283761421966728111E+01    0.222337833441088257E+02    0.619771461494902920E+00
    0.372511774155080656E-03    0.283660383185376030E+01    0.243718104576963412E+02    0.454785337635293363E+01
    0.372493745530324703E-03    0.283470062912188192E+01    0.217528031585721600E+02    0.426206089187529535E+01
    0.373476183535676864E-03    0.282743264962255747E+01    0.238084173595613535E+02    0.447958387957900328E+01
    0.374096322614341740E-03    0.282211450072960179E+01    0.256607811164935065E+02    0.467629925506682920E+01
    0.374079731986544980E-03    0.282020319978758138E+01    0.223203062992887169E+02    0.431254154326337069E+01
    0.373783372566153203E-03    0.281978829970285050E+01    0.235619236779467585E+02    0.444686413847695849E+01
    0.374092310049719808E-03    0.281613595288468099E+01    0.235652256453654978E+02    0.649407210242463284E+00
    0.374128657007154186E-03    0.281394164152982240E+01    0.214313955625624821E+02    0.420794564726007003E+01
    0.373800036194018789E-03    0.281369913973669084E+01    0.219056524840491775E+02    0.426241920106364969E+01
    0.373490850837787517E-03    0.281335410638609940E+01    0.229429252441590634E+02    0.437468845915062587E+01
    0.374354129672025424E-03    0.280673668304194468E+01    0.256128644895400051E+02    0.690935477667172115E+00
    0.374652013182114366E-03    0.280314586284044065E+01    0.255160402475205643E+02    0.464570814465825954E+01
    0.374403390117155634E-03    0.280247352470899092E+01    0.227112484984068139E+02    0.434101193182711054E+01
    0.376868959925304268E-03    0.278734604219241566E+01    0.226164231296700287E+02    0.431880527839467909E+01
    0.378317323358915846E-03    0.277767447695600112E+01    0.220510949300403283E+02    0.424985472065144965E+01
    0.378054867330325462E-03    0.277706244992671580E+01    0.227121428184192702E+02    0.432105821494047770E+01
    0.379471859875520762E-03    0.276758023631255767E+01    0.213964728685777956E+02    0.417114590732807411E+01
    0.379242690990044384E-03    0.276678843189643864E+01    0.216270847286119192E+02    0.623005314656177700E+00
    0.379521609484600824E-03    0.276331804902810196E+01    0.257905090805121588E+02    0.464400259803170723E+01
    0.380190858368200497E-03    0.275779435244522997E+01    0.228620419962907846E+02    0.432203741974049560E+01
    0.380769956858414103E-03    0.275275031343344745E+01    0.225786793784053721E+02    0.643956851455651069E+00
    0.381171211689058942E-03    0.274864382603366897E+01    0.248526942016642671E+02    0.453063745377187388E+01
    0.381383177211334803E-03    0.274553195503355685E+01    0.211942454033782326E+02    0.413448235646022155E+01
    0.381880325648488287E-03    0.274092657167331577E+01    0.264719050069508448E+02    0.470008491572462450E+01
    0.382108032817315469E-03    0.273773436934182257E+01    0.224553076592179757E+02    0.644780347235626605E+00
    0.382825447537196099E-03    0.273198285395573093E+01    0.216838543685140088E+02    0.417710933051040900E+01
    0.382458170969995394E-03    0.273190254274304944E+01    0.231678084197870611E+02    0.433456727625558269E+01
    0.383430164756720562E-03    0.272482611442719458E+01    0.252959202657351696E+02    0.455969307464211049E+01
    0.383224810822367515E-03    0.272389754262271611E+01    0.237083701725985954E+02    0.438678717716059641E+01
    0.383100995347499939E-03    0.272254382374728232E+01    0.251789021307563381E+02    0.454517613501693152E+01
    0.383121404135004047E-03    0.272043728137775975E+01    0.216643937862923011E+02    0.416809035832907693E+01
    0.383790533016432379E-03    0.271494728979551470E+01    0.197844420245925932E+02    0.395837518643882413E+01
    0.384268321249901248E-03    0.271045899977741467E+01    0.243827928312121109E+02    0.444915307547651384E+01
    0.384370089781894519E-03    0.270792939557799839E+01    0.215573209129977172E+02    0.415000869967199648E+01
    0.384592080540160106E-03    0.270477464038714288E+01    0.242346807178241193E+02    0.442852479454534897E+01
    0.384443988918023254E-03    0.270354491179489553E+01    0.237206401509449982E+02    0.437179079913735702E+01
    0.384421814289029893E-03    0.270166027460025493E+01    0.231474881187296369E+02    0.430811942041540341E+01
    0.384571181843427958E-03    0.269888332314802781E+01    0.265285202775840503E+02    0.467254297094685178E+01
    0.385075540637045300E-03    0.269426207445776811E+01    0.204986059976832991E+02    0.608421781595562705E+00
    0.385986228569513143E-03    0.268753774033941806E+01    0.257085344912930296E+02    0.457447614039040218E+01
    0.385672881706726500E-03    0.268716201652992348E+01    0.188069100760333150E+02    0.383187122982825557E+01
    0.386599032050467047E-03    0.268036499739073131E+01    0.253672020420216171E+02    0.712849225552227184E+00
    0.388259475256732254E-03    0.266979338989230186E+01    0.247472107314725314E+02    0.445587864877134887E+01
    0.388215276154484502E-03    0.266802108101662583E+01    0.208002578058339829E+02    0.404016001437550365E+01
    0.388176739936215548E-03    0.266621962101956500E+01    0.224013328966887961E+02    0.419858233590001362E+01
    0.388083519860816021E-03    0.266469997576998230E+01    0.211928384547103796E+02    0.632735968990898900E+00
    0.387929073211700827E-03    0.266349607960923596E+01    0.246992472775324963E+02    0.444557209744955806E+01
    0.387950015490503490E-03    0.266138811289577504E+01    0.209529068656229960E+02    0.405269847170639785E+01
    0.387667300717546798E-03    0.266084612462183889E+01    0.232539102520491667E+02    0.428668128402680093E+01
    0.388958202169909786E-03    0.265219734661277640E+01    0.243006206705742898E+02    0.439316486508741377E+01
    0.390194804032396663E-03    0.264384889956343239E+01    0.228186128648932396E+02    0.422565113462305764E+01
    0.390199495800927368E-03    0.264182485136858292E+01    0.222751272529280619E+02    0.417024619473171665E+01
    0.390238259802230889E-03    0.263962617312136283E+01    0.205667634277950384E+02    0.620790914915790082E+00
    0.389959208324500443E-03    0.263905684420675657E+01    0.254347492195502163E+02    0.450545235106211983E+01
    0.389911343253361337E-03    0.263730234685379950E+01    0.240481869506134309E+02    0.435365427587286558E+01
    0.390033768089896777E-03    0.263467448299124651E+01    0.213272833763406489E+02    0.407649017552134030E+01
    0.390448045805367962E-03    0.263055129320269243E+01    0.244158303698245440E+02    0.438800972376809284E+01
    0.390156542760034626E-03    0.263004502287409769E+01    0.219874553909288117E+02    0.658887056330712539E+00
    0.389776422190153595E-03    0.262999452682918999E+01    0.235536376962021379E+02    0.429405365365890912E+01
    0.389694627863772204E-03    0.262841426955936663E+01    0.209011022385408261E+02    0.402510349303009018E+01
    0.390221320610774369E-03    0.262371298961704014E+01    0.233757387466380635E+02    0.426962259872999983E+01
    0.390474620179123960E-03    0.262041517537722957E+01    0.241717277080971442E+02    0.435324325653209510E+01
    0.391131876948313032E-03    0.261505155480084639E+01    0.255032781325384228E+02    0.449324695390670570E+01
    0.392707790451046041E-03    0.260500952431104205E+01    0.241177973003831525E+02    0.433475073654989984E+01
    0.393418494735768608E-03    0.259939328864122876E+01    0.234559904394044985E+02    0.693316580477558730E+00
    0.393037678296016954E-03    0.259933016183297294E+01    0.233851103016806583E+02    0.691988942619308767E+00
    0.392815236552207210E-03    0.259846239279144919E+01    0.241867205506574763E+02    0.433683798360246442E+01
    0.393525464060171676E-03    0.259284956847484338E+01    0.267640864990324872E+02    0.461171690502219089E+01
    0.394047625032671036E-03    0.258819756801298473E+01    0.223900829419566882E+02    0.675581553443802441E+00
    0.394544190026801405E-03    0.258367882485447309E+01    0.226855387518403084E+02    0.416769176529291752E+01
    0.394227120290404189E-03    0.258328674212697651E+01    0.241563866568521455E+02    0.432102976101478653E+01
    0.395744255869887138E-03    0.257360475520697474E+01    0.221801217421825001E+02    0.411753600404728282E+01
    0.396082411787688333E-03    0.256989652307903649E+01    0.244876839053846638E+02    0.719273908936035711E+00
    0.396745056723819811E-03    0.256455332362264121E+01    0.225382435875242244E+02    0.683552205664598178E+00
    0.396923652611171518E-03    0.256165322065396017E+01    0.211849795938961769E+02    0.401179878665851231E+01
    0.398441731979840106E-03    0.255201858509391100E+01    0.231876050053356160E+02    0.698591785983695091E+00
    0.398733692344953143E-03    0.254855361078957543E+01    0.254965415599609990E+02    0.443754287168279760E+01
    0.398763479668724720E-03    0.254640420675492685E+01    0.237065030009436413E+02    0.424162982161905155E+01
    0.399347595580386695E-03    0.254147671440918854E+01    0.220731610853309199E+02    0.679821557389774900E+00
    0.399687638017219484E-03    0.253777444926201978E+01    0.249038761306763483E+02    0.436427819780119641E+01
    0.399497825728823547E-03    0.253672447801304024E+01    0.204430175614551111E+02    0.391268738740338007E+01
    0.399443657153056395E-03    0.253499567973196926E+01    0.253557120925193544E+02    0.441095578385193576E+01
    0.399551581780029368E-03    0.253245537800110299E+01    0.215710885636376801E+02    0.672310079731694321E+00
    0.399287605089847166E-03    0.253177717945563829E+01    0.222713713087777307E+02    0.685712224427330930E+00
    0.399710314002526895E-03    0.252766098394611172E+01    0.231702490119839304E+02    0.417243270872316696E+01
    0.399590901025105724E-03    0.252625857081859451E+01    0.243362568395402050E+02    0.429308933792552239E+01
    0.399403130274571781E-03    0.252519860664682660E+01    0.244370984273363554E+02    0.430313715304936473E+01
    0.399259461730892948E-03    0.252391815228057448E+01    0.241645038647811035E+02    0.723275798545720994E+00
    0.399004030593248858E-03    0.252319808628142317E+01    0.225374788899528262E+02    0.692644799585284354E+00
    0.399301470050625502E-03    0.251970773217062582E+01    0.216493147813552014E+02    0.403285862720354249E+01
    0.399078002401904444E-03    0.251882733838425743E+01    0.219769913324742596E+02    0.406261470573247507E+01
    0.398990341419515381E-03    0.251726670417752807E+01    0.223981556567699975E+02    0.691321811970402100E+00
    0.400716677074371087E-03    0.250663185017971069E+01    0.252547856344399761E+02    0.437622005299946792E+01
    0.400487018186528770E-03    0.250577841950029390E+01    0.201702770867837629E+02    0.386135083853531258E+01
    0.400137299472059572E-03    0.250552564965047120E+01    0.273462684915785488E+02    0.803093404386564291E+00
    0.400051768777176747E-03    0.250395320208079664E+01    0.223633274833792228E+02    0.693618108668755617E+00
    0.400766122033279794E-03    0.249838508276790749E+01    0.198100525172480602E+02    0.381636666118096812E+01
    0.400593855912161382E-03    0.249724495163339677E+01    0.213292610830477116E+02    0.398392680909138663E+01
    0.400370488323017158E-03    0.249636044495863141E+01    0.239715910482402492E+02    0.725743174565808280E+00
    0.405088344988159088E-03    0.247093076525068200E+01    0.233382359741586214E+02    0.414890835010604064E+01
    0.405321190628331633E-03    0.246778149127826607E+01    0.253105484624298889E+02    0.434941272717840288E+01
    0.405176148417715765E-03    0.246649730960458369E+01    0.241930057380386785E+02    0.736609978633395279E+00
    0.405593267250826278E-03    0.246243941811604472E+01    0.238211937692054434E+02    0.418477698648685781E+01
    0.406105746853893321E-03    0.245791395159580084E+01    0.236085046797798803E+02    0.416339604683501108E+01
    0.406754601234165754E-03    0.245272100697930862E+01    0.211028545891795396E+02    0.676625730716427842E+00
    0.408849230683339159E-03    0.244044820554129505E+01    0.224375130537812773E+02    0.709252943444941719E+00
    0.409001527823343121E-03    0.243770334034346536E+01    0.251690561891201234E+02    0.430841436421630153E+01
    0.409637588105840091E-03    0.243259544873115852E+01    0.232768137062365312E+02    0.411763984781321835E+01
    0.410765309419169975E-03    0.242509706725538399E+01    0.227676449046502682E+02    0.406867019999497526E+01
    0.412416089233502562E-03    0.241507559334990285E+01    0.197296524230059589E+02    0.374970589564925838E+01
    0.412103751655785500E-03    0.241459083932544605E+01    0.241551141395918592E+02    0.418100803618019512E+01
    0.412112418471377031E-03    0.241254877843943216E+01    0.219055805050194436E+02    0.398248628095661816E+01
    0.412217894058898625E-03    0.241003696618887808E+01    0.225667922285718952E+02    0.404107537061836020E+01
    0.411822523614236932E-03    0.240995614620250764E+01    0.230709523525388391E+02    0.728154077883358064E+00
    0.411576482007761969E-03    0.240915139473751738E+01    0.232835460004615200E+02    0.410220905287467463E+01
    0.411314516487007052E-03    0.240842478589170250E+01    0.246254383417539202E+02    0.422430200521797161E+01
    0.411627044933116711E-03    0.240490570616224097E+01    0.184224255607598586E+02    0.359651389202509186E+01
    0.411374039857755167E-03    0.240413537687843215E+01    0.257646171849335168E+02    0.434413917067112632E+01
    0.411489803348126049E-03    0.240157264226766864E+01    0.222480927600656386E+02    0.400651328060954182E+01
    0.411683170540880065E-03    0.239863302348798024E+01    0.202769543960000220E+02    0.379880990475126445E+01
    0.413545156686414086E-03    0.238760769440555709E+01    0.218176313854382755E+02    0.709537330385110798E+00
    0.414391494790713674E-03    0.238151879027216085E+01    0.230613149874078900E+02    0.406407156733826813E+01
    0.414699750869366069E-03    0.237803159042778844E+01    0.250472230529630515E+02    0.424372551292226774E+01
    0.414458890507984716E-03    0.237719354113852299E+01    0.238659022296924128E+02    0.750686767780950004E+00
    0.414605530165474746E-03    0.237448604649582284E+01    0.241458420028428264E+02    0.756606150830581803E+00
    0.414783586840870118E-03    0.237162730998967053E+01    0.194338376145594331E+02    0.368632127488599393E+01
    0.414401639452926325E-03    0.237146982914154769E+01    0.260702603747258692E+02    0.434896040373682613E+01
    0.415480102265924922E-03    0.236427167443644093E+01    0.235920850490858740E+02    0.748476118633514931E+00
    0.416277605424507293E-03    0.235843640656642828E+01    0.218573585860029063E+02    0.716992604534027356E+00
    0.416748276897542156E-03    0.235417634942714749E+01    0.212122674212413322E+02    0.702306438815311074E+00
    0.416565680246261481E-03    0.235305283374684970E+01    0.227529124588212532E+02    0.401779578919784441E+01
    0.416294384170698721E-03    0.235235579493697156E+01    0.215586898279664361E+02    0.390782826193760968E+01
    0.415933719298375477E-03    0.235208928551917706E+01    0.223015870769366593E+02    0.397646299644730439E+01
    0.416089803269651824E-03    0.234933890301722981E+01    0.223337796134490354E+02    0.728109598661560664E+00
    0.415703608358549152E-03    0.234919607059485358E+01    0.233475693623599305E+02    0.747327907880955711E+00
    0.415508257887686608E-03    0.234813614607942744E+01    0.246227454065415152E+02    0.417544136172138280E+01
    0.415747740196983082E-03    0.234498375828810746E+01    0.248077647104899768E+02    0.418918400939366542E+01
    0.415336630561999353E-03    0.234496242463276205E+01    0.225211582751208645E+02    0.732668145244379176E+00
    0.417036472921339483E-03    0.233479375740760231E+01    0.218938196300369725E+02    0.392634334676242647E+01
    0.416760052177109382E-03    0.233411983995200600E+01    0.228704203095767440E+02    0.401472637134296484E+01
    0.418931427772448477E-03    0.232172662411166630E+01    0.197573776334589013E+02    0.368659134108948727E+01
    0.419424557370677228E-03    0.231737378277048656E+01    0.236127214248532766E+02    0.406694414007521932E+01
    0.419133941878067754E-03    0.231676004505027944E+01    0.249284515009930310E+02    0.787532827486175480E+00
    0.419584170226318962E-03    0.231261282354644049E+01    0.227149067173346495E+02    0.398626509343706337E+01
    0.419192464790529287E-03    0.231248080817031054E+01    0.251760883979681189E+02    0.420022445717079762E+01
    0.418939784715774194E-03    0.231168672803584263E+01    0.245095524321361111E+02    0.414020278349285409E+01
    0.418634190481240566E-03    0.231114615374458898E+01    0.254811607527489770E+02    0.423212752221826438E+01
    0.419091968713207594E-03    0.230696034028991015E+01    0.203774185780467612E+02    0.688777426842120510E+00
    0.418832837687311123E-03    0.230619735359791589E+01    0.234484970158554766E+02    0.404494473500219076E+01
    0.418920956492009654E-03    0.230377661516313070E+01    0.245600525348499445E+02    0.413898853620407969E+01
    0.418587363776993821E-03    0.230336987805772120E+01    0.200872946135642110E+02    0.370994089616673151E+01
    0.418590567835479201E-03    0.230135456920466730E+01    0.220684204630278700E+02    0.391849375189329985E+01
    0.418586447287626459E-03    0.229937425702595455E+01    0.234730026285798594E+02    0.404224959714411991E+01
    0.418839933761186868E-03    0.229616346889196254E+01    0.235271940212902813E+02    0.404465290190606197E+01
    0.418801168538487749E-03    0.229434858503597949E+01    0.256600864435050404E+02    0.423663522501834144E+01
    0.418844777433060884E-03    0.229214034003783640E+01    0.242084515285663215E+02    0.410049508406412322E+01
    0.419037214309597120E-03    0.228922165754156559E+01    0.222238280546591369E+02    0.392412041904275233E+01
    0.418640271770481895E-03    0.228911710095716092E+01    0.227782774388581011E+02    0.397516529414562791E+01
    0.418769925314399364E-03    0.228649779373875761E+01    0.182575303769692994E+02    0.648074869137483245E+00
    0.419003848228156103E-03    0.228338091504311747E+01    0.220861089040798007E+02    0.738808565383363813E+00
    0.418828448848172384E-03    0.228221831118157636E+01    0.246499818779891307E+02    0.413150943454636632E+01
    0.419457754320112590E-03    0.227721549143922841E+01    0.214115566574933105E+02    0.383774887797830688E+01
    0.419512334630440251E-03    0.227495526614098020E+01    0.234113012361172288E+02    0.401966147592164980E+01
    0.419217366363833796E-03    0.227436200434718128E+01    0.217333652412350240E+02    0.386790080544492465E+01
    0.418940139595006043E-03    0.227368503385874554E+01    0.263673856098684851E+02    0.834955648079805490E+00
    0.418734539525275834E-03    0.227266679959188478E+01    0.242148370972867859E+02    0.408725226985688295E+01
    0.418319626718983517E-03    0.227264952834238576E+01    0.194657387610372652E+02    0.675848490912460909E+00
    0.418259794493663331E-03    0.227093560865414501E+01    0.216405814375912335E+02    0.385681273626821364E+01
    0.417912670380884152E-03    0.227059614710669866E+01    0.244465112359991679E+02    0.410573742297856459E+01
    0.418864604197072168E-03    0.226404566871419322E+01    0.248917910987651645E+02    0.799720971574876094E+00
    0.418755663423055896E-03    0.226256590815366065E+01    0.231939594422237434E+02    0.399213186214644189E+01
    0.418754575267865485E-03    0.226057110524925386E+01    0.231960808510836927E+02    0.399089360038879759E+01
    0.419106421990361148E-03    0.225689136722907024E+01    0.208502105160002635E+02    0.376074044776688421E+01
    0.420461160421205845E-03    0.224843690359794213E+01    0.181319585340768050E+02    0.653951305312836628E+00
    0.420631850368461280E-03    0.224562515056989831E+01    0.236081961071598414E+02    0.401572088590249621E+01
    0.420299284297629121E-03    0.224520704508868052E+01    0.217936032173854990E+02    0.385219945262188723E+01
    0.420235166173538069E-03    0.224351217535042213E+01    0.234509351755875173E+02    0.774071720671254848E+00
    0.420426444895484171E-03    0.224060204112886563E+01    0.256358990657288182E+02    0.418678789419008535E+01
    0.421373172962893146E-03    0.223410344813119321E+01    0.221286874848307384E+02    0.387509214200334196E+01
    0.421704755433180813E-03    0.223053024842462477E+01    0.249066301807088557E+02    0.808542855960400653E+00
    0.422405765833946489E-03    0.222520835848606646E+01    0.216509125512123575E+02    0.382428166916926404E+01
    0.422028691076014792E-03    0.222499452332065895E+01    0.289963154569813568E+02    0.898159193036285552E+00
    0.421678842334150547E-03    0.222465314907924183E+01    0.237752886339207414E+02    0.784709344406956610E+00
    0.422626844412526828E-03    0.221816187303248835E+01    0.237166719253961027E+02    0.400533887368939112E+01
    0.422408203189085442E-03    0.221719681816971770E+01    0.217809652311181630E+02    0.383041870409284613E+01
    0.422839050391091360E-03    0.221315790121367595E+01    0.274511669579393960E+02    0.435407020274782308E+01
    0.424385035247214649E-03    0.220385883312411046E+01    0.249441521385645792E+02    0.410073822703421254E+01
    0.425062789855110005E-03    0.219866732573928703E+01    0.235785302316834695E+02    0.397934403455093344E+01
    0.425444722126545709E-03    0.219487106977808866E+01    0.223789953046798082E+02    0.765439973214998903E+00
    0.427854867855046806E-03    0.218157303487433918E+01    0.212861663317839351E+02    0.375343915205678869E+01
    0.429622278446995117E-03    0.217132832256917041E+01    0.236968793985505890E+02    0.396963790236505343E+01
    0.429724187136189880E-03    0.216885396819054366E+01    0.243640124636358415E+02    0.402529493650178249E+01
    0.430276197886653893E-03    0.216428647712481270E+01    0.268572251509884126E+02    0.424874388940157743E+01
    0.430207368876678656E-03    0.216260643214900750E+01    0.252212828773620927E+02    0.409456590355722927E+01
    0.430869334566318400E-03    0.215753137127516625E+01    0.264481587327376424E+02    0.419814849353679254E+01
    0.431023418283037977E-03    0.215481627665179465E+01    0.197783231443010017E+02    0.356631037741211232E+01
    0.430657079158958827E-03    0.215451685661027215E+01    0.237740844015312618E+02    0.396397224204605658E+01
    0.430252535433355910E-03    0.215439646742444113E+01    0.246973061086329864E+02    0.404340890120841490E+01
    0.429990527378851250E-03    0.215361476524709694E+01    0.226601292874229081E+02    0.386446827505857105E+01
    0.429976086029781759E-03    0.215168193692026355E+01    0.233035995097192234E+02    0.392136247897128509E+01
    0.430144387342424933E-03    0.214889924975024593E+01    0.255830013547290527E+02    0.411566094153719675E+01
    0.430217320977481998E-03    0.214656016615532819E+01    0.236744835233720110E+02    0.394954253283398904E+01
    0.431042682109245847E-03    0.214072689220108758E+01    0.213192217031304594E+02    0.372643751387723965E+01
    0.430712171484241770E-03    0.214026102056645007E+01    0.228424893743032449E+02    0.387129587568230971E+01
    0.430640629233823829E-03    0.213859325261129207E+01    0.239920576281613265E+02    0.397102642413388596E+01
    0.430402385650537631E-03    0.213770002003277781E+01    0.239708869187263893E+02    0.396854364308722785E+01
    0.430820789653702397E-03    0.213375671870005634E+01    0.232966205920743121E+02    0.390755118551229375E+01
    0.431184677332240355E-03    0.213006815539465499E+01    0.247273881092619945E+02    0.829766416927790185E+00
    0.430763674914864687E-03    0.213002188011494464E+01    0.215770478168864841E+02    0.374631527639223583E+01
    0.430376659528664538E-03    0.212981956811913742E+01    0.207539536637316608E+02    0.365554951938310202E+01
    0.433498705604466554E-03    0.211336350283817120E+01    0.266590682303348991E+02    0.883415198376581001E+00
    0.433128839121376785E-03    0.211307065607963951E+01    0.239115709798956892E+02    0.394518963034660208E+01
    0.433459055807110531E-03    0.210954644045813078E+01    0.229362622160308725E+02    0.385667667691922889E+01
    0.433058807421728652E-03    0.210939405805879865E+01    0.201970805928280299E+02    0.357831913929207168E+01
    0.434498381425222203E-03    0.210075668432368046E+01    0.225305858957403657E+02    0.381238403059771880E+01
    0.434080676254535325E-03    0.210068030980911047E+01    0.231725628917423876E+02    0.387180054902770276E+01
    0.433995276177421272E-03    0.209907382411915533E+01    0.230896723367800512E+02    0.386289306169329372E+01
    0.433657886314602439E-03    0.209862923770809839E+01    0.207271095163148154E+02    0.362883140397525450E+01
    0.433865132038594760E-03    0.209567366316532411E+01    0.221706538221331684E+02    0.377515056432765972E+01
    0.433457402527969826E-03    0.209555406877873285E+01    0.244016984346366925E+02    0.397435042278005124E+01
    0.433425228341193967E-03    0.209370252803089807E+01    0.254955981957795714E+02    0.858894248495589929E+00
    0.433105012606294299E-03    0.209318067955667209E+01    0.254039586904121073E+02    0.856693628109148952E+00
    0.432730220727886204E-03    0.209291214941329917E+01    0.232317431682668634E+02    0.806545924005212078E+00
    0.432302289036804713E-03    0.209289095007653314E+01    0.234262028427107403E+02    0.388833118470474304E+01
    0.434907402224639068E-03    0.207887484347419926E+01    0.204698988180746397E+02    0.358517565491741319E+01
    0.434752979146636276E-03    0.207758511190969353E+01    0.244670061976076916E+02    0.396650810007751486E+01
    0.435997282781417294E-03    0.206986910108015421E+01    0.207254387210212094E+02    0.360655267125358625E+01
    0.435690571679511263E-03    0.206927653661100575E+01    0.237913547290875371E+02    0.390205590873062835E+01
    0.436203947974038919E-03    0.206492131431168557E+01    0.215183874868518998E+02    0.369059816175848976E+01
    0.438332862078158036E-03    0.205318396176147022E+01    0.217558747334699696E+02    0.788554298567890832E+00
    0.438265487491496842E-03    0.205149139828273652E+01    0.181607926439228855E+02    0.330535625171164194E+01
    0.438160026306433261E-03    0.204997272240631734E+01    0.229295942684686516E+02    0.381022976349556952E+01
    0.438181900615711997E-03    0.204787287868719758E+01    0.259501841600518901E+02    0.407183323480629689E+01
    0.437980941998493075E-03    0.204679032741224631E+01    0.253523044106183839E+02    0.401951138766350091E+01
    0.437885479768739005E-03    0.204522629448569360E+01    0.227888974371762956E+02    0.379350733144170693E+01
    0.437615470160872017E-03    0.204445991789380388E+01    0.230046940445807770E+02    0.381290348832643966E+01
    0.437279115789571452E-03    0.204399772321699880E+01    0.256389540178966442E+02    0.404208306773197101E+01
    0.437067923719847325E-03    0.204296389369310605E+01    0.251366564251742552E+02    0.399803055411536290E+01
    0.437412261664161021E-03    0.203938884159748879E+01    0.195068239400646917E+02    0.730139207782129152E+00
    0.437504694950035307E-03    0.203696624932509307E+01    0.228147955362710668E+02    0.378947573507991864E+01
    0.438483894260068376E-03    0.203049495949355263E+01    0.208248305301410923E+02    0.358699804089408270E+01
    0.439378933706856115E-03    0.202441669246393507E+01    0.245502424396106385E+02    0.393338598917935212E+01
    0.439411325482695549E-03    0.202226925443540884E+01    0.216351696119559165E+02    0.366870729472244506E+01
    0.439703814283193121E-03    0.201893842165577375E+01    0.263117042237881975E+02    0.408092595938175329E+01
    0.439591689502265802E-03    0.201744848809433552E+01    0.234417367501392206E+02    0.829503314949393111E+00
    0.439385630358317067E-03    0.201638621034529253E+01    0.225284752748529158E+02    0.374685416877959332E+01
    0.439542026621422095E-03    0.201367445090298203E+01    0.249918463147168879E+02    0.396320220168937132E+01
    0.439918824565690818E-03    0.200996068289696206E+01    0.215552109178851410E+02    0.365164056511555124E+01
    0.439941895452224422E-03    0.200785579863048413E+01    0.223564321662600030E+02    0.811410253135730897E+00
    0.440474245279584727E-03    0.200343717013150346E+01    0.233378289317399670E+02    0.381165349640987161E+01
    0.440153824386128032E-03    0.200289259004664988E+01    0.215284574205716766E+02    0.796844061932203251E+00
    0.439747744359092474E-03    0.200273861496711181E+01    0.259441006786870219E+02    0.403682787234962159E+01
    0.439775928246284901E-03    0.200061043700861152E+01    0.215071654391583706E+02    0.796803046132035453E+00
    0.440738819248423042E-03    0.199423621663944628E+01    0.231902003171411337E+02    0.830673951808630018E+00
    0.440633254594392939E-03    0.199271530898939631E+01    0.249399366343481397E+02    0.394260519930992404E+01
    0.440863293953042568E-03    0.198967145072687313E+01    0.242406216559771650E+02    0.854728571391726755E+00
    0.440505524867200319E-03    0.198929514831117649E+01    0.231789677607920233E+02    0.378576746569658518E+01
    0.440074939081837237E-03    0.198925106642351102E+01    0.227817061086358379E+02    0.824223002745468558E+00
    0.440909866043703131E-03    0.198346018509633071E+01    0.221496598678323622E+02    0.368578584359597450E+01
    0.441090545233722964E-03    0.198064077870944222E+01    0.267160766080738981E+02    0.408625977778949778E+01
    0.440716972436249214E-03    0.198033535632348312E+01    0.234594801258924370E+02    0.380465251894528844E+01
    0.440561656029272476E-03    0.197904031570215322E+01    0.234540474344433214E+02    0.380312089996268288E+01
    0.440795195849494239E-03    0.197598040529158325E+01    0.200860563858331318E+02    0.346209655444047737E+01
    0.440567084211561768E-03    0.197501567375358356E+01    0.227308395051850276E+02    0.373292198036307532E+01
    0.440748427295481417E-03    0.197219261738327090E+01    0.235151781940919342E+02    0.380333963849021384E+01
    0.440566317845207764E-03    0.197101915275605855E+01    0.256854029224486062E+02    0.399001011367205649E+01
    0.441057949975076050E-03    0.196678857812795815E+01    0.234579295692457634E+02    0.379373051088930113E+01
    0.442249747095957825E-03    0.195939160106989330E+01    0.228614574335407603E+02    0.373256566515935129E+01
    0.444258068252706439E-03    0.194832986666580821E+01    0.249264487360862290E+02    0.390692799430428872E+01
    0.446401113369764610E-03    0.193670531309021454E+01    0.253533797788134834E+02    0.393457940113445037E+01
    0.446403608639186361E-03    0.193469413362690856E+01    0.169310234769169874E+02    0.309474578376080256E+01
    0.446048703315781098E-03    0.193428483079852831E+01    0.257210169348058884E+02    0.907714096849684959E+00
    0.446929485473198849E-03    0.192833946033332904E+01    0.207924695153706800E+02    0.350227788904723081E+01
    0.446653467597380555E-03    0.192757501606375037E+01    0.225838002446463584E+02    0.368127381172546064E+01
    0.446250781595304840E-03    0.192737895430108219E+01    0.221568544170442436E+02    0.364156171190509026E+01
    0.446317414348989367E-03    0.192508034292738706E+01    0.216283173488300768E+02    0.359073828892967395E+01
    0.447180179590575522E-03    0.191921792397714208E+01    0.234832445618435024E+02    0.855698572153401615E+00
    0.446861648605612581E-03    0.191864305192258189E+01    0.230510796200216639E+02    0.371733671383287501E+01
    0.446835054002565630E-03    0.191676208381773905E+01    0.204383533214598856E+02    0.787193577134590816E+00
    0.448517884357935409E-03    0.190724401015152334E+01    0.236218944830110473E+02    0.376096318769169580E+01
    0.449837851384428259E-03    0.189936674828791885E+01    0.222007295399879254E+02    0.362288439475445800E+01
    0.450702389795015420E-03    0.189352665925401475E+01    0.240852897511245665E+02    0.379114119814272277E+01
    0.450298268944943428E-03    0.189332075728618809E+01    0.223018222340399497E+02    0.840180478599313108E+00
    0.450631111915047111E-03    0.188984298114828042E+01    0.265425239029455042E+02    0.941088852332688464E+00
    0.450538495476669894E-03    0.188825407552135549E+01    0.201295190929108543E+02    0.339588339019425733E+01
    0.452133053719089685E-03    0.187918811713404987E+01    0.215549133032704425E+02    0.354653492550650462E+01
    0.452023755386223318E-03    0.187767165420321458E+01    0.195330188998315109E+02    0.332014165194468047E+01
    0.452266586470190441E-03    0.187459752533748758E+01    0.234812026589199512E+02    0.372121853199489561E+01
    0.451815361552009248E-03    0.187459391496404759E+01    0.229189444870007542E+02    0.366912608440331400E+01
    0.451395983317410025E-03    0.187445119130184601E+01    0.183478230408800620E+02    0.318431738631192562E+01
    0.451747597823731609E-03    0.187089389949822316E+01    0.222639381944233996E+02    0.360539760663352693E+01
    0.452574329351770541E-03    0.186523709661192982E+01    0.235972635045940535E+02    0.372425595697791012E+01
    0.452456192774466860E-03    0.186375922962340446E+01    0.215888881332165141E+02    0.353697296205482425E+01
    0.452241428579569385E-03    0.186270878091591774E+01    0.210597665817290434E+02    0.347828266760129035E+01
    0.452007685276687322E-03    0.186174275840951742E+01    0.219161937861859002E+02    0.356562946947898718E+01
    0.452860006711928726E-03    0.185597503990282275E+01    0.208237331633658087E+02    0.814669437931445084E+00
    0.453800909260353613E-03    0.184982397142893662E+01    0.237112478474627011E+02    0.372205652365259398E+01
    0.453541255048945573E-03    0.184896865191984827E+01    0.207634661395661446E+02    0.343406859066991288E+01
    0.453359247330873251E-03    0.184777142011788187E+01    0.220273860820053500E+02    0.356435349755249797E+01
    0.453566666034679205E-03    0.184485659916329525E+01    0.185172121547416317E+02    0.317875771423135323E+01
    0.454523003567567491E-03    0.183864407294064103E+01    0.202613651614926660E+02    0.336952821487520193E+01
    0.454491572431443131E-03    0.183678238155299800E+01    0.231781584761473276E+02    0.366181819490321425E+01
    0.455071260956829476E-03    0.183223307508360045E+01    0.251963588375938343E+02    0.383739766570976082E+01
    0.455603843444799960E-03    0.182789378834510030E+01    0.223996486071007403E+02    0.358226946021404791E+01
    0.455855707114350274E-03    0.182478846808892059E+01    0.262751124516225794E+02    0.392423985695012822E+01
    0.456070542258225019E-03    0.182184613246478322E+01    0.217348243912329337E+02    0.351561237260314030E+01
    0.455696580351127841E-03    0.182148673528446658E+01    0.245189341679740700E+02    0.377026314432670739E+01
    0.455476893417843627E-03    0.182045114851145784E+01    0.243373912252536293E+02    0.375377716566944120E+01
    0.455188977418864249E-03    0.181971578801452938E+01    0.252302127279303754E+02    0.927592990574549137E+00
    0.455057645311710728E-03    0.181829291559638384E+01    0.209130515631658476E+02    0.342503107638174464E+01
    0.455890960275124419E-03    0.181263380600110802E+01    0.237107811207158754E+02    0.890872560999184770E+00
    0.455938694356755549E-03    0.181042440688182049E+01    0.234721283925511734E+02    0.366696453802690314E+01
    0.456422263988908805E-03    0.180630432634569305E+01    0.209183252129494939E+02    0.341552744002287101E+01
    0.456777455955081641E-03    0.180274851341073128E+01    0.196659679279906712E+02    0.327238291187095642E+01
    0.457777980911540610E-03    0.179637250594180142E+01    0.236206227538852715E+02    0.366885846488392842E+01
    0.457558889283758230E-03    0.179532993107827177E+01    0.234297630297614390E+02    0.365029394078795377E+01
    0.457608223408370986E-03    0.179311430215549628E+01    0.237612637102338162E+02    0.897829188571716119E+00
    0.458961774834787232E-03    0.178520726870271607E+01    0.240997337870392947E+02    0.908772958819738852E+00
    0.459611452622658877E-03    0.178037819475729187E+01    0.226974400460784302E+02    0.356975312003634215E+01
    0.461071863883293206E-03    0.177203328784186454E+01    0.248789580738394349E+02    0.376040970436880251E+01
    0.460826099617632349E-03    0.177109962828832201E+01    0.246567371057454778E+02    0.374048907321677548E+01
    0.461660182236001376E-03    0.176548295512105335E+01    0.213894183122003625E+02    0.343303995959138852E+01
    0.462246177081213116E-03    0.176094592344940848E+01    0.222268904595640997E+02    0.350955207628623578E+01
    0.462168840913629634E-03    0.175928056175054603E+01    0.195252751174171024E+02    0.321940202212555127E+01
    0.462054723930965187E-03    0.175777445516586983E+01    0.256665560125126788E+02    0.381632808596112261E+01
    0.462288547165752692E-03    0.175476260925483518E+01    0.231392462132091516E+02    0.358876539318573862E+01
    0.461880177266162702E-03    0.175453012168139200E+01    0.236254097972420034E+02    0.363360530191351661E+01
    0.462218276122209216E-03    0.175106664613981344E+01    0.204072377341121509E+02    0.331140222276180474E+01
    0.461891630543849420E-03    0.175048052814496136E+01    0.206150399163494384E+02    0.333424299635715293E+01
    0.462572970389406486E-03    0.174553248678899764E+01    0.219608767008418440E+02    0.347164676870037514E+01
    0.462617210550406285E-03    0.174334121730983482E+01    0.226384366566921855E+02    0.353252653737989064E+01
    0.462199099404974646E-03    0.174314962475011770E+01    0.229896925476275378E+02    0.356490258565560358E+01
    0.461812648009816843E-03    0.174282255334114344E+01    0.193578143829659268E+02    0.802700328410874908E+00
    0.461896768659573922E-03    0.174045828012495640E+01    0.235984882110010048E+02    0.361897773246963483E+01
    0.461727601808376942E-03    0.173919090199384541E+01    0.230411724303597651E+02    0.356625009266678283E+01
    0.461294069968317061E-03    0.173906965255927703E+01    0.231793412084688200E+02    0.898895689454332958E+00
    0.461476982496028271E-03    0.173627676886564664E+01    0.234958685607767954E+02    0.360585243992463766E+01
    0.461866563907476553E-03    0.173258907012732655E+01    0.212655071491545478E+02    0.339096304321322162E+01
    0.461796532902061286E-03    0.173089234523172353E+01    0.241847111570021980E+02    0.366500129067217539E+01
    0.461494210493798346E-03    0.173020210565648536E+01    0.235375417900338455E+02    0.360444626895987996E+01
    0.462876874555872631E-03    0.172221894536253806E+01    0.236628035239884191E+02    0.360911022932259273E+01
    0.463307568605488907E-03    0.171835886626565593E+01    0.225963498020210913E+02    0.350694654799475369E+01
    0.463366448654785139E-03    0.171610470979519425E+01    0.234360139460923946E+02    0.358276909960099710E+01
    0.463024316249030683E-03    0.171558198022702735E+01    0.244916192520949778E+02    0.367944982955502642E+01
    0.463412476798939104E-03    0.171190605122436157E+01    0.247250597650140520E+02    0.946458049347437935E+00
    0.462992953082349548E-03    0.171171745574214973E+01    0.184988749673547836E+02    0.308824778995692295E+01
    0.462820784928819713E-03    0.171046131230181353E+01    0.264865668608678675E+02    0.384692250273592418E+01
    0.463815550779368745E-03    0.170416721678951544E+01    0.271252450097524758E+02    0.389655448186560349E+01
    0.463574355558537328E-03    0.170320753532067037E+01    0.246444717635143746E+02    0.947022115111215479E+00
    0.465012535142586710E-03    0.169501239839417384E+01    0.258087026015394230E+02    0.377529562130965379E+01
    0.465096510350600451E-03    0.169265125704776676E+01    0.215637216976280115E+02    0.338874571663051460E+01
    0.466530682830568178E-03    0.168449354235933857E+01    0.246923777603137395E+02    0.367007728141067124E+01
    0.467595132605007878E-03    0.167793548297342299E+01    0.217346997583458545E+02    0.888896341374332488E+00
    0.467720815929403551E-03    0.167539798192758216E+01    0.242321204176372333E+02    0.362070014109583616E+01
    0.467788338546432927E-03    0.167310927233313511E+01    0.235751740697090675E+02    0.928877185864261934E+00
    0.467552727157854423E-03    0.167211686796721049E+01    0.214391052627991634E+02    0.335712083114663074E+01
    0.467861182875175423E-03    0.166879785517433521E+01    0.242468194899988134E+02    0.361619781721818745E+01
    0.467821416946135650E-03    0.166696785268889847E+01    0.238774679047994844E+02    0.358035111340605328E+01
    0.467386761410213715E-03    0.166682692782225006E+01    0.237862257362707261E+02    0.357177265713662750E+01
    0.467733834177552353E-03    0.166334231595530269E+01    0.245680813550470489E+02    0.364103579732802896E+01
    0.471495752909269271E-03    0.164532093459921147E+01    0.226472297388379538E+02    0.915609748856745842E+00
    0.471066550495011303E-03    0.164514236302839123E+01    0.253383407555398286E+02    0.982454622885167272E+00
    0.470649876132249987E-03    0.164491221381636410E+01    0.227596054180442380E+02    0.345706135007466075E+01
    0.470532441771195757E-03    0.164341130675283398E+01    0.255015992724925873E+02    0.370402373807958307E+01
    0.470147537397917802E-03    0.164304801382971810E+01    0.227636203337873475E+02    0.918475326644441870E+00
    0.470569402499349876E-03    0.163925421120178449E+01    0.218881005263498132E+02    0.337123221379328974E+01
    0.470263025737123377E-03    0.163855678863797349E+01    0.254159771334327651E+02    0.986473201206949035E+00
    0.471048538581734502E-03    0.163321883739337892E+01    0.230872461431435312E+02    0.347688219322949976E+01
    0.471167469822203911E-03    0.163071393728536740E+01    0.203096672216469898E+02    0.319381092637037156E+01
    0.471137528085224854E-03    0.162884103726688001E+01    0.210040325883038328E+02    0.883702572560495114E+00
    0.470741999075194751E-03    0.162852078089396501E+01    0.248991715812241594E+02    0.363901858729504291E+01
    0.470319702828360311E-03    0.162831575894620340E+01    0.199383513267860266E+02    0.314991268416667181E+01
    0.469986221272121539E-03    0.162773436776979508E+01    0.200671880813559156E+02    0.316385972963085749E+01
    0.469975024401997105E-03    0.162578201599018191E+01    0.233637949465504526E+02    0.349577669991164175E+01
    0.471101217460388863E-03    0.161899518344285775E+01    0.228451141395200104E+02    0.344156771729269861E+01
    0.470997299084510918E-03    0.161743640428952062E+01    0.245817405003186629E+02    0.360103802147555507E+01
    0.470685269906949530E-03    0.161676181562983401E+01    0.238966388438174455E+02    0.353695457567147598E+01
    0.471610321317334576E-03    0.161083501509649074E+01    0.271423970857408250E+02    0.381656439094527355E+01
    0.472876753895414036E-03    0.160347153953271393E+01    0.250218033995696558E+02    0.987369073938806352E+00
    0.473193455934824733E-03    0.160013251818766777E+01    0.240227987967688996E+02    0.353346652269405492E+01
    0.472823666386448663E-03    0.159969608213796310E+01    0.242467128304597104E+02    0.355381090042844638E+01
    0.473224190550960435E-03    0.159600261944253785E+01    0.229308198079007859E+02    0.936372456552780674E+00
    0.473083153846415490E-03    0.159459877546493356E+01    0.235329518561112181E+02    0.348301102544878383E+01
    0.472748179819409953E-03    0.159401540876545589E+01    0.244048611861265989E+02    0.356325195883912338E+01
    0.473926149583623593E-03    0.158703810945309587E+01    0.234437615128497718E+02    0.346779510902469656E+01
    0.473857996061421006E-03    0.158532574255034930E+01    0.254704492248131764E+02    0.364971279110515789E+01
    0.473454250784807631E-03    0.158503054601896931E+01    0.210757135812769789E+02    0.323798924872470950E+01
    0.473710155290732221E-03    0.158194982756918989E+01    0.205275661622821666E+02    0.317354653043248458E+01
    0.473985338222231753E-03    0.157878834504176613E+01    0.244683818651943668E+02    0.355510616043531424E+01
    0.474947564050532008E-03    0.157273231049696860E+01    0.243347968579557765E+02    0.979574728272963657E+00
    0.475166533016336320E-03    0.156981044660574409E+01    0.232705339135345639E+02    0.343581664221671446E+01
    0.475083417110383455E-03    0.156816031626320074E+01    0.238845142030609559E+02    0.349116556580079340E+01
    0.474774605498668801E-03    0.156746077007951312E+01    0.229258295789987478E+02    0.340169989707996345E+01
    0.474579565482472409E-03    0.156628254987438598E+01    0.218390047041346484E+02    0.329991770981204668E+01
    0.474272551934417795E-03    0.156557680238480845E+01    0.216565169967188993E+02    0.920511651870493885E+00
    0.473932420918905892E-03    0.156501164417452632E+01    0.224893848416251529E+02    0.335898920723916472E+01
    0.473537014041970172E-03    0.156468096198180673E+01    0.217751513994605794E+02    0.923027142122422983E+00
    0.473297241513620374E-03    0.156369390604088254E+01    0.237078500085811612E+02    0.966466170279458581E+00
    0.472835017732991462E-03    0.156364806757743491E+01    0.206860271866990040E+02    0.893781303794677573E+00
    0.473036396844599529E-03    0.156079645450792093E+01    0.218149133230421057E+02    0.329257911183620910E+01
    0.472865559948329938E-03    0.155951888412924733E+01    0.229911608851744198E+02    0.340035958975507535E+01
    0.472401838117320560E-03    0.155948117276489850E+01    0.213881490851415137E+02    0.324897856180541389E+01
    0.472244716826380128E-03    0.155814648527386823E+01    0.240214046952854119E+02    0.349452462179298040E+01
    0.471857159066731309E-03    0.155778850205742248E+01    0.227825907499198053E+02    0.337942269233386794E+01
    0.471461237486875764E-03    0.155746734815888854E+01    0.202284660543555077E+02    0.312528458147173360E+01
    0.471207685912825741E-03    0.155654323630543834E+01    0.234834039540507540E+02    0.963032339596676445E+00
    0.471482955160427541E-03    0.155337522107996961E+01    0.178931605970993530E+02    0.294410484495974423E+01
    0.471120334509428623E-03    0.155291402610158702E+01    0.229298676558246868E+02    0.338851274855490692E+01
    0.470740363906313973E-03    0.155252772810378992E+01    0.252190027658938831E+02    0.359831657335554755E+01
    0.470355050144171413E-03    0.155216545272936957E+01    0.244381230360981760E+02    0.988798513938113688E+00
    0.469887419314194907E-03    0.155215485815931009E+01    0.222080966906359087E+02    0.332093528472657562E+01
    0.470969525641732299E-03    0.154555434238288791E+01    0.224254280109683783E+02    0.333488456401979594E+01
    0.470729440632925409E-03    0.154457413755145456E+01    0.249198993963437445E+02    0.356506064129801459E+01
    0.470848050773426969E-03    0.154207025914649587E+01    0.259418618605390812E+02    0.365100832737670444E+01
    0.470421677760961884E-03    0.154188216503779696E+01    0.224196196036427366E+02    0.333089735635231143E+01
    0.470867855866825846E-03    0.153798613571476217E+01    0.257577529676242527E+02    0.363139774948978600E+01
    0.470817850924931756E-03    0.153619854179285009E+01    0.215462878371342512E+02    0.927351098904095950E+00
    0.471512799433350188E-03    0.153124862762354574E+01    0.241576873899080091E+02    0.988406472216280640E+00
    0.471399619948671450E-03    0.152972875486725268E+01    0.235078245590209427E+02    0.342025557547195547E+01
    0.471020668505881348E-03    0.152933717297061422E+01    0.245386614651510868E+02    0.998747992798101003E+00
    0.470843176758564523E-03    0.152809096238642028E+01    0.248357503784822740E+02    0.354173022845130570E+01
    0.470949574882377020E-03    0.152563906625932266E+01    0.239589020924846103E+02    0.345817514823724803E+01
    0.470517070039464403E-03    0.152547664542646122E+01    0.233091241307353947E+02    0.339782370714702253E+01
    0.470179048229101308E-03    0.152491397175667376E+01    0.212536698124654606E+02    0.320154852814153035E+01
    0.470122049490198245E-03    0.152315644191492039E+01    0.239981440047395616E+02    0.345945793918435029E+01
    0.470592550672067282E-03    0.151915582995029275E+01    0.229051827725422577E+02    0.335440535089311531E+01
    0.470668791502909208E-03    0.151683183563488133E+01    0.230359507888298722E+02    0.336431115234861400E+01
    0.470650236262225579E-03    0.151491068346504232E+01    0.248218086624508807E+02    0.101067921855896148E+01
    0.470471679425845583E-03    0.151366959401873902E+01    0.241273920498614061E+02    0.346241629708684240E+01
    0.470004718517921100E-03    0.151365565532695401E+01    0.211569494638299744E+02    0.922876103000711101E+00
    0.469663567350325133E-03    0.151310787495691335E+01    0.217324350790916085E+02    0.324000439904254112E+01
    0.469488380024544333E-03    0.151185402611292807E+01    0.240012727740323406E+02    0.990745323614415918E+00
    0.469089482877243895E-03    0.151155403284465462E+01    0.224602290499999278E+02    0.952227778270199998E+00
    0.470335763849323205E-03    0.150424746180006075E+01    0.222933732850856821E+02    0.951334638292318013E+00
    0.470666682221810304E-03    0.150084079856562269E+01    0.195345577495819462E+02    0.303561795195511719E+01
    0.470359724298991552E-03    0.150014557782169766E+01    0.227505335607538726E+02    0.332193737422237456E+01
    0.470470739916165840E-03    0.149767358792796568E+01    0.238409287405775139E+02    0.991318937099845421E+00
    0.470149373607154980E-03    0.149704020264072035E+01    0.256381347722213739E+02    0.358308406495149301E+01
    0.469743584979831399E-03    0.149676715951963968E+01    0.237723026301534333E+02    0.341335642221452851E+01
    0.469842757263036286E-03    0.149434496401022665E+01    0.247796232628034510E+02    0.350435103710291518E+01
    0.469412682674339311E-03    0.149417651951867425E+01    0.246727425384329457E+02    0.101369718492167227E+01
    0.468972761797314041E-03    0.149405174429682908E+01    0.251209953471688969E+02    0.353569501692379795E+01
    0.468565490446324609E-03    0.149378936460470579E+01    0.224095696053525977E+02    0.328424721260599695E+01
    0.468729772114572830E-03    0.149108827637146013E+01    0.223393810721687842E+02    0.327514596857379336E+01
    0.468325580340871997E-03    0.149081364637321689E+01    0.249302312143322986E+02    0.102137950552795664E+01
    0.468059543971710611E-03    0.148995008636741577E+01    0.255220520425496424E+02    0.356642799947758560E+01
    0.467698041386732156E-03    0.148949536949892591E+01    0.239329951409381323E+02    0.342124956951402304E+01
    0.468700721139297483E-03    0.148321223638988253E+01    0.236700095085303950E+02    0.339082288310249025E+01
    0.468695305974421294E-03    0.148123534365605725E+01    0.203174068394859866E+02    0.908335496765424577E+00
    0.468257353105095645E-03    0.148110503428324125E+01    0.227087505053514143E+02    0.329973118895002893E+01
    0.468085039196119578E-03    0.147984114924432775E+01    0.245497417952718990E+02    0.346906373049485151E+01
    0.468369108663458766E-03    0.147662776585890954E+01    0.239359301870180303E+02    0.340908522895968735E+01
    0.468102938184084048E-03    0.147576467320135030E+01    0.217002220237404018E+02    0.320112480434836000E+01
    0.468037096435530437E-03    0.147404600610557690E+01    0.235075075845477102E+02    0.336689012891444817E+01
    0.468100653651941812E-03    0.147177443403624109E+01    0.235208315940219634E+02    0.336591821256630386E+01
    0.468206872892635759E-03    0.146932065474635332E+01    0.258519985313666325E+02    0.357534999020633659E+01
    0.468071235614676341E-03    0.146790012906153344E+01    0.212047704819758209E+02    0.314157760565344990E+01
    0.468429878769198167E-03    0.146436828604897817E+01    0.228974523806767536E+02    0.978328631288076345E+00
    0.468162638656946929E-03    0.146350961534424506E+01    0.201622180274850678E+02    0.305893459573470761E+01
    0.468365767857958687E-03    0.146064203160498218E+01    0.219791179603593214E+02    0.321224051004672884E+01
    0.468657182570726152E-03    0.145739802910968441E+01    0.212993778178942499E+02    0.314180310372988814E+01
    0.468231705420747637E-03    0.145721458253326075E+01    0.235777771168712711E+02    0.335699365574178099E+01
    0.467976240895464214E-03    0.145630606881086777E+01    0.240026201743634608E+02    0.100923589390417834E+01
    0.468443376517252679E-03    0.145231065713066876E+01    0.246943801395558786E+02    0.345563359326669195E+01
    0.468774736625209758E-03    0.144889642871523239E+01    0.263853864483353284E+02    0.360179444336586707E+01
    0.468737520300669460E-03    0.144705521629073752E+01    0.236495409083837735E+02    0.335367271513356924E+01
    0.468329513480581644E-03    0.144679684983959289E+01    0.267122930229263176E+02    0.362793780373404395E+01
    0.468202371158221752E-03    0.144533988451985129E+01    0.218871888754943456E+02    0.962199733803470014E+00
    0.467864292185853818E-03    0.144478456362352836E+01    0.240425018555920111E+02    0.338784279550769130E+01
    0.467996324759866497E-03    0.144222023781480102E+01    0.224733491715973486E+02    0.323994395540560287E+01
    0.468538258772446131E-03    0.143790560220992170E+01    0.205513816389903852E+02    0.307150266600332733E+01
    0.468398783703387908E-03    0.143650105340360135E+01    0.237147475823865186E+02    0.334930286260105792E+01
    0.468453051942958312E-03    0.143426934871964096E+01    0.239864082592886341E+02    0.337226188868690713E+01
    0.468042948233957231E-03    0.143402100055852455E+01    0.218974012106043894E+02    0.317848336763684491E+01
    0.467846780968430231E-03    0.143285942099320818E+01    0.254996845886544321E+02    0.351004892213909336E+01
    0.468185138122534275E-03    0.142941349949442542E+01    0.246331557426334840E+02    0.342736463789530843E+01
    0.468278111007098402E-03    0.142701637601962239E+01    0.257062810881942632E+02    0.106944023770136942E+01
    0.468597225790006117E-03    0.142365391173989031E+01    0.261578973468003326E+02    0.355781949409494036E+01
    0.468138118948781918E-03    0.142361436676312891E+01    0.185569003884276071E+02    0.290930591574363273E+01
    0.468436744670565417E-03    0.142033897173171009E+01    0.263674182862068847E+02    0.109723437728870499E+01
    0.468059996401438137E-03    0.141994815315394174E+01    0.227510159130667518E+02    0.989659973921145353E+00
    0.468580082754597082E-03    0.141572708054258278E+01    0.247889038583813388E+02    0.342816021883730127E+01
    0.468121453865441703E-03    0.141568556532305756E+01    0.228937690443998925E+02    0.325254709248588192E+01
    0.467888331678200926E-03    0.141468180359179008E+01    0.251981657167665318E+02    0.105676587374232467E+01
    0.468249782263632569E-03    0.141113737078630463E+01    0.224117855337896934E+02    0.320334244342992758E+01
    0.467949074027495669E-03    0.141042217580161400E+01    0.229190623756163809E+02    0.324962147843665683E+01
    0.467607460581535893E-03    0.140988275439199340E+01    0.258866920426215259E+02    0.108465489605229681E+01
    0.467808398101470088E-03    0.140702351078971466E+01    0.234335056450842956E+02    0.329387133027711565E+01
    0.467498071396035733E-03    0.140635067670572855E+01    0.221230585631098720E+02    0.317179135582763116E+01
    0.467162751081430798E-03    0.140578572274993907E+01    0.239565058206568047E+02    0.102529338343101939E+01
    0.467476581493868717E-03    0.140244261460841635E+01    0.232263397659153696E+02    0.327007315065902038E+01
    0.467362580233085187E-03    0.140093040444865369E+01    0.189939006127346985E+02    0.292719048437619023E+01
    0.467473221013069325E-03    0.139845699176869953E+01    0.252635944154286598E+02    0.345479504782901747E+01
    0.467274244887962717E-03    0.139730845651344548E+01    0.245787585281035525E+02    0.339019065124371100E+01
    0.466899479730227822E-03    0.139691314809480516E+01    0.215132284870632979E+02    0.311659430340833810E+01
    0.467112164309853696E-03    0.139400230470370490E+01    0.216664435196894694E+02    0.312471889686332194E+01
    0.467136700498057666E-03    0.139189725265966358E+01    0.225050034274088127E+02    0.319260146801810540E+01
    0.466779579877228115E-03    0.139142681433767490E+01    0.202133980472461658E+02    0.301387626966298150E+01
    0.466619458260306152E-03    0.139011300153927930E+01    0.276336008702767941E+02    0.364570690537449016E+01
    0.466422256204442509E-03    0.138895841736902281E+01    0.212132914998587196E+02    0.964274585264148998E+00
    0.465972608037269666E-03    0.138888742070989535E+01    0.246516390236582623E+02    0.338842385324882267E+01
    0.465821896352716603E-03    0.138753439463017880E+01    0.227123270021443915E+02    0.320738722462635995E+01
    0.465923960082019722E-03    0.138509623339118204E+01    0.257202300667515829E+02    0.109097627781242279E+01
    0.465461814720981998E-03    0.138508099807827478E+01    0.226743487920788418E+02    0.320137795618956256E+01
    0.465949544380699597E-03    0.138098641462907801E+01    0.200718753328723842E+02    0.299580822669660884E+01
    0.466431436282779821E-03    0.137691905394718184E+01    0.250537565676868681E+02    0.341350409084932549E+01
    0.466621358680881237E-03    0.137410485607219734E+01    0.208684543977428376E+02    0.305191885937972263E+01
    0.466181651989955922E-03    0.137399038482142788E+01    0.218704491029960941E+02    0.312370759393266262E+01
    0.467944967542284766E-03    0.136443972687058568E+01    0.211151716645771614E+02    0.306401359630724235E+01
    0.467712545740141727E-03    0.136343334602554256E+01    0.238101735257468228E+02    0.328448308868718675E+01
    0.467566229276218930E-03    0.136205911224206089E+01    0.207781391425004287E+02    0.960418059516247369E+00
    0.468316845304908352E-03    0.135685094998329636E+01    0.242476484512410764E+02    0.105088834384108187E+01
    0.468092206226558105E-03    0.135581052670802427E+01    0.249096573434519577E+02    0.107593304995023020E+01
    0.467888163893541171E-03    0.135468252079144924E+01    0.262522257087347555E+02    0.349766885831160579E+01
    0.467534709923373315E-03    0.135419393983790814E+01    0.240782320041315998E+02    0.329979539821450185E+01
    0.467876359108229201E-03    0.135073298128670771E+01    0.245681001548636289E+02    0.334159924696076960E+01
    0.468131553100418216E-03    0.134764241786224148E+01    0.269767107725808089E+02    0.115667674058783643E+01
    0.468938612305860544E-03    0.134219738488703944E+01    0.248024338124627626E+02    0.335445199842334185E+01
    0.469007968786382568E-03    0.133990160479872467E+01    0.230501265938420516E+02    0.318972301807788261E+01
    0.468761459561312717E-03    0.133895307533411456E+01    0.238559446448054224E+02    0.326338859324247510E+01
    0.469471212973767587E-03    0.133392715833665099E+01    0.227360954119244951E+02    0.315439757741199367E+01
    0.469006248766411173E-03    0.133390893952747813E+01    0.268534145042746886E+02    0.115924623770183377E+01
    0.468729665920825838E-03    0.133308872948446044E+01    0.235356106501228943E+02    0.322759100685051115E+01
    0.468337139652241037E-03    0.133276428255799306E+01    0.206257248193696441E+02    0.965804325369772787E+00
    0.467883006017053547E-03    0.133270456838889162E+01    0.203950914436778099E+02    0.298646804392443821E+01
    0.468113176730996139E-03    0.132972092882781157E+01    0.242665196821002525E+02    0.329178059407163115E+01
    0.467825974140878423E-03    0.132894837015813949E+01    0.213177880232021018E+02    0.987411230089600966E+00
    0.468184047961265021E-03    0.132541815646645489E+01    0.225620854310658174E+02    0.313335258682685636E+01
    0.467768085918467190E-03    0.132519586306126835E+01    0.230174910938024766E+02    0.102980038706445653E+01
    0.467700749958488470E-03    0.132348378696638069E+01    0.241621458263695814E+02    0.327556623669621239E+01
    0.467411601368964270E-03    0.132272063769700554E+01    0.202692541876993140E+02    0.296968860864803741E+01
    0.467081123769740763E-03    0.132213521313074955E+01    0.225994943549912968E+02    0.102024195414834407E+01
    0.466848868002760935E-03    0.132112995909158992E+01    0.224604083309345519E+02    0.312359160850207784E+01
    0.466424855204435160E-03    0.132094727299191916E+01    0.243319922936738067E+02    0.328863304975807180E+01
    0.466241907580073483E-03    0.131973189461249385E+01    0.211090885480879535E+02    0.303149520040925147E+01
    0.466081890342377053E-03    0.131841842536338461E+01    0.212409141362119271E+02    0.988746825922218076E+00
    0.465662714984145065E-03    0.131821795447943879E+01    0.230477693456082662E+02    0.316678283523406146E+01
    0.465830374322360953E-03    0.131549799491365804E+01    0.222889444071362313E+02    0.310829772298323181E+01
    0.465954590633344673E-03    0.131296475466449603E+01    0.226613289201421289E+02    0.313059892322856514E+01
    0.466411733506791565E-03    0.130900353878508646E+01    0.223050712124945640E+02    0.310452917835690823E+01
    0.466021606368319924E-03    0.130867712613787690E+01    0.249641196672108023E+02    0.110255422926947722E+01
    0.465692852195353265E-03    0.130808852072813431E+01    0.232641281267845095E+02    0.104230244546327855E+01
    0.465749962029863380E-03    0.130584326752012081E+01    0.235741676517030605E+02    0.320245546092999556E+01
    0.465539200860971304E-03    0.130474851233936673E+01    0.251395117788115989E+02    0.334631117089229413E+01
    0.465139646312771253E-03    0.130446577312793144E+01    0.218343924198458055E+02    0.307059435688006088E+01
    0.464698694590554061E-03    0.130436266954907198E+01    0.233264212492073746E+02    0.317793032811883336E+01
    0.464948038856497414E-03    0.130128981353623940E+01    0.246545992279218424E+02    0.329770802235465244E+01
    0.464563528226714028E-03    0.130094449182252969E+01    0.213074188668035731E+02    0.303194243270332553E+01
    0.465217084318077072E-03    0.129613283414684854E+01    0.218932857299993309E+02    0.306819588640512775E+01
    0.465135446417726066E-03    0.129448383185083338E+01    0.216479221040650671E+02    0.100785800627173039E+01
    0.464768053098151370E-03    0.129406418223722386E+01    0.217823850522903726E+02    0.101054824133115284E+01
    0.464420483689648883E-03    0.129356041001432898E+01    0.240566191741665953E+02    0.107699067378931845E+01
    0.463981296071549793E-03    0.129345264098778934E+01    0.221523332128138648E+02    0.308300698211590607E+01
    0.463701152961368084E-03    0.129266056776915517E+01    0.222944766406163737E+02    0.309164180340401629E+01
    0.463754533369481860E-03    0.129043034476675089E+01    0.253881312813665083E+02    0.335406407776457716E+01
    0.463556843880062188E-03    0.128928308742581610E+01    0.241632425206307495E+02    0.323935633685897928E+01
    0.463113876457909039E-03    0.128919516879910256E+01    0.189848259103439894E+02    0.932618956292771695E+00
    0.462688741044446183E-03    0.128903199853071393E+01    0.261239484127836441E+02    0.341916361529836710E+01
    0.463257605812968814E-03    0.128457455661949660E+01    0.197574312881810670E+02    0.956903748565430146E+00
    0.463682599185804092E-03    0.128074059408196272E+01    0.242845055786289947E+02    0.324140571049848836E+01
    0.463277025423866032E-03    0.128049071901524614E+01    0.229326701337897099E+02    0.312391553723081428E+01
    0.463150866638710782E-03    0.127903542967005768E+01    0.212866820284831775E+02    0.301397748456762171E+01
    0.462853563528752303E-03    0.127831967026541982E+01    0.239548051298931668E+02    0.108139451830868860E+01
    0.462666067739959561E-03    0.127713000765877571E+01    0.220159245735865987E+02    0.306185314883916115E+01
    0.463291194065719501E-03    0.127242955291205173E+01    0.290271896428139300E+02    0.362021335520032617E+01
    0.462894724647519226E-03    0.127214182011191501E+01    0.248141248116462272E+02    0.328117814429897514E+01
    0.462455611853614232E-03    0.127203996748177350E+01    0.229996295543099869E+02    0.104942152905312702E+01
    0.461994228990825998E-03    0.127203632415019130E+01    0.213242576274527345E+02    0.301140034390268019E+01
    0.461739617168584865E-03    0.127113885743831934E+01    0.194407355930681689E+02    0.952317581709206773E+00
    0.461672821180294981E-03    0.126942820155214542E+01    0.241398012197690335E+02    0.321576366726506269E+01
    0.461413912228107596E-03    0.126855012845067905E+01    0.243041985785118442E+02    0.323004068383129761E+01
    0.461079417873873560E-03    0.126800052102473848E+01    0.256888184703587861E+02    0.115116792032662518E+01
    0.460693618527126898E-03    0.126767468311906994E+01    0.213050028028356557E+02    0.300668609637439888E+01
    0.460620208949456876E-03    0.126599340004537386E+01    0.243861390894932200E+02    0.110402888805117882E+01
    0.460192515937210599E-03    0.126585129375796024E+01    0.234743080893536025E+02    0.107034820345626347E+01
    0.459829839674610907E-03    0.126542810883933998E+01    0.232273887686048610E+02    0.313161749263233169E+01
    0.459542205491953923E-03    0.126467954646382141E+01    0.220751353229219589E+02    0.102800626768856662E+01
    0.459256014344563903E-03    0.126392548338646282E+01    0.233885977243724277E+02    0.314093782151999790E+01
    0.458878781164558461E-03    0.126356895971724081E+01    0.230312592478313363E+02    0.105518545973485800E+01
    0.458606103683612497E-03    0.126275776399512307E+01    0.240801550485782450E+02    0.320298302260041767E+01
    0.458738423847104750E-03    0.126018079357474422E+01    0.238050920437036950E+02    0.108567806042528581E+01
    0.458338023786395950E-03    0.125992721324203516E+01    0.197685684691679810E+02    0.288541503398225130E+01
    0.458140346495095800E-03    0.125878998229714933E+01    0.217828557824873137E+02    0.102292943326387387E+01
    0.457790430385075417E-03    0.125831811580191655E+01    0.227021687240141681E+02    0.309208365273914598E+01
    0.457413049622630216E-03    0.125796750106790123E+01    0.253100139169680638E+02    0.331169291086506634E+01
    0.457790068903157017E-03    0.125431969504870544E+01    0.231847310581469443E+02    0.106590964395050802E+01
    0.457338575021833701E-03    0.125429316149390946E+01    0.217672015788965787E+02    0.302829354921646399E+01
    0.457141515153016158E-03    0.125315511518326361E+01    0.238035560291363737E+02    0.108945673185876357E+01
    0.457105065279113029E-03    0.125131459020761127E+01    0.210186050783998049E+02    0.297338020090696364E+01
    0.457222773143743059E-03    0.124879964202235660E+01    0.211530193573129424E+02    0.298119911944452287E+01
    0.457115728564346457E-03    0.124726793502192201E+01    0.246436021831253278E+02    0.323821984913810557E+01
    0.457091392000210034E-03    0.124537441664329207E+01    0.197663530540450907E+02    0.971011546365540656E+00
    0.456652178636547548E-03    0.124529711535912235E+01    0.236974948421165230E+02    0.314839927394683183E+01
    0.456793320852521840E-03    0.124267905016682412E+01    0.235705595492174957E+02    0.108658129973751216E+01
    0.456417679219246742E-03    0.124232441648165648E+01    0.221085930346243345E+02    0.304123467429000272E+01
    0.456514087431796219E-03    0.123990200500940007E+01    0.234911347585871013E+02    0.312912214038511260E+01
    0.456294256134056231E-03    0.123886532355722623E+01    0.230975947095705436E+02    0.107117408028888539E+01
    0.456145741588712399E-03    0.123751638903879657E+01    0.252236514418199960E+02    0.328119390243738707E+01
    0.455692114555274501E-03    0.123750633524608888E+01    0.235585779186670976E+02    0.313164344575311926E+01
    0.455380159400527358E-03    0.123687595289713226E+01    0.222055831870957761E+02    0.304330972997558291E+01
    0.454993242488784531E-03    0.123657598909867961E+01    0.221956703706041871E+02    0.304243325829558175E+01
    0.455038465902723522E-03    0.123437721178772630E+01    0.213330092526726780E+02    0.298309947110965856E+01
    0.454727471700022234E-03    0.123374457102578883E+01    0.227178293069435533E+02    0.105994601471332972E+01
    0.454375843550354865E-03    0.123329171384796954E+01    0.247461545240441865E+02    0.323227311864007483E+01
    0.454007635024549470E-03    0.123291309316475495E+01    0.229453205187383702E+02    0.308825777455778949E+01
    0.453658829053914562E-03    0.123245024806294823E+01    0.256278498127904442E+02    0.331302187937731274E+01
    0.453369602915690642E-03    0.123172573684733266E+01    0.244030685746092324E+02    0.319874908544594261E+01
    0.453268867222657832E-03    0.123017017284584629E+01    0.230460518500780793E+02    0.309266135893834315E+01
    0.452965996480511656E-03    0.122950700401653257E+01    0.221079895591449933E+02    0.303123965596626377E+01
    0.452582280548355744E-03    0.122920195928233311E+01    0.255801206126711165E+02    0.330498816580254084E+01
    0.452439220140265998E-03    0.122783425546167213E+01    0.217071524040612154E+02    0.103257903051965583E+01
    0.452180555111365455E-03    0.122697800687203973E+01    0.212207495920671256E+02    0.296918578899142682E+01
    0.451997758486817451E-03    0.122578668199409524E+01    0.242120563479621183E+02    0.111968423548904639E+01
    0.451765362424064577E-03    0.122481525270017433E+01    0.243719735383058236E+02    0.318817160753630890E+01
    0.451469486639650096E-03    0.122412554667436724E+01    0.225674479266948040E+02    0.305686598683997568E+01
    0.451585247751190718E-03    0.122161279320432947E+01    0.210107628397468105E+02    0.101609225171070228E+01
    0.451395053675549842E-03    0.122045531026990917E+01    0.223955377763879007E+02    0.304282865814151515E+01
    0.451003530213353371E-03    0.122019078944178805E+01    0.263749901075735060E+02    0.120288135299775290E+01
    0.450749845585136379E-03    0.121931608441369166E+01    0.224680167463215845E+02    0.105872618653756079E+01
    0.450328324735554584E-03    0.121918726893120355E+01    0.237049675086365923E+02    0.312684943350404643E+01
    0.450253759245271214E-03    0.121751845691185245E+01    0.249925720964384048E+02    0.115319587444601002E+01
    0.449812177592492533E-03    0.121748089841814977E+01    0.202113630981886914E+02    0.288716589903580978E+01
    0.449683240808753401E-03    0.121605427225411278E+01    0.253730041546405403E+02    0.327110305034974758E+01
    0.449254523892315060E-03    0.121596193245381778E+01    0.204838731737128192E+02    0.290683778979466734E+01
    0.449215351466268349E-03    0.121413632862290388E+01    0.236793138797102678E+02    0.110647150624873802E+01
    0.449108005591997768E-03    0.121261431185212554E+01    0.263980476754470708E+02    0.120797871340725815E+01
    0.449224361280089199E-03    0.121009621546349533E+01    0.215646319500931618E+02    0.298072696345575361E+01
    0.449654206899223951E-03    0.120618340691687509E+01    0.225569707743656487E+02    0.304206099547146502E+01
    0.449206698985470424E-03    0.120617485163453786E+01    0.237979268025443389E+02    0.111534048958469612E+01
    0.449137455828411806E-03    0.120448316624571006E+01    0.228731845224777679E+02    0.108205914126939140E+01
    0.449429391485691788E-03    0.120118360497918419E+01    0.247625753761235110E+02    0.319777454475766065E+01
    0.449448402713522167E-03    0.119909900514612766E+01    0.212812352848377735E+02    0.103226307434414033E+01
    0.449567136259345658E-03    0.119657072263539810E+01    0.223517578526510619E+02    0.302110075405271816E+01
    0.449345099513572324E-03    0.119555874678922192E+01    0.238922399837306578E+02    0.112483977534042934E+01
    0.449646410370470187E-03    0.119221808510391747E+01    0.237954712144934604E+02    0.112315652528438181E+01
    0.449198740002888276E-03    0.119221028767377124E+01    0.241695803372407028E+02    0.113701123772436707E+01
    0.449004979086111257E-03    0.119107316951525566E+01    0.196092149874464994E+02    0.282069767645915492E+01
    0.448890954615330869E-03    0.118958113248556496E+01    0.195713346622456541E+02    0.281663635087460973E+01
    0.449108525609209080E-03    0.118661199607548773E+01    0.261331825007184655E+02    0.330815100788356675E+01
    0.449232414524093962E-03    0.118406036178998764E+01    0.232999475630750901E+02    0.307265010853848697E+01
    0.449115672688746163E-03    0.118258016847807457E+01    0.249860314331213580E+02    0.117273721517100515E+01
    0.448764080670952220E-03    0.118214648973409342E+01    0.238625756203810013E+02    0.310763996973021372E+01
    0.448540250437342235E-03    0.118114427936016142E+01    0.213657176082886266E+02    0.294335603118667821E+01
    0.448401729034082362E-03    0.117976202903640615E+01    0.254661114255915386E+02    0.323849042771932361E+01
    0.447989952393189632E-03    0.117959951449461609E+01    0.219553556761436752E+02    0.106224493055771196E+01
    0.447569157333723127E-03    0.117947898882917146E+01    0.229259326670304340E+02    0.304467873075731710E+01
    0.447729899761838124E-03    0.117676082687620243E+01    0.203361441776897180E+02    0.101281882766801745E+01
    0.447909213327384482E-03    0.117395999732179379E+01    0.234486788808482167E+02    0.112077470596560569E+01
    0.447695631422046175E-03    0.117291390868409162E+01    0.240305679288878551E+02    0.114292052919524956E+01
    0.447756969932825300E-03    0.117063990864974454E+01    0.254810963413153075E+02    0.322935268622825644E+01
    0.447744183490454359E-03    0.116869702277996090E+01    0.222358857674895845E+02    0.299115099323616729E+01
    0.448249448184327769E-03    0.116444136055401870E+01    0.233945872989450514E+02    0.112427625280315091E+01
    0.447913117256775177E-03    0.116394256560900144E+01    0.218505420296538446E+02    0.296226359634053971E+01
    0.447633911671999735E-03    0.116318964961376037E+01    0.223798346289268402E+02    0.299601461036778272E+01
    0.447970151094421814E-03    0.115968791708617136E+01    0.211114083814311222E+02    0.290749059509981045E+01
    0.447717115142699123E-03    0.115881793631497887E+01    0.216090971290853133E+02    0.294240328359638204E+01
    0.447822249718332556E-03    0.115634834411061016E+01    0.248895758279879153E+02    0.118433248114163203E+01
    0.447650286863442192E-03    0.115511648763249686E+01    0.224375953761941851E+02    0.299316264300186052E+01
    0.447548165843590087E-03    0.115357279324829576E+01    0.187024087612516041E+02    0.272171688900515507E+01
    0.447551008998780099E-03    0.115156008781730779E+01    0.235005606520145243E+02    0.305925627858437954E+01
    0.447352915159413998E-03    0.115044551847518650E+01    0.235591213451511905E+02    0.306214161375570093E+01
    0.447704534195363991E-03    0.114687413753512635E+01    0.248560513484252006E+02    0.314370531235464146E+01
    0.447299341913687211E-03    0.114668504504156776E+01    0.248609342617779419E+02    0.118893003995734103E+01
    0.446935520080803377E-03    0.114631245577417529E+01    0.242154866881761563E+02    0.116525320751651207E+01
    0.446636659318364428E-03    0.114565028065487051E+01    0.255053667896757013E+02    0.121339641824737665E+01
    0.446516298205487476E-03    0.114418931985344230E+01    0.208022273138612697E+02    0.287231222450038359E+01
    0.446240536979653922E-03    0.114342486899166129E+01    0.226472556357071895E+02    0.299714624156491416E+01
    0.445911911114916972E-03    0.114289827583051817E+01    0.249681014996659307E+02    0.314939906699670624E+01
    0.445689249044001114E-03    0.114189720712622766E+01    0.222802502344526374E+02    0.297205394787008936E+01
    0.445390130454267820E-03    0.114123993195126694E+01    0.250300431217025476E+02    0.119839627384726777E+01
    0.445242443581459315E-03    0.113990322174539660E+01    0.220044202084468239E+02    0.108717045188210726E+01
    0.445251082347279410E-03    0.113786441734948296E+01    0.254252855371324635E+02    0.121502243323924652E+01
    0.444928390803417710E-03    0.113731442408520866E+01    0.215851349250878570E+02    0.107298273358928298E+01
    0.444519291960584714E-03    0.113715421243750492E+01    0.237750699444804496E+02    0.306517284333221207E+01
    0.444077967109680937E-03    0.113714082620512857E+01    0.246311667889407815E+02    0.312074462543377207E+01
    0.443970402185969444E-03    0.113562532650026471E+01    0.237374767080194253E+02    0.306146115579929612E+01
    0.443660013744902586E-03    0.113502405483644409E+01    0.208043642600738217E+02    0.286486632970159194E+01
    0.443456611978865266E-03    0.113394119138290739E+01    0.220489986791784887E+02    0.295043350145376193E+01
    0.443021437300479613E-03    0.113390480329045151E+01    0.230994328495303307E+02    0.301860363819971944E+01
    0.443184845504011372E-03    0.113116724045183248E+01    0.223397447838335239E+02    0.110475923005385002E+01
    0.442806641464994256E-03    0.113087472440646297E+01    0.224790192090798513E+02    0.297579650013173724E+01
    0.442434426539962706E-03    0.113055659372059725E+01    0.248928622390637138E+02    0.313225200558471650E+01
    0.442509731860494572E-03    0.112821620921163812E+01    0.213884470335938772E+02    0.290157665555907229E+01
    0.442136587892562902E-03    0.112790340999106453E+01    0.249916897908810753E+02    0.313645135590453616E+01
    0.441851240946282073E-03    0.112719459046606962E+01    0.235457960099181918E+02    0.304198226621603540E+01
    0.441833964586834760E-03    0.112527279188597085E+01    0.236659297376442197E+02    0.304817255756122973E+01
    0.442056465317105130E-03    0.112226587642481745E+01    0.225063467246175861E+02    0.297036262212394098E+01
    0.442172062368187391E-03    0.111974294802734020E+01    0.215480494787545638E+02    0.108190126927213770E+01
    0.442041868569643948E-03    0.111833191770960183E+01    0.193786969168134675E+02    0.274484087633750518E+01
    0.441819417087953780E-03    0.111733864349335432E+01    0.220975945689447144E+02    0.110405359146671866E+01
    0.441929309752152289E-03    0.111484125023466474E+01    0.208818898834463020E+02    0.105509250530389265E+01
    0.442278521078994023E-03    0.111126147981045431E+01    0.218078257179541133E+02    0.109696832928363808E+01
    0.442481517768944141E-03    0.110834373179026735E+01    0.226945993164197510E+02    0.297082954932291221E+01
    0.442380428528413468E-03    0.110680070359874017E+01    0.229587392322431576E+02    0.298666854734143561E+01
    0.442044196911057065E-03    0.110632138325359541E+01    0.237732197580426963E+02    0.117273035686730642E+01
    0.441948393336846822E-03    0.110475488722479254E+01    0.261859713948439747E+02    0.321655781826181286E+01
    0.442133724564436272E-03    0.110191636226628975E+01    0.221162124959855184E+02    0.292780808049672014E+01
    0.441865912885114017E-03    0.110112818035385063E+01    0.221077635227779083E+02    0.292658698917864868E+01
    0.441793668060996392E-03    0.109945520594532642E+01    0.244807829718576357E+02    0.307922868231105085E+01
    0.441373206202957545E-03    0.109935954317562223E+01    0.236904464889661526E+02    0.117389170503892748E+01
    0.441027608316821209E-03    0.109892616867340664E+01    0.224844015770666843E+02    0.112950529395233867E+01
    0.440885452211287260E-03    0.109757093112511317E+01    0.255684499751852563E+02    0.315059935884263087E+01
    0.440706614607008751E-03    0.109638236132492639E+01    0.228766398319331401E+02    0.114557699620310860E+01
    0.440341066788752715E-03    0.109604196657417519E+01    0.251207589660911701E+02    0.122886648817758504E+01
    0.440378088752267801E-03    0.109387382233291697E+01    0.243345229368204912E+02    0.120108252423135498E+01
    0.439974545192682218E-03    0.109370737662603790E+01    0.234379461360583434E+02    0.300659828287170505E+01
    0.440021885534858407E-03    0.109149219237950712E+01    0.224845446047972679E+02    0.113404962833351308E+01
    0.439876047868135848E-03    0.109015516776566224E+01    0.236248031668853784E+02    0.301567653548802950E+01
    0.440687257189423015E-03    0.108447021043839231E+01    0.248152455319865837E+02    0.308806240051626935E+01
    0.440457665202771773E-03    0.108351245439174626E+01    0.211562051895901284E+02    0.284669867632864637E+01
    0.440165619370204658E-03    0.108283899593739852E+01    0.214434839667284933E+02    0.286696474664226875E+01
    0.439863854913531325E-03    0.108221060667243885E+01    0.242881550445702210E+02    0.305188494289100909E+01
    0.440072527400371433E-03    0.107926202677545202E+01    0.247532002783957132E+02    0.307952128203534548E+01
    0.440112292542817435E-03    0.107708131408152119E+01    0.218510232911917193E+02    0.111929930650869047E+01
    0.440832607190911100E-03    0.107181066771605282E+01    0.246593551309795664E+02    0.306693918384490161E+01
    0.440460880923670159E-03    0.107149785271998876E+01    0.207407248571104788E+02    0.280609888643554495E+01
    0.440126691232036772E-03    0.107101588326330543E+01    0.229965629511349903E+02    0.116564615927713788E+01
    0.439797289146904083E-03    0.107051329489365221E+01    0.229986630597827215E+02    0.116603677759133539E+01
    0.439969810409299958E-03    0.106772889972955998E+01    0.224633119030154198E+02    0.292078779423182855E+01
    0.439578310590350949E-03    0.106750935874241271E+01    0.240703990525675167E+02    0.120758725088705843E+01
    0.439815066064316482E-03    0.106443245511339502E+01    0.200550644666550397E+02    0.275014703251479897E+01
    0.439476418176114618E-03    0.106397300411681561E+01    0.223504065961803313E+02    0.114612007687701700E+01
    0.439563328797677960E-03    0.106157752428943986E+01    0.240736001362279524E+02    0.301993295523079475E+01
    0.439191437996818085E-03    0.106127033250906200E+01    0.216378036939382419E+02    0.286151595154050709E+01
    0.438861434203618832E-03    0.106077367618761609E+01    0.232417629274168007E+02    0.296521689554652434E+01
    0.438618897674816039E-03    0.105987928061499304E+01    0.221252653641241821E+02    0.289193866415963896E+01
    0.438300664281851722E-03    0.105933087741243281E+01    0.231945490789337079E+02    0.118028322838430766E+01
    0.438376490663524708E-03    0.105698490566473891E+01    0.186308813128174293E+02    0.263602981411758641E+01
    0.438255329629706422E-03    0.105553775365309854E+01    0.223591700926495349E+02    0.290328908749561609E+01
    0.437872139393417177E-03    0.105528722630071892E+01    0.186011648334138222E+02    0.263229244619041980E+01
    0.437872439188930840E-03    0.105328585697223343E+01    0.225203981179337056E+02    0.291176182051788723E+01
    0.438154663572045192E-03    0.104999720098433147E+01    0.249128771921514307E+02    0.306417537988874322E+01
    0.437767736245766649E-03    0.104976414906800586E+01    0.203272116025722838E+02    0.275693057487098203E+01
    0.437362854809805897E-03    0.104961475956664563E+01    0.201817094344938184E+02    0.274623800677704599E+01
    0.437381159106348951E-03    0.104753105829512472E+01    0.235030181307991910E+02    0.119915403853790470E+01
    0.437345019907883130E-03    0.104569631777554362E+01    0.202256512171720431E+02    0.106806785938217352E+01
    0.437399789583666182E-03    0.104344586907200898E+01    0.205984889238926030E+02    0.108613037958238867E+01
    0.437030767329477771E-03    0.104313392662298421E+01    0.225014728489727744E+02    0.116487009915603812E+01
    0.436955878655613810E-03    0.104147667178683934E+01    0.253180788220524207E+02    0.308287945213512682E+01
    0.436614539419957748E-03    0.104103963337975070E+01    0.252261567119206909E+02    0.126707839964678382E+01
    0.436770131260970417E-03    0.103832704087446337E+01    0.211560193363792770E+02    0.111425410454295837E+01
    0.436360299725291789E-03    0.103820456822310492E+01    0.203146348037674933E+02    0.107676573473891768E+01
    0.436411263396757957E-03    0.103597099658222591E+01    0.220042960090171213E+02    0.286278624139095461E+01
    0.436053086149181695E-03    0.103561313711379643E+01    0.223983076975369677E+02    0.116585592478951061E+01
    0.435642561141829916E-03    0.103549693698801892E+01    0.205903948374430676E+02    0.109079286623236738E+01
    0.435508344540310702E-03    0.103411320956134678E+01    0.208623183778718087E+02    0.110381164453736624E+01
    0.435441222963519616E-03    0.103242147805105566E+01    0.239877809943709508E+02    0.298836697184078703E+01
    0.435169865978256233E-03    0.103166822070112119E+01    0.235784718547955343E+02    0.121208085384201647E+01
    0.435117571386974683E-03    0.102990857619332021E+01    0.230161999850462990E+02    0.292301554041099765E+01
    0.434709885542965916E-03    0.102978336582249375E+01    0.217943453816493786E+02    0.114666246518432358E+01
    0.434492509113448854E-03    0.102878371481089093E+01    0.263332852502386849E+02    0.131592708194325936E+01
    0.434106695450532578E-03    0.102856043155790000E+01    0.224184028249755656E+02    0.117113421584775601E+01
    0.433823726040978217E-03    0.102786454263667926E+01    0.231427377941481680E+02    0.292938053912948915E+01
    0.433605698870647869E-03    0.102686993705219853E+01    0.263095949974450605E+02    0.313409009648192782E+01
    0.433245536613956900E-03    0.102653187055441264E+01    0.246205370492198483E+02    0.302411974626995095E+01
    0.432830118082616101E-03    0.102645049538103539E+01    0.202556454715300731E+02    0.273079498967921541E+01
    0.432500508382927548E-03    0.102597411978786268E+01    0.234960010870455100E+02    0.121269880875255809E+01
    0.432157200399131821E-03    0.102556229970383606E+01    0.255703703791153245E+02    0.308490860184740789E+01
    0.432258289035975256E-03    0.102309452170347792E+01    0.223252007787061224E+02    0.287196976869552323E+01
    0.432361622867353916E-03    0.102061646733318923E+01    0.226649534317430934E+02    0.118540266970180141E+01
    0.432190501236493169E-03    0.101940819117873405E+01    0.236858791492111891E+02    0.295695335271365378E+01
    0.431861913924212748E-03    0.101892933652759221E+01    0.223510570562193394E+02    0.286985152430735901E+01
    0.431645894291512512E-03    0.101792999748348212E+01    0.239209765006038424E+02    0.123364974024208207E+01
    0.431406134275008060E-03    0.101704121680629100E+01    0.252020180046037758E+02    0.128165521775734015E+01
    0.431008664416829366E-03    0.101688473752005137E+01    0.237076207193077018E+02    0.295605875399219142E+01
    0.430670198614231474E-03    0.101645592991914069E+01    0.245151862523106026E+02    0.300809831615124779E+01
    0.430490803896300500E-03    0.101528919905244819E+01    0.233534368669748851E+02    0.121435919130202108E+01
    0.430300922029981550E-03    0.101417155822794425E+01    0.219720787966907132E+02    0.284089170934397384E+01
    0.430121585309714593E-03    0.101300527292663434E+01    0.250051799172486007E+02    0.303674850586289402E+01
    0.429837482085154428E-03    0.101232674621842578E+01    0.198473764790244012E+02    0.268827138704430313E+01
    0.429471008347341219E-03    0.101203264701705531E+01    0.241194770550692859E+02    0.124484728128448374E+01
    0.430002932214400746E-03    0.100755706789880639E+01    0.201471347298536720E+02    0.270563513592846405E+01
    0.429716956263871924E-03    0.100688762202415028E+01    0.225917822953304466E+02    0.119166318939992388E+01
    0.429414631448765975E-03    0.100629520536488748E+01    0.245637690809047307E+02    0.300191061009997417E+01
    0.429073926664084147E-03    0.100588266881728994E+01    0.258921258720319543E+02    0.131450946297888471E+01
    0.428752240628606414E-03    0.100538267458910591E+01    0.229084257962605626E+02    0.120437590846807829E+01
    0.428375622756022956E-03    0.100514025551908470E+01    0.240180982423120284E+02    0.124561780675626332E+01
    0.428127591393864966E-03    0.100429859965608603E+01    0.228563770951459233E+02    0.120316288696464535E+01
    0.428022719028443735E-03    0.100278857140364774E+01    0.226010019043573855E+02    0.287123217301079814E+01
    0.427821938733195068E-03    0.100172696739455880E+01    0.237260917698104166E+02    0.294329560537746726E+01
    0.427870434548784768E-03    0.999500269963854882E+00    0.210454971684859409E+02    0.276337294612098150E+01
    0.427496653513872603E-03    0.999248202817165421E+00    0.241134587975050358E+02    0.125303783329759577E+01
    0.427141349550879638E-03    0.998911147746784689E+00    0.235327526038265802E+02    0.123176205395279981E+01
    0.426886935442627349E-03    0.998102743483181287E+00    0.250095487845807298E+02    0.302325847142063964E+01
    0.426657473693667236E-03    0.997178079468227896E+00    0.260670830071332773E+02    0.309105911536460454E+01
    0.426304291459316280E-03    0.996834342475309221E+00    0.231870476513126640E+02    0.122033975169429643E+01
    0.425971326657557047E-03    0.996397052057012012E+00    0.237613581588552556E+02    0.124189203087503208E+01
    0.425549118480369234E-03    0.996380366558487163E+00    0.227832461895782430E+02    0.120569142639827831E+01
    0.425479389533096192E-03    0.994708106213755938E+00    0.228804342704945327E+02    0.121040017671318845E+01
    0.425651208687087069E-03    0.991900619528711003E+00    0.246550558698684554E+02    0.299445507651915932E+01
    0.425339844592739823E-03    0.991364155987820794E+00    0.244766833608544019E+02    0.127172260147040439E+01
    0.424971219797641304E-03    0.991098226417506778E+00    0.220542180795969038E+02    0.282484201776824895E+01
    0.424824858778255075E-03    0.989787149440491953E+00    0.268737498626199738E+02    0.313652610083313466E+01
    0.424713900529454565E-03    0.988309589403241873E+00    0.207968339608985175E+02    0.273487303524629555E+01
    0.424316489039555482E-03    0.988181897032349488E+00    0.236343427265007868E+02    0.292469818305875418E+01
    0.424171666177203396E-03    0.986864630729192172E+00    0.210039269537466744E+02    0.274854495014070510E+01
    0.424845140954909287E-03    0.981691666833550247E+00    0.214189507486355666E+02    0.277378936179269209E+01
    0.424626509062340184E-03    0.980721162743860342E+00    0.232971799824268793E+02    0.289577687782783677E+01
    0.424343817042259247E-03    0.980053091654985886E+00    0.213648947723072489E+02    0.276831696805145411E+01
    0.423995815147729842E-03    0.979693952936626866E+00    0.229858014316531083E+02    0.287458845580359634E+01
    0.423954761517201118E-03    0.977887613424357927E+00    0.233834830020848372E+02    0.289869698550436405E+01
    0.424043722484059591E-03    0.975467985470600762E+00    0.240787008370323328E+02    0.294153770326032582E+01
    0.424033976957039936E-03    0.973513950726045740E+00    0.259914716463467848E+02    0.306386732338303380E+01
    0.423974086680454403E-03    0.971796449344858759E+00    0.256679634952403184E+02    0.132899296864468219E+01
    0.424019409491302229E-03    0.969582660861403989E+00    0.258189914045044588E+02    0.133608942829833133E+01
    0.423637470056219083E-03    0.969384991356831316E+00    0.261337372283295970E+02    0.134787650051522379E+01
    0.423261741851397666E-03    0.969159597941341877E+00    0.226310185854033890E+02    0.121835224121493058E+01
    0.422928691828794218E-03    0.968733948236749631E+00    0.237915980898261914E+02    0.126160911102274120E+01
    0.422724342310714849E-03    0.967700536252424026E+00    0.223819225262900332E+02    0.121002060884518681E+01
    0.422304363353422465E-03    0.967688534951458790E+00    0.257722691466547467E+02    0.133565000206662088E+01
    0.422254699055020521E-03    0.965923754964714831E+00    0.216881503397877395E+02    0.277721641336775438E+01
    0.422014145262831076E-03    0.965063457325256335E+00    0.223640919779516842E+02    0.282027704591617523E+01
    0.421705511684524912E-03    0.964526661789128603E+00    0.220070880035199039E+02    0.119770262617351708E+01
    0.421292394073107131E-03    0.964486892729941703E+00    0.233673892451110277E+02    0.288486343145545776E+01
    0.420983854247108046E-03    0.963952159454051216E+00    0.195162265785006994E+02    0.108968678479854830E+01
    0.420679256823625601E-03    0.963399757348134544E+00    0.261872569156111368E+02    0.135394408755687579E+01
    0.420313709679623674E-03    0.963138402885460598E+00    0.241996510271613730E+02    0.128053788130705248E+01
    0.420458444334796081E-03    0.960449823198780583E+00    0.220477780813294792E+02    0.279530107696497554E+01
    0.420121846738447720E-03    0.960051562463488883E+00    0.205703617677200015E+02    0.113939717277199026E+01
    0.419780082596613328E-03    0.959679200875808824E+00    0.264881446189478638E+02    0.136763566982661455E+01
    0.419578452348540448E-03    0.958640078706032073E+00    0.239396748029919131E+02    0.291638754462597483E+01
    0.419392519927054628E-03    0.957526557169247949E+00    0.234740418065310230E+02    0.288507958007540433E+01
    0.419003554616366003E-03    0.957382316519292065E+00    0.211712877292780703E+02    0.116804347369725603E+01
    0.418636402582589777E-03    0.957135585589762972E+00    0.205555559820777063E+02    0.268765350073169174E+01
    0.418803555011436910E-03    0.954337188381445323E+00    0.256448716220106583E+02    0.134009674791054634E+01
    0.418680655642306610E-03    0.952924181513611135E+00    0.251498512512928691E+02    0.132274694945680626E+01
    0.418412032314504972E-03    0.952207782915774903E+00    0.246993016691284879E+02    0.130656248900276917E+01
    0.418271073475809483E-03    0.950881676479895299E+00    0.258324625067716305E+02    0.134943307619959452E+01
    0.418179865481512381E-03    0.949317843099736214E+00    0.193032015973198945E+02    0.109015479070536236E+01
    0.418085458476313452E-03    0.947769407945861730E+00    0.242578338062268770E+02    0.292648591274460301E+01
    0.417749377944378187E-03    0.947377766609100447E+00    0.240752136949703690E+02    0.128680947435368420E+01
    0.417505458848548710E-03    0.946545884850562125E+00    0.228852868847522863E+02    0.124333494684493973E+01
    0.417095739419615845E-03    0.946509550671705169E+00    0.191121972668352029E+02    0.257256799196596564E+01
    0.416997614736589600E-03    0.944980119981362110E+00    0.241126597231832065E+02    0.291433258510790605E+01
    0.417114403726545526E-03    0.942420056161954012E+00    0.228082579837607788E+02    0.124336184253935667E+01
    0.417364569245322792E-03    0.939220910182932966E+00    0.250946368626056220E+02    0.297243170914048349E+01
    0.416975393224393298E-03    0.939086701427176096E+00    0.246406840875157904E+02    0.294282617603193186E+01
    0.416603239938924722E-03    0.938872511645335361E+00    0.243018749009889774E+02    0.292061761863592251E+01
    0.416187009252427754E-03    0.938871721994137598E+00    0.234103704486030679E+02    0.126813868521898820E+01
    0.416140663406873717E-03    0.937094450840539883E+00    0.256115983803613680E+02    0.300389888936515748E+01
    0.416050960169687847E-03    0.935525617100853024E+00    0.254863011237960073E+02    0.134734590299627754E+01
    0.415685908158520609E-03    0.935281230196788993E+00    0.207401761874246020E+02    0.267967497721477255E+01
    0.415302468745495207E-03    0.935126933221606893E+00    0.260238524648805303E+02    0.302872048829464013E+01
    0.414947568469556296E-03    0.934836781010352391E+00    0.261782320789999652E+02    0.303845665579293778E+01
    0.414545415093103386E-03    0.934776054354163555E+00    0.230992098414948650E+02    0.125949897330767158E+01
    0.414446880544840665E-03    0.933251496884883069E+00    0.259376933130478839E+02    0.136566054355082489E+01
    0.414041036465939564E-03    0.933210941811202233E+00    0.201620002619987702E+02    0.263566447572056228E+01
    0.413753418490280943E-03    0.932600745695446820E+00    0.248684226241365742E+02    0.295120080196920576E+01
    0.413356538614149352E-03    0.932520103106939668E+00    0.260894794419063629E+02    0.303039909128450002E+01
    0.413422029643587105E-03    0.930203253918594042E+00    0.242784094234743009E+02    0.291051272442931941E+01
    0.413526709310884331E-03    0.927696912168865739E+00    0.250354784978952694E+02    0.133619054364423007E+01
    0.413330856470679969E-03    0.926644368427236076E+00    0.222038686680544330E+02    0.277227589722364254E+01
    0.413023901059450516E-03    0.926130197231625374E+00    0.269659341374801755E+02    0.140877304537755066E+01
    0.412649042059929933E-03    0.925946214231637921E+00    0.265302563794985531E+02    0.305247369856810602E+01
    0.412278912644950524E-03    0.925740937941547104E+00    0.230924732900669909E+02    0.126564656385658436E+01
    0.412047944252272205E-03    0.924861699187097264E+00    0.221438875366467052E+02    0.276660071314762890E+01
    0.411680095874570912E-03    0.924647960594998430E+00    0.219728522645373090E+02    0.275528233939961709E+01
    0.411377560842242753E-03    0.924118258786040703E+00    0.233293905519331410E+02    0.284282695279008468E+01
    0.411135698640472053E-03    0.923294469410931407E+00    0.217317622848904257E+02    0.121556236031315645E+01
    0.410943000099769516E-03    0.922232085454335659E+00    0.257493894334480338E+02    0.299805829281859282E+01
    0.411119224590400306E-03    0.919374610250907498E+00    0.237208527788971821E+02    0.286348403654762462E+01
    0.411066464520049729E-03    0.917631292268869858E+00    0.240659927127025348E+02    0.288413756609058769E+01
    0.410696205954521882E-03    0.917433557588922310E+00    0.230095959208455660E+02    0.281535072974789324E+01
    0.410293921809640660E-03    0.917393552787180044E+00    0.209446652537396893E+02    0.118573354743719905E+01
    0.409982236569582262E-03    0.916913456794600235E+00    0.225800117011851142E+02    0.278693522925943027E+01
    0.409799648553824602E-03    0.915804367033513866E+00    0.228707966560778289E+02    0.126454566370648624E+01
    0.409796084318675934E-03    0.913821762122380532E+00    0.225777612349974497E+02    0.125492083220659456E+01
    0.409429117728409974E-03    0.913613536173789487E+00    0.209061929760606660E+02    0.267004661560954570E+01
    0.409193322638041145E-03    0.912765691723174566E+00    0.239484993509825053E+02    0.130663261581687329E+01
    0.409055480260750296E-03    0.911439532628684601E+00    0.233045781610894345E+02    0.282844203080913159E+01
    0.408784871410716787E-03    0.910763061649239591E+00    0.220896338427026109E+02    0.274887414290787246E+01
    0.408514028846986065E-03    0.910088611327953378E+00    0.245085647308703898E+02    0.290524061274073064E+01
    0.408110889539349292E-03    0.910063272307881199E+00    0.236201913809589321E+02    0.284753638409509913E+01
    0.407733278461330892E-03    0.909914660696946154E+00    0.221108244149520416E+02    0.274938830427609382E+01
    0.407437450803607953E-03    0.909366271556248940E+00    0.249301442707760295E+02    0.293187795086210379E+01
    0.407214380016008551E-03    0.908461565446218255E+00    0.222421826785398089E+02    0.124580493988370145E+01
    0.406904622540951819E-03    0.907983492776425871E+00    0.238303159817924310E+02    0.285906361302537171E+01
    0.406904436588268283E-03    0.905984406763227668E+00    0.224003130502933629E+02    0.276418152344834223E+01
    0.406876505634264844E-03    0.904121696554941234E+00    0.221583332958142378E+02    0.124568858560599671E+01
    0.406476918185262322E-03    0.904086832346695735E+00    0.213149027331674255E+02    0.269001693975190292E+01
    0.406358318424121490E-03    0.902670467290798695E+00    0.248461859083962757E+02    0.291959415557138025E+01
    0.406074180349164017E-03    0.902069417170266563E+00    0.232161682074850297E+02    0.128728081946558914E+01
    0.405724488956700101E-03    0.901792462192829158E+00    0.272727720537087137E+02    0.143766663408071826E+01
    0.405414414407175125E-03    0.901321544638889138E+00    0.239633933110154835E+02    0.286089537607339217E+01
    0.405018344358026622E-03    0.901276401850158670E+00    0.217836403631987530E+02    0.123328475052763764E+01
    0.405127187683744820E-03    0.898739000496649010E+00    0.223282365717327416E+02    0.275207839381019204E+01
    0.404790222120782954E-03    0.898403197750873295E+00    0.222709147759592376E+02    0.125416473585534938E+01
    0.404429083278154162E-03    0.898188320098733284E+00    0.224103373390397458E+02    0.125969983804695884E+01
    0.404154578074199559E-03    0.897546275880593880E+00    0.208664097458739732E+02    0.119648495205569594E+01
    0.403756316634164216E-03    0.897518084776431024E+00    0.219213408865831916E+02    0.272440347291187557E+01
    0.403489664051577491E-03    0.896839380137036235E+00    0.226799089350527225E+02    0.277295481249270281E+01
    0.403207456252663678E-03    0.896238704881387460E+00    0.220916483561765027E+02    0.124881919574791711E+01
    0.402835418403490607E-03    0.896084948486001842E+00    0.208754716751825065E+02    0.264990626720830047E+01
    0.402439589947538345E-03    0.896051126419044275E+00    0.257848773060023504E+02    0.297373486794212383E+01
    0.402056592771862656E-03    0.895955409933678171E+00    0.247256933202706541E+02    0.290486757086866199E+01
    0.401677679266650655E-03    0.895841175149588498E+00    0.224051129322794580E+02    0.126120247998970147E+01
    0.401394025178359790E-03    0.895254020844604148E+00    0.232114622407157860E+02    0.280583060453487620E+01
    0.401039734962241952E-03    0.895020099276168102E+00    0.216942922847077355E+02    0.270708528598242726E+01
    0.400699224218026057E-03    0.894718960287165910E+00    0.235383705172610966E+02    0.282650268777035363E+01
    0.400517369577111509E-03    0.893626852836763352E+00    0.238621475488977097E+02    0.131738698827720402E+01
    0.400128150215100695E-03    0.893571380761020828E+00    0.237105294230731154E+02    0.131181465027504141E+01
    0.400468266714202714E-03    0.889872065039112536E+00    0.263060928841985735E+02    0.141063904444118848E+01
    0.400140848612677959E-03    0.889507910115098666E+00    0.219666083505350898E+02    0.271905366909830759E+01
    0.400042507541107154E-03    0.887999502804826535E+00    0.216381662609498164E+02    0.269615991301716473E+01
    0.399709315605449047E-03    0.887665979555809059E+00    0.226596881563282118E+02    0.276213583346700320E+01
    0.399408917627566186E-03    0.887169626848678172E+00    0.247605528090982148E+02    0.289801927927210912E+01
    0.399080090569699588E-03    0.886816873451089172E+00    0.222584695989360242E+02    0.273520139826180975E+01
    0.399021068410950787E-03    0.885112686372501400E+00    0.258912903002018453E+02    0.296928703254609605E+01
    0.398662059068204523E-03    0.884912946925194954E+00    0.225556627697315726E+02    0.275250953351603167E+01
    0.398385845261996371E-03    0.884299131197182842E+00    0.229501659458450611E+02    0.129053250823054411E+01
    0.398536720551683648E-03    0.881541841603629583E+00    0.218300911819216772E+02    0.124949772964436012E+01
    0.398383133106355891E-03    0.880312746966580462E+00    0.235832515207934001E+02    0.281440669647082231E+01
    0.398080081099027759E-03    0.879834735761679143E+00    0.221602956853702615E+02    0.272151760032361745E+01
    0.397937562500217908E-03    0.878550893758688223E+00    0.245250330560347400E+02    0.287369987424768025E+01
    0.397612602690602056E-03    0.878184781057991470E+00    0.213254858836847276E+02    0.123118711619966370E+01
    0.397638148164946746E-03    0.876056290896582102E+00    0.250660737013096195E+02    0.290619740712765884E+01
    0.397350008332424142E-03    0.875506072721805584E+00    0.208564746094992728E+02    0.121223740293305005E+01
    0.397017187008608411E-03    0.875181979507636987E+00    0.238079699547564694E+02    0.282359021238473273E+01
    0.396787126330329289E-03    0.874341261113216306E+00    0.240289030796309042E+02    0.133792788758059644E+01
    0.396410883107515210E-03    0.874238609551194923E+00    0.231653807494824591E+02    0.278087186361000338E+01
    0.396078194527011481E-03    0.873917818057343920E+00    0.215752319101399621E+02    0.267729043791323162E+01
    0.395705548658409660E-03    0.873800382074679693E+00    0.223209826904227988E+02    0.272558470206431558E+01
    0.395639801885523949E-03    0.872132711179645970E+00    0.242476995305055532E+02    0.284891138848424452E+01
    0.395382263117743579E-03    0.871435020120230996E+00    0.194539570479972497E+02    0.252094508405623952E+01
    0.395027740535098626E-03    0.871229140158032989E+00    0.205640521811681758E+02    0.260129064801334353E+01
    0.394696603651626234E-03    0.870906367941796100E+00    0.235734560840977565E+02    0.280383369034603724E+01
    0.394314536131037941E-03    0.870843311699404876E+00    0.237748922028094078E+02    0.133116463706923804E+01
    0.394035561794803810E-03    0.870258796259361755E+00    0.223975784788500363E+02    0.272680053159744018E+01
    0.393648556543255623E-03    0.870224077892845393E+00    0.209594295292407615E+02    0.262891689295108710E+01
    0.393382528602589769E-03    0.869576136055939752E+00    0.244748772499857097E+02    0.135803885437695016E+01
    0.393179455497005305E-03    0.868608848616194362E+00    0.197080216721569172E+02    0.253637816418685880E+01
    0.392878296886936518E-03    0.868141349880334312E+00    0.228652637490368491E+02    0.275491147654191249E+01
    0.392587940242536838E-03    0.867619996034184382E+00    0.242820235768755452E+02    0.135238284550059262E+01
    0.392295587846176058E-03    0.867109910903931413E+00    0.205933562829957317E+02    0.259903238375561019E+01
    0.392223498197098079E-03    0.865477471874935844E+00    0.222256415783965373E+02    0.127674419230461789E+01
    0.392186931865436312E-03    0.863663937175523921E+00    0.213171861242000915E+02    0.124168327686595670E+01
    0.391842890770985829E-03    0.863419182226790927E+00    0.247155435035394682E+02    0.137163097516276311E+01
    0.391583694117465797E-03    0.862742582111240219E+00    0.263077616229978410E+02    0.297264602331958860E+01
    0.391260882328733559E-03    0.862392011981417905E+00    0.246826513701562931E+02    0.286675801969736144E+01
    0.390929088470653259E-03    0.862088755178832544E+00    0.210045536050719797E+02    0.262350006343898245E+01
    0.390740124536798018E-03    0.861055731666500734E+00    0.246339566661357949E+02    0.137041708437280119E+01
    0.390396341911336802E-03    0.860816154652271015E+00    0.226819445545044651E+02    0.129787062416176413E+01
    0.390033030210373886E-03    0.860678266664836267E+00    0.210672238277582586E+02    0.123278099172161992E+01
    0.389718272839858235E-03    0.860292921934485366E+00    0.230477657443479984E+02    0.275835576322165910E+01
    0.389384479731548754E-03    0.860006652903240854E+00    0.202571866027548282E+02    0.256702227358306434E+01
    0.389056023208271659E-03    0.859694419875878690E+00    0.252325263804847673E+02    0.289955919943451601E+01
    0.388801433348057396E-03    0.859003605085390642E+00    0.207448045680292310E+02    0.121965581465052209E+01
    0.388476660339666694E-03    0.858674940119451557E+00    0.229396087527947365E+02    0.274959087647809142E+01
    0.388101530085225026E-03    0.858607161694759147E+00    0.250583555764278039E+02    0.288707945503191743E+01
    0.387857971115680461E-03    0.857862685866621288E+00    0.206291081501781193E+02    0.121535702645200550E+01
    0.387577654827740757E-03    0.857308666890818083E+00    0.242113362501372364E+02    0.283068471593365922E+01
    0.387229109472666394E-03    0.857108059434388947E+00    0.247814681748101577E+02    0.137890752027472185E+01
    0.386927795388099639E-03    0.856664922638300519E+00    0.229950233671729372E+02    0.131310268998251023E+01
    0.386678512007003743E-03    0.855953864506248330E+00    0.235253805777617266E+02    0.278468403444201140E+01
    0.386347551379726862E-03    0.855666410373191022E+00    0.236797217888137546E+02    0.133922857542247065E+01
    0.385993292265544342E-03    0.855501139907190344E+00    0.246484739774561881E+02    0.137522110367998773E+01
    0.385609824445166569E-03    0.855489041944624162E+00    0.249466742907339381E+02    0.138627040520768485E+01
    0.385475234799850114E-03    0.854187225083056445E+00    0.248259131937676187E+02    0.286720916879036380E+01
    0.385149198148978828E-03    0.853879549678056238E+00    0.221630921746790825E+02    0.269398935004896023E+01
    0.384790702138151312E-03    0.853742012120201066E+00    0.217077116112982651E+02    0.126566412610664147E+01
    0.384536704346658139E-03    0.853062634776169615E+00    0.199888053875530858E+02    0.254003825323654553E+01
    0.384486680412311852E-03    0.851322829383526880E+00    0.215222590490903301E+02    0.264943639937969655E+01
    0.384145200568754709E-03    0.851099908239909997E+00    0.240731384479954791E+02    0.281498103098657015E+01
    0.384430369563119206E-03    0.847615765269274180E+00    0.249528349184602725E+02    0.286829599955140901E+01
    0.384174416637342666E-03    0.846947804516660852E+00    0.223267493535318415E+02    0.269706443826110309E+01
    0.383994454694130515E-03    0.845884900268459528E+00    0.237189124101851618E+02    0.278628833133685427E+01
    0.383637914580433833E-03    0.845742769496597546E+00    0.217072414193275307E+02    0.127178926428475481E+01
    0.383309776086533877E-03    0.845454169206964479E+00    0.229956462402148318E+02    0.273885759437287479E+01
    0.383052190598919505E-03    0.844798627875439356E+00    0.233904752666803297E+02    0.276377341271820365E+01
    0.382886418304796488E-03    0.843664348938591990E+00    0.246351311498763081E+02    0.138391811601898329E+01
    0.382591859303411464E-03    0.843203564482740475E+00    0.258955730153144614E+02    0.292466770118761987E+01
    0.382409172251607621E-03    0.842158789627522886E+00    0.256691271780911237E+02    0.142337765622791723E+01
    0.382408360791853684E-03    0.840163033566661444E+00    0.252569741236753593E+02    0.287985728445056566E+01
    0.382045957531582689E-03    0.840059305345011387E+00    0.212069407014917459E+02    0.261420999642023721E+01
    0.381799454288693843E-03    0.839350159476707880E+00    0.230142092256781723E+02    0.132717006214646815E+01
    0.381497969068767082E-03    0.838930069097214570E+00    0.228840869227328128E+02    0.272443362890744467E+01
    0.381217074108444905E-03    0.838403201038230517E+00    0.233871584281280391E+02    0.134184531030270304E+01
    0.380860567982411330E-03    0.838274433743839253E+00    0.227679970433203493E+02    0.271617141292166941E+01
    0.380527012930902467E-03    0.838026787374023918E+00    0.227636298455746378E+02    0.271561387314345826E+01
    0.380153988769891908E-03    0.837988314952998747E+00    0.242204617904150474E+02    0.137302273140705600E+01
    0.379898873464465077E-03    0.837330933750742856E+00    0.192669826438664522E+02    0.117035312042705897E+01
    0.379530348162599980E-03    0.837271998541535112E+00    0.235155953954702106E+02    0.276360031466344758E+01
    0.379406832498679686E-03    0.835922991367592960E+00    0.228867661706783139E+02    0.272127743202915440E+01
    0.379266123405686342E-03    0.834664860936110475E+00    0.234814826194604720E+02    0.134828882972709541E+01
    0.378984414535250814E-03    0.834150960156872401E+00    0.245154875483034083E+02    0.282505520378354857E+01
    0.378779885232948454E-03    0.833230606201711188E+00    0.246328747652325717E+02    0.283165247806037090E+01
    0.378829625702223121E-03    0.830967988224262655E+00    0.227375390306843315E+02    0.132305396891946447E+01
    0.378468454238910994E-03    0.830875672927315234E+00    0.225799487695611383E+02    0.269573801120647349E+01
    0.378142223276067054E-03    0.830600369618775480E+00    0.219425203207367403E+02    0.265404480379797958E+01
    0.378144621912296689E-03    0.828587683235334715E+00    0.235909443648493031E+02    0.275881841079445955E+01
    0.377847550861308936E-03    0.828159504092734089E+00    0.213447012224337236E+02    0.127031727182285525E+01
    0.377474940020635101E-03    0.828132758565574889E+00    0.251771341379701354E+02    0.141625719133771155E+01
    0.377135711166146331E-03    0.827930924954079828E+00    0.256016988297224799E+02    0.288863244621706494E+01
    0.376788311756989715E-03    0.827774078498306087E+00    0.252745818154288280E+02    0.286721816911855631E+01
    0.376733760738067185E-03    0.826063657376008176E+00    0.204333086275410949E+02    0.254247599186636597E+01
    0.376778872108143056E-03    0.823824184973578566E+00    0.256196213012335541E+02    0.143608823296372456E+01
    0.376596187792754367E-03    0.822794136482049798E+00    0.186785349435151353E+02    0.241144150129760870E+01
    0.376333940150463302E-03    0.822187347581654349E+00    0.228832837801782389E+02    0.133562577521613735E+01
    0.375991751932826983E-03    0.822006709833114746E+00    0.229503605001794284E+02    0.270982249469158587E+01
    0.375657311167168148E-03    0.821786480761600546E+00    0.212511614763895231E+02    0.259700910127925111E+01
    0.375368376095487112E-03    0.821325363336908421E+00    0.224733148086810566E+02    0.132049458743885961E+01
    0.375302102082147198E-03    0.819678509040381975E+00    0.220329351693313846E+02    0.264762218419956330E+01
    0.374963526594729432E-03    0.819483605781852198E+00    0.214126781701446021E+02    0.128024333602894713E+01
    0.374990069290464547E-03    0.817342035978733783E+00    0.248896049187112425E+02    0.283044083599116503E+01
    0.375012653307254628E-03    0.815221588326417779E+00    0.192882208977185741E+02    0.244709507072160992E+01
    0.375045338196812689E-03    0.813047282392857840E+00    0.250093797977439998E+02    0.283331790918876303E+01
    0.374682130955007677E-03    0.812985091984562480E+00    0.234861361127250099E+02    0.136586898631700793E+01
    0.374596599515708009E-03    0.811441698778279985E+00    0.227675878464758839E+02    0.133977848095453078E+01
    0.374255520835769032E-03    0.811263573587830855E+00    0.223704516316159641E+02    0.132459977675281459E+01
    0.373971989639804094E-03    0.810779322236778621E+00    0.256321395894876467E+02    0.144711842213882047E+01
    0.373661184179721400E-03    0.810442199106735428E+00    0.239809664996308847E+02    0.276356114352759308E+01
    0.373309261860042927E-03    0.810326730670790973E+00    0.182760162489201221E+02    0.236803251812194526E+01
    0.372972281299978434E-03    0.810132915406498011E+00    0.237350560856132091E+02    0.137741312351527445E+01
    0.372667463982045142E-03    0.809768114371311798E+00    0.212223038369500969E+02    0.258121488015192480E+01
    0.372670924443882251E-03    0.807749543145732440E+00    0.251777017179482918E+02    0.283816247321003079E+01
    0.372301923501166068E-03    0.807730828632367670E+00    0.181723861045219337E+02    0.114503773184850410E+01
    0.371970523525925686E-03    0.807511896833802423E+00    0.194451467311908672E+02    0.244964190771288548E+01
    0.371768203666787830E-03    0.806600020158534825E+00    0.216069064345925206E+02    0.260499911851192500E+01
    0.371639801010647565E-03    0.805290906759731917E+00    0.226070594639739646E+02    0.266842222119861860E+01
    0.371553112261136366E-03    0.803757481444939303E+00    0.247630369260734255E+02    0.142070990063767022E+01
    0.371397155219243364E-03    0.802597144884117042E+00    0.229269877010861656E+02    0.268607217579612012E+01
    0.371084987491702490E-03    0.802278897093180010E+00    0.195301155905124304E+02    0.244975227581542887E+01
    0.370781522676010803E-03    0.801915120475551801E+00    0.240064642344117836E+02    0.139422278271065636E+01
    0.370489166660030174E-03    0.801492714384718807E+00    0.227522313903658464E+02    0.267344261509947589E+01
    0.370121530999535685E-03    0.801478295699374454E+00    0.258049944457691893E+02    0.287155760297147422E+01
    0.369759240175538903E-03    0.801436940211200932E+00    0.235372707344942746E+02    0.272434717974967144E+01
    0.369534762352658787E-03    0.800651492630168216E+00    0.230137821322412783E+02    0.135806009452159815E+01
    0.369176670815652352E-03    0.800590499116169307E+00    0.237056626600179072E+02    0.273429517712493153E+01
    0.369200336157189462E-03    0.798462297174201030E+00    0.246104159171737393E+02    0.279055525242831015E+01
    0.368968982174274157E-03    0.797715960715813299E+00    0.234037488791424657E+02    0.137539472389615147E+01
    0.368863831704500933E-03    0.796286011104017422E+00    0.242378489372421377E+02    0.140746659801692164E+01
    0.368694249883680240E-03    0.795205704497906396E+00    0.248201219674094418E+02    0.280035801942729190E+01
    0.368808163432702684E-03    0.792587870316641685E+00    0.275601644317977730E+02    0.152977654676188113E+01
    0.368470732717849855E-03    0.792418551977007501E+00    0.232770514572813774E+02    0.269689531448703779E+01
    0.368304677734307819E-03    0.791320074932323703E+00    0.247812516528184723E+02    0.279326157891428650E+01
    0.368112621261253625E-03    0.790363268663199503E+00    0.239617770629752727E+02    0.140220876232696101E+01
    0.367761615792149021E-03    0.790271233247620275E+00    0.226334767874123415E+02    0.135196499112636936E+01
    0.367560301185667509E-03    0.789366343331294740E+00    0.237625099219622236E+02    0.139567110772811898E+01
    0.367346817401376677E-03    0.788528306713529581E+00    0.247163695440777964E+02    0.143169167345902415E+01
    0.367024119548860098E-03    0.788285989960820777E+00    0.193883014290377815E+02    0.242304055231250048E+01
    0.366674621745461424E-03    0.788191392329218976E+00    0.230504759402780941E+02    0.267718833220908037E+01
    0.366334306798758226E-03    0.788048477327128016E+00    0.224130962511034220E+02    0.263563638141591472E+01
    0.366265947143808320E-03    0.786421721288076414E+00    0.231651319894156273E+02    0.268253148636760264E+01
    0.366094605739498459E-03    0.785357552180525609E+00    0.189706462570654537E+02    0.119914006453179400E+01
    0.366341532499750791E-03    0.782009029043978510E+00    0.222313351091260252E+02    0.261664066133886974E+01
    0.366088558054133539E-03    0.781390591374317878E+00    0.203875494042099277E+02    0.248734332120207258E+01
    0.365893557583242112E-03    0.780456193778199969E+00    0.210846657242432549E+02    0.253681587492257732E+01
    0.365547733639108368E-03    0.780347385725044695E+00    0.257111234071916996E+02    0.147546556181490862E+01
    0.365237949046734510E-03    0.780043010684835281E+00    0.252054918020680461E+02    0.280738436688115289E+01
    0.364964628536946134E-03    0.779540241896846675E+00    0.218682979787577523E+02    0.259011018316827402E+01
    0.364605060655755859E-03    0.779511639095155640E+00    0.252969106209736339E+02    0.146084500984891275E+01
    0.364305332273472560E-03    0.779156441540377109E+00    0.224016278244659723E+02    0.262427597579893224E+01
    0.364178399661986498E-03    0.777853410365753506E+00    0.227710621807156777E+02    0.264669417551071673E+01
    0.363856942069074355E-03    0.777619575250207307E+00    0.234318764755027011E+02    0.268931651503220559E+01
    0.363630038712065874E-03    0.776867176212773236E+00    0.240331837582979055E+02    0.141632593883298963E+01
    0.363340996584600570E-03    0.776457567734177845E+00    0.238067110554235448E+02    0.271225184937422803E+01
    0.363004822092107546E-03    0.776308887080149335E+00    0.220182228465586434E+02    0.259595308699712790E+01
    0.362700160995421239E-03    0.775988143095611371E+00    0.237948079264682448E+02    0.140825626861749198E+01
    0.362357721379893321E-03    0.775877314425740705E+00    0.250991461821505695E+02    0.279546381948771838E+01
    0.362006457536768241E-03    0.775817023102045589E+00    0.229523901376175949E+02    0.265601080432056902E+01
    0.361723017023554542E-03    0.775383578217773151E+00    0.234161481484699507E+02    0.139469846676378451E+01
    0.361518976508144437E-03    0.774512055394911525E+00    0.239318792851519113E+02    0.141460185453301301E+01
    0.361190642165449616E-03    0.774329296271762280E+00    0.267800767230176504E+02    0.289400172771528563E+01
    0.360955897940486441E-03    0.773629554433744593E+00    0.257016186365043566E+02    0.283055685150580860E+01
    0.360726082597889806E-03    0.772903330731554039E+00    0.221327369772250222E+02    0.259926613387984107E+01
    0.360366996044425851E-03    0.772895232158976375E+00    0.224761345602587603E+02    0.136055330582304101E+01
    0.360134358462520753E-03    0.772186763887788508E+00    0.195123949460481576E+02    0.123448645155152903E+01
    0.359904595686133099E-03    0.771463154743367685E+00    0.227506827695114211E+02    0.263763717683057042E+01
    0.359545749334324910E-03    0.771458268841628048E+00    0.248639524402990233E+02    0.277483728150422504E+01
    0.359233652188077721E-03    0.771195086369842464E+00    0.254328172071901690E+02    0.147303619026332111E+01
    0.359135708363269473E-03    0.769740453868878793E+00    0.239042892253418842E+02    0.271043807636632517E+01
    0.358887160725243832E-03    0.769125076329452595E+00    0.219039820808472534E+02    0.257981537634013458E+01
    0.358578447178813531E-03    0.768846210065173397E+00    0.241702743440717640E+02    0.272661606325942119E+01
    0.358281079307877710E-03    0.768505491288355547E+00    0.248134757121566487E+02    0.145244225608293576E+01
    0.358007623871970282E-03    0.768032559622614741E+00    0.258142111084963979E+02    0.148990316158051250E+01
    0.357657285179779850E-03    0.767990675583154481E+00    0.239577782808753099E+02    0.271177400439962257E+01
    0.357741426482616166E-03    0.765520217351274290E+00    0.235774012026874189E+02    0.140928398940903610E+01
    0.357426923266399791E-03    0.765279261842469527E+00    0.183922375676157053E+02    0.119041791362369676E+01
    0.357209985556115330E-03    0.764493516042243693E+00    0.247323991843139730E+02    0.275777835266419169E+01
    0.356960009032211310E-03    0.763893611459363742E+00    0.238539619557198463E+02    0.142094673541916627E+01
    0.356647985431292368E-03    0.763642603192765779E+00    0.210843241599619482E+02    0.131203119012249747E+01
    0.356305465154652221E-03    0.763564301181409721E+00    0.207185556145893415E+02    0.248971641328397286E+01
    0.355970585851901817E-03    0.763444916580169775E+00    0.258149495426771693E+02    0.149393988445483838E+01
    0.355644232292113888E-03    0.763279356079369253E+00    0.234938021370647228E+02    0.140810070160129275E+01
    0.355756295882481859E-03    0.760649254824874554E+00    0.203340947457790975E+02    0.128113810299998421E+01
    0.355586681234454881E-03    0.759603026249854429E+00    0.219807763344276310E+02    0.257308889580246269E+01
    0.355324642714284586E-03    0.759077407221100620E+00    0.213731506619820202E+02    0.253167712047159421E+01
    0.355190321946582802E-03    0.757833595484421529E+00    0.247224238329908488E+02    0.274889666568647861E+01
    0.354850406867270160E-03    0.757748500314299411E+00    0.228292632025048192E+02    0.138728309833870833E+01
    0.354624827373301434E-03    0.757020310749377923E+00    0.227569228083800432E+02    0.262027302046172350E+01
    0.354477523466954585E-03    0.755851242466407225E+00    0.233083009051163081E+02    0.265461524085907019E+01
    0.354189907776650379E-03    0.755474659563967199E+00    0.241952263089626953E+02    0.271172994221331987E+01
    0.353956505857004990E-03    0.754793041884928018E+00    0.218735014729392390E+02    0.256013870655118403E+01
    0.353614988363154753E-03    0.754723687894073625E+00    0.210148497729999733E+02    0.250025360633836735E+01
    0.353264551005790200E-03    0.754706698387636266E+00    0.208674592538802131E+02    0.248953564437721830E+01
    0.352936652385738784E-03    0.754563951771199393E+00    0.233532315915044251E+02    0.141029550924077807E+01
    0.352596282231188774E-03    0.754493671359212636E+00    0.228625058929336333E+02    0.262397667771916465E+01
    0.352371144700993569E-03    0.753771106481700648E+00    0.261756538970988260E+02    0.151584616587071008E+01
    0.352080001773186040E-03    0.753424268355822102E+00    0.226043455505558519E+02    0.260587756970859719E+01
    0.351779380915639940E-03    0.753132682753576255E+00    0.253042305913658048E+02    0.148415350803908974E+01
    0.351530541983874247E-03    0.752547927635211833E+00    0.245696786881691764E+02    0.273238064414619730E+01
    0.351193604124747430E-03    0.752465823223678498E+00    0.226838541848501336E+02    0.260983873266832056E+01
    0.350941794682811377E-03    0.751900358233087429E+00    0.231687696296222150E+02    0.140552858910483058E+01
    0.350661423080440957E-03    0.751498820783898402E+00    0.242699071019625379E+02    0.144732019583932647E+01
    0.350461197008508944E-03    0.750641137814513026E+00    0.240726314992083843E+02    0.144078436236018081E+01
    0.350240218864002477E-03    0.749902606090924517E+00    0.217817364764159684E+02    0.135378251249020742E+01
    0.349938128069394766E-03    0.749628399610137941E+00    0.234004822788157831E+02    0.265279971039463192E+01
    0.349634048099489269E-03    0.749367062178046162E+00    0.196515203526345275E+02    0.239458879354028209E+01
    0.349351405027454904E-03    0.748984509786834174E+00    0.243341265761645964E+02    0.271260569374940941E+01
    0.349130020348047154E-03    0.748252315508022847E+00    0.223364554410854623E+02    0.137665131221663484E+01
    0.348827433989129152E-03    0.747986440566772548E+00    0.220756734675235293E+02    0.136682622168241652E+01
    0.348485543303497347E-03    0.747947630013609088E+00    0.196666354500473304E+02    0.126252529016232296E+01
    0.348253098095030120E-03    0.747282105831535759E+00    0.240686990163803536E+02    0.269322206511267037E+01
    0.347907117724973814E-03    0.747270041313403466E+00    0.223975230432311250E+02    0.258470411039988202E+01
    0.347560389488722862E-03    0.747264258218599542E+00    0.251018689357576967E+02    0.148192218688792554E+01
    0.347223871734452817E-03    0.747201652597577981E+00    0.245662153408725494E+02    0.146214761089186362E+01
    0.346978144429380575E-03    0.746617536214126076E+00    0.225566860032466501E+02    0.138660486986588438E+01
    0.346712785861901809E-03    0.746147661916297000E+00    0.241966671130589255E+02    0.144941661150121814E+01
    0.346371136100024637E-03    0.746119427693758719E+00    0.231237932928831285E+02    0.140893001214209646E+01
    0.346162907895240335E-03    0.745322130797508420E+00    0.245305742376622824E+02    0.146252412584211711E+01
    0.345889553843431452E-03    0.744902092324373655E+00    0.251819253641447673E+02    0.148701822865619970E+01
    0.345548890049112041E-03    0.744872846625843854E+00    0.207498564864503123E+02    0.246861266328076567E+01
    0.345308096905518991E-03    0.744267017389937058E+00    0.228177864244956083E+02    0.139878005491277624E+01
    0.345252349900473173E-03    0.742589926154544999E+00    0.241012814742032440E+02    0.144910600286653080E+01
    0.344936838386185785E-03    0.742418477175779801E+00    0.261803904206030005E+02    0.281724115110890416E+01
    0.344662644612458709E-03    0.742008929575533438E+00    0.214430859183852291E+02    0.251527647023452205E+01
    0.344422633379004345E-03    0.741402146065951007E+00    0.229604532665267627E+02    0.140685698426332784E+01
    0.344331622352211995E-03    0.739930700490514903E+00    0.236293333914301265E+02    0.265533759780380851E+01
    0.344036804007328471E-03    0.739643843346152075E+00    0.213413226887674625E+02    0.250486599318633507E+01
    0.343761437796193223E-03    0.739245279401857580E+00    0.227885265649705033E+02    0.140216868783034521E+01
    0.343493779575838453E-03    0.738803118336347708E+00    0.277091889652718990E+02    0.158030892667740108E+01
    0.343153304319598342E-03    0.738786526069973082E+00    0.236600729954689371E+02    0.143621001202697429E+01
    0.342969272952433864E-03    0.737859403585892859E+00    0.238108492045451179E+02    0.266446447083697491E+01
    0.342657615831032012E-03    0.737677635326620118E+00    0.209477098952473177E+02    0.247377552041740412E+01
    0.342437762488751732E-03    0.736961271776602200E+00    0.245032644457286146E+02    0.270826457794503961E+01
    0.342184645458884734E-03    0.736440142689727573E+00    0.254629761896095133E+02    0.150513276885209657E+01
    0.341891307639349091E-03    0.736155378175829656E+00    0.215067688599086253E+02    0.251238836420568656E+01
    0.341600573326729579E-03    0.735856842894180185E+00    0.248740294886081870E+02    0.148386439623818500E+01
    0.341282366170815392E-03    0.735720747587415014E+00    0.225071057053520391E+02    0.139450495669688679E+01
    0.340944078938260910E-03    0.735704178529868136E+00    0.254728224944091579E+02    0.276708241415535472E+01
    0.340826545636562644E-03    0.734393755338271004E+00    0.239123627046415628E+02    0.144960747296616344E+01
    0.340534240652687640E-03    0.734109762526785059E+00    0.226282332819392558E+02    0.258284529706421884E+01
    0.340311396900732266E-03    0.733418980050573266E+00    0.240215579924877716E+02    0.267241368907941190E+01
    0.340030701103310453E-03    0.733069301641349425E+00    0.261888307510236480E+02    0.153510830542713972E+01
    0.339871024239945065E-03    0.732008713090801733E+00    0.236310642170377605E+02    0.264523084502054173E+01
    0.339547440132737487E-03    0.731913778370163137E+00    0.229973524802710969E+02    0.260396317432475000E+01
    0.339288031991890129E-03    0.731442326385701058E+00    0.246309986801868526E+02    0.147893853574375767E+01
    0.339090135519750540E-03    0.730609206378317499E+00    0.227980184276157445E+02    0.258932429608639092E+01
    0.338790138473133351E-03    0.730379413169821690E+00    0.227626777012464174E+02    0.258673045111514766E+01
    0.338487705650202333E-03    0.730165580224697131E+00    0.234808099116459275E+02    0.263307723265476046E+01
    0.338377464560880598E-03    0.728817060579527554E+00    0.243315294006436922E+02    0.147028817296461201E+01
    0.338055811053530842E-03    0.728719116809950718E+00    0.241947011092115325E+02    0.146531364118217033E+01
    0.337749172334008427E-03    0.728534070816354018E+00    0.205554444068827245E+02    0.131978209832725124E+01
    0.337512962816862686E-03    0.727933287591394196E+00    0.213002886550357609E+02    0.135359116503147803E+01
    0.337265744436396374E-03    0.727398765911308365E+00    0.261481216172694175E+02    0.153886324644558936E+01
    0.336975888704291301E-03    0.727118361591579720E+00    0.238337313909652195E+02    0.265200861362132612E+01
    0.336679534454130955E-03    0.726878040258578495E+00    0.237754138316597050E+02    0.145150673610658076E+01
    0.336386438822028019E-03    0.726619894176430803E+00    0.234085006102294066E+02    0.143762414845107767E+01
    0.336057045177792996E-03    0.726579277698927717E+00    0.218503645507657858E+02    0.252252981915641117E+01
    0.335910923829550051E-03    0.725449089102495948E+00    0.231322023810608890E+02    0.260427027871036465E+01
    0.335596280459420082E-03    0.725323340882087830E+00    0.212672452066176518E+02    0.248090152834392619E+01
    0.335274667466776012E-03    0.725240925885696441E+00    0.252261034319562896E+02    0.273834053122679144E+01
    0.334963656261508486E-03    0.725097049097787494E+00    0.210501289206214857E+02    0.134504335103373873E+01
    0.334630670248968942E-03    0.725086229870741894E+00    0.228762152802038550E+02    0.258717294217361582E+01
    0.334380593606074458E-03    0.724581431330346692E+00    0.236086849791282773E+02    0.263406494007259040E+01
    0.334078484274706513E-03    0.724389226972122713E+00    0.250486485934161536E+02    0.272686183048303299E+01
    0.333752633876782971E-03    0.724340920536059363E+00    0.250674058007682135E+02    0.272788231712151852E+01
    0.333601193839924031E-03    0.723248625163959158E+00    0.250749845649398360E+02    0.272679685291338858E+01
    0.333342729843729921E-03    0.722798764538225225E+00    0.217943079274191938E+02    0.251391393249847761E+01
    0.333020704971892501E-03    0.722731793153468915E+00    0.246316806658303022E+02    0.148709306226858606E+01
    0.332861711589300772E-03    0.721686877004147798E+00    0.227302697713861193E+02    0.257321195873561370E+01
    0.332803150510443523E-03    0.720038772273558725E+00    0.239801641308516871E+02    0.265217776366052727E+01
    0.332787504299465276E-03    0.718132801303884127E+00    0.216148888793985847E+02    0.137632529807976089E+01
    0.332613042918442450E-03    0.717181561397411071E+00    0.197082751307009794E+02    0.235697518688840679E+01
    0.332289843111291329E-03    0.717125904485070631E+00    0.199555636482494592E+02    0.130361411051208975E+01
    0.331973581813514739E-03    0.717030337634978476E+00    0.259588942039298516E+02    0.154162107091836287E+01
    0.331755570004962214E-03    0.716344197758832069E+00    0.232788393740890136E+02    0.260172144668800431E+01
    0.331483651575231796E-03    0.715984139644717521E+00    0.269767206017596415E+02    0.282687027747265240E+01
    0.331250119279359666E-03    0.715393648656009296E+00    0.250939804199659307E+02    0.151115871404190605E+01
    0.331064256737293480E-03    0.714516152129777371E+00    0.235353125504116782E+02    0.261592507765817661E+01
    0.330770446696514446E-03    0.714291882888956398E+00    0.199038508602440665E+02    0.130397748360692800E+01
    0.330563793681510080E-03    0.713541798644795056E+00    0.207950826576353229E+02    0.243097421404644720E+01
    0.330344819300955252E-03    0.712867091638440309E+00    0.217064175685539062E+02    0.138482382903768730E+01
    0.330031651916881587E-03    0.712763993912742810E+00    0.209778964276581377E+02    0.135337775275265337E+01
    0.329737189962090035E-03    0.712549237201948849E+00    0.251851786456970643E+02    0.151725512152515085E+01
    0.329428273171332713E-03    0.712423830642649802E+00    0.272205174562613728E+02    0.283594902543626048E+01
    0.329146418573915054E-03    0.712135737390170442E+00    0.251071441848875949E+02    0.271296900406407193E+01
    0.328831629941851473E-03    0.712049410083571255E+00    0.222843685945128591E+02    0.253138933706069613E+01
    0.328730015409946382E-03    0.710667539400746229E+00    0.210821411528699585E+02    0.244793349632200963E+01
    0.328450734648942741E-03    0.710367411332722076E+00    0.250648536730702673E+02    0.270798851030573884E+01
    0.328139002722719806E-03    0.710266508634424421E+00    0.235884093525587666E+02    0.145990784673770957E+01
    0.327936504857856447E-03    0.709501109645754635E+00    0.232547054655173184E+02    0.144776242083265094E+01
    0.327617945412840669E-03    0.709444865621809195E+00    0.145912595556911224E+02    0.195663388566564533E+01
    0.327347773507736834E-03    0.709094856835830956E+00    0.224365398469485342E+02    0.141658312329698344E+01
    0.327021861862583022E-03    0.709087074411242080E+00    0.221687263269068637E+02    0.251987689205883925E+01
    0.326833840763740644E-03    0.708237304367350662E+00    0.234606911205098143E+02    0.145691730402451380E+01
    0.326691599613443526E-03    0.707107912571749209E+00    0.226019256812067404E+02    0.254531464489759651E+01
    0.326382986625478643E-03    0.706998128589615638E+00    0.245335064196067734E+02    0.149848037480493668E+01
    0.326103175380399119E-03    0.706713483050899649E+00    0.248290126862279301E+02    0.268905976875438002E+01
    0.325868328794442727E-03    0.706154322686383562E+00    0.252897985084775954E+02    0.271497707539943534E+01
    0.325753283972061980E-03    0.704860528995811197E+00    0.214478714700254685E+02    0.246658363218465793E+01
    0.325518362619576086E-03    0.704303376163479267E+00    0.210102895971255315E+02    0.136291249911744394E+01
    0.325252354983417006E-03    0.703938407634840391E+00    0.203620601521127931E+02    0.238652028368468239E+01
    0.325087996133824786E-03    0.702949317401137086E+00    0.196434590135742937E+02    0.233301269957015256E+01
    0.324817336349604829E-03    0.702615158786587202E+00    0.255117731361736766E+02    0.272272348832758304E+01
    0.324591965480648984E-03    0.702003318009924548E+00    0.222122904911344143E+02    0.251303562733661323E+01
    0.324352211930934906E-03    0.701481125001464756E+00    0.253164809977223975E+02    0.270974657190240853E+01
    0.324037571527915815E-03    0.701422182283587770E+00    0.229597600884806070E+02    0.144415274984029107E+01
    0.323747523579208244E-03    0.701213195817410151E+00    0.235450363898236645E+02    0.259847843315235272E+01
    0.323502232944959472E-03    0.700729090685064615E+00    0.239112232754188909E+02    0.148153524302400408E+01
    0.323238717681156797E-03    0.700358894878684524E+00    0.252356245301369633E+02    0.270342005423528375E+01
    0.322928663655875042E-03    0.700278236882222016E+00    0.239521726159144173E+02    0.262362366862379437E+01
    0.322697811628279549E-03    0.699708488250666338E+00    0.200040349892894440E+02    0.235472016996953659E+01
    0.322426197675425514E-03    0.699392592174812311E+00    0.233569594918459664E+02    0.146144948381928153E+01
    0.322262773245155377E-03    0.698406565989392658E+00    0.236122022427525700E+02    0.147225826220552891E+01
    0.321971610729309516E-03    0.698214370992654820E+00    0.219730444535948592E+02    0.249227406006098917E+01
    0.321716090039177660E-03    0.697802226117167690E+00    0.249170953419765766E+02    0.268120287834010451E+01
    0.321421913894596946E-03    0.697631856232692749E+00    0.245281726278528112E+02    0.150744592411097633E+01
    0.321129481730720711E-03    0.697452300082313958E+00    0.245311221970393198E+02    0.265730328929084747E+01
    0.320837482191231582E-03    0.697271705603301650E+00    0.238069704905886468E+02    0.148088117331086222E+01
    0.320541213368348143E-03    0.697119405540978287E+00    0.244508706079561797E+02    0.265163089604392077E+01
    0.320305950816630674E-03    0.696587852780444550E+00    0.237264577429244738E+02    0.260385937564169767E+01
    0.320195781409605810E-03    0.695275872203843570E+00    0.237874222740958992E+02    0.148208214681219719E+01
    0.320046217117698757E-03    0.694210295718520554E+00    0.212629639844019849E+02    0.243845037318932389E+01
    0.319786974608122793E-03    0.693830983904769050E+00    0.244898106767937840E+02    0.150979374247324660E+01
    0.319632060578752225E-03    0.692800076308189738E+00    0.243557086980383701E+02    0.263942952979406531E+01
    0.319386322137465094E-03    0.692338300935484652E+00    0.239501409136074237E+02    0.149125266641142629E+01
    0.319129757848100003E-03    0.691945554448546218E+00    0.222777374137922983E+02    0.250331734320837773E+01
    0.318892869869681151E-03    0.691430692931192081E+00    0.206238798265253322E+02    0.135823098908286877E+01
    0.318616555188742934E-03    0.691164406582318813E+00    0.239336104421686677E+02    0.149177564398607743E+01
    0.318303219236957017E-03    0.691132227269652066E+00    0.221921128356409767E+02    0.249661593491337808E+01
    0.318207983960247087E-03    0.689730710230805677E+00    0.253235356974626882E+02    0.269282746825974417E+01
    0.317905198498697839E-03    0.689634682622851436E+00    0.261606067869301029E+02    0.274123161126557768E+01
    0.317760922628141794E-03    0.688542554653411965E+00    0.212884416132524663E+02    0.139076852729298128E+01
    0.317571428973963392E-03    0.687735591081268471E+00    0.206719767445950566E+02    0.238645666440395399E+01
    0.317374538118071466E-03    0.686975954024896085E+00    0.257442508545532505E+02    0.271310373875209265E+01
    0.317077596460120363E-03    0.686848068017099855E+00    0.242063530015380870E+02    0.150630005748812001E+01
    0.316881432472516163E-03    0.686085775723192959E+00    0.230343841248847063E+02    0.146213592856460828E+01
    0.316595093251150969E-03    0.685893825298764304E+00    0.224020798172100903E+02    0.143793200290258838E+01
    0.316588123093386584E-03    0.683937857784743142E+00    0.232396532382225978E+02    0.255443982942431802E+01
    0.316321969736663090E-03    0.683619950552255440E+00    0.209646500395267203E+02    0.138123811441038713E+01
    0.316012167354884626E-03    0.683579689167631233E+00    0.224989655484487372E+02    0.250583864341687734E+01
    0.315721656899517673E-03    0.683419137775208130E+00    0.228243809536558757E+02    0.252673721278049213E+01
    0.315580648337132987E-03    0.682312583362582048E+00    0.216609620572128954E+02    0.244961833555350417E+01
    0.315293763687709281E-03    0.682131548682661570E+00    0.229321941530629090E+02    0.146216694202907282E+01
    0.315064026015486360E-03    0.681589372706726149E+00    0.217547000133828021E+02    0.245466784175108099E+01
    0.314827868163413771E-03    0.681089045049277253E+00    0.243759241296506950E+02    0.262413528196081991E+01
    0.314532903983595678E-03    0.680963735779640311E+00    0.209652144150730564E+02    0.138394314191927359E+01
    0.314254044401149075E-03    0.680737688635709937E+00    0.216104344668760433E+02    0.141257866693665202E+01
    0.314018386430080373E-03    0.680238044026525990E+00    0.254682918677793708E+02    0.268690941954396090E+01
    0.313814276106214865E-03    0.679538456338547481E+00    0.250223383234117911E+02    0.265997899257681336E+01
    0.313518471732476475E-03    0.679424564766232142E+00    0.193326395385082819E+02    0.131261244622961870E+01
    0.313511271857262763E-03    0.677470494805608281E+00    0.229547084551486549E+02    0.252664495005981582E+01
    0.313210257590724702E-03    0.677391694416797030E+00    0.236224114226698774E+02    0.149360591064547510E+01
    0.313011954139309908E-03    0.676658359535535991E+00    0.247351703000629222E+02    0.153628244546184511E+01
    0.312807204759616125E-03    0.675967040384320650E+00    0.252963819889013379E+02    0.155777397588657829E+01
    0.312564041462868279E-03    0.675522361710483854E+00    0.266558919510741852E+02    0.274856551285588901E+01
    0.312295008370868808E-03    0.675244561996717230E+00    0.255983439321778192E+02    0.156970093173180647E+01
    0.312097406447932769E-03    0.674510444956555544E+00    0.248267191676340815E+02    0.154189482567734748E+01
    0.311929066022394001E-03    0.673589504496798108E+00    0.236818361028410322E+02    0.149979251445173634E+01
    0.311637531656071189E-03    0.673459613567061743E+00    0.239825427506708486E+02    0.151152821663231762E+01
    0.311335288336917534E-03    0.673400265442563706E+00    0.236054949097584483E+02    0.256297999925352205E+01
    0.311025483399060402E-03    0.673391425409677891E+00    0.238540311179878870E+02    0.257910353769666623E+01
    0.310792903950641501E-03    0.672887550091603170E+00    0.235521382576127607E+02    0.149551092332588786E+01
    0.310510377255572112E-03    0.672706479578033090E+00    0.196488101840603413E+02    0.229057699537506076E+01
    0.310376891768400671E-03    0.671566445603437256E+00    0.211444061077291074E+02    0.239744865163412202E+01
    0.310122946809764566E-03    0.671203480503523076E+00    0.221319317604282766E+02    0.144245350237424885E+01
    0.309820093885008422E-03    0.671157550016111770E+00    0.173330231779138515E+02    0.212024095911897614E+01
    0.309523505655105106E-03    0.671073050573741448E+00    0.256941255237374087E+02    0.268590294346784519E+01
    0.309216192889643401E-03    0.671059752196150550E+00    0.248126561647163300E+02    0.263475981199730258E+01
    0.308932969237190659E-03    0.670892472773126913E+00    0.224731130381253656E+02    0.248578577748438123E+01
    0.308821621318854686E-03    0.669613457586507255E+00    0.231745167824909295E+02    0.148432645066780355E+01
    0.308542707242205312E-03    0.669420585615875918E+00    0.235958442751239907E+02    0.255651446399577331E+01
    0.308438645329716439E-03    0.668095237535491604E+00    0.240938585661714448E+02    0.258689215371022430E+01
    0.308208844102453110E-03    0.667585886516302685E+00    0.228073151724244383E+02    0.147226793542063206E+01
    0.307957624609481845E-03    0.667216741291066229E+00    0.256258229813577856E+02    0.267591920332712618E+01
    0.308010785162931146E-03    0.664871525187479495E+00    0.208584661693498674E+02    0.236680179312108496E+01
    0.307857968799386339E-03    0.663864050726060695E+00    0.185729008165492786E+02    0.219942652623590007E+01
    0.307655817556084187E-03    0.663177758103969950E+00    0.221788308064114368E+02    0.145263916100509927E+01
    0.307373115924947538E-03    0.663016381529030863E+00    0.208736902001426898E+02    0.236513739550771751E+01
    0.307138956867615131E-03    0.662540576603646292E+00    0.217759899275630211E+02    0.143776820339458844E+01
    0.307053003115626845E-03    0.661100360893565275E+00    0.224938658878814337E+02    0.247258520444823127E+01
    0.306787613225135915E-03    0.660829734284350656E+00    0.243431883302503778E+02    0.259143611065690260E+01
    0.306559333563653400E-03    0.660318481710053917E+00    0.231693009289425511E+02    0.251526232788187709E+01
    0.306319966674203567E-03    0.659880726684080043E+00    0.211924677153489540E+02    0.238356386806102849E+01
    0.306022461861789568E-03    0.659824115363047525E+00    0.237729863428839856E+02    0.151769315853142195E+01
    0.305789182856554113E-03    0.659349284218923248E+00    0.205065661904295560E+02    0.233298365781492922E+01
    0.305774573091729051E-03    0.657444840992540080E+00    0.233078568530933907E+02    0.251991649579604937E+01
    0.305476920488076929E-03    0.657392665286113065E+00    0.242302899564309442E+02    0.257939245966614061E+01
    0.305187653234461048E-03    0.657287435591702218E+00    0.234547622087556853E+02    0.252921577367312267E+01
    0.304937534529160651E-03    0.656927221814877615E+00    0.238549400838710319E+02    0.255465112516571446E+01
    0.304762394549415417E-03    0.656076245957439852E+00    0.228004427853623604E+02    0.248489372877779280E+01
    0.304503644291833448E-03    0.655775013041988708E+00    0.196466707508580321E+02    0.226515995668424841E+01
    0.304289618119913720E-03    0.655181245298204873E+00    0.257595743113018223E+02    0.159693910553198348E+01
    0.335858601117261730E-03    0.457760307338290762E+00    0.239750853329207168E+02    0.189158597622519631E+01
    0.336719430268595085E-03    0.452640725185954884E+00    0.234693839944549083E+02    0.191672524516096088E+01
    0.335565278844612565E-03    0.459507771496558581E+00    0.233591614253015649E+02    0.185771811048497248E+01
    0.336854803639715142E-03    0.451836814548473853E+00    0.238248828962336745E+02    0.197741562677187277E+01
    0.336201865303681845E-03    0.455717251789444833E+00    0.234439524684573684E+02    0.188495004715442471E+01
    0.333105816510387070E-03    0.474220376497665630E+00    0.236135192933941944E+02    0.210189716745588306E+01
    0.333463721851720368E-03    0.472072631333028570E+00    0.237053768843293540E+02    0.209656748152904004E+01
    0.333530168209137225E-03    0.471674148776431212E+00    0.232975803575739491E+02    0.207899709182704884E+01
    0.336165662689758189E-03    0.455932625747593301E+00    0.233174613278239811E+02    0.200630963088929626E+01
    0.333825439821787602E-03    0.469904347918446652E+00    0.236760908700784505E+02    0.182503952369592337E+01
    0.336159632902938816E-03    0.455968499970141161E+00    0.236999627146531857E+02    0.202133063299331006E+01
    0.334273178881805584E-03    0.467223671057196033E+00    0.237715912764888593E+02    0.208111938790028539E+01
    0.336245288115215757E-03    0.455458954545575057E+00    0.233641082646491469E+02    0.200452886360111915E+01
    0.329040786855304228E-03    0.498777359528752295E+00    0.234814370823013157E+02    0.173816709798270619E+01
    0.335441931108566458E-03    0.460243070525277631E+00    0.235397667166444577E+02    0.204115850865439352E+01
    0.336731003198831823E-03    0.452571987059656733E+00    0.237614657201242032E+02    0.199000278485808391E+01
    0.336865595775899800E-03    0.451772739681840396E+00    0.238078637189647999E+02    0.197466990345497129E+01
    0.336713929715878651E-03    0.452673396883220669E+00    0.233851258580375401E+02    0.197700685054627501E+01
    0.335426547912133955E-03    0.460334791611697713E+00    0.234213971951382334E+02    0.203706783981720640E+01
    0.335655126285370369E-03    0.458972344142991928E+00    0.234559192270467101E+02    0.203104412673984980E+01
    0.322440838123858628E-03    0.539301446642232007E+00    0.234517386161239081E+02    0.166052366414748676E+01
    0.321875965109091227E-03    0.542808250479440035E+00    0.234185650129851304E+02    0.165356223532905000E+01
    0.331554841825547602E-03    0.483554327472445256E+00    0.237414477380752338E+02    0.178545160793378521E+01
    0.332317698469066273E-03    0.478957921186696223E+00    0.235087166947494239E+02    0.178941223906299252E+01
    0.336893172737759482E-03    0.451609019589939653E+00    0.237626337985476539E+02    0.196453602018839391E+01
    0.336878029586140215E-03    0.451698920443935725E+00    0.237497941145062690E+02    0.194862091353452582E+01
    0.334134390773649587E-03    0.468054230832104290E+00    0.239171165473715028E+02    0.184113874990721893E+01
    0.336880319125932833E-03    0.451685327797270497E+00    0.239238501559467842E+02    0.197560260810185584E+01
    0.334740826592330374E-03    0.464427629223300886E+00    0.243975249363254427E+02    0.187421774552573606E+01
    0.335925608237011748E-03    0.457361327314411925E+00    0.243107960486974051E+02    0.205438840304165593E+01
    0.319567510297372648E-03    0.557203687436393036E+00    0.243955153825339899E+02    0.166900509545664999E+01
    0.328584876105438993E-03    0.501550431497097438E+00    0.239298827193800001E+02    0.174937195379839450E+01
    0.316211513941468212E-03    0.578318114921709148E+00    0.241952536153606346E+02    0.163122866726684945E+01
    0.336580990524744047E-03    0.453463179719036491E+00    0.238991395423569237E+02    0.200685909702782750E+01
    0.336897543296658161E-03    0.451583073498402043E+00    0.244071256910582512E+02    0.198384254911857383E+01
    0.336891579038332823E-03    0.451618480768288533E+00    0.239001832990585115E+02    0.197066833074800751E+01
    0.333958856413377365E-03    0.469105188105214010E+00    0.242652771554681763E+02    0.185066491118762722E+01
    0.331903139844474308E-03    0.481454432313769054E+00    0.241663386949421159E+02    0.180763273944355340E+01
    0.322434836639911237E-03    0.539338672322666524E+00    0.242325104332493346E+02    0.169058709820754993E+01
    0.328993176529349270E-03    0.499066769064959892E+00    0.243909293146227455E+02    0.177261324272788112E+01
    0.336496487284956077E-03    0.453965369989952516E+00    0.242069505560264773E+02    0.192939918277655353E+01
    0.327361481057019386E-03    0.509010776103672957E+00    0.243149494661399075E+02    0.174861837774314477E+01
    0.335467508001043079E-03    0.460090579646491027E+00    0.239278266373614628E+02    0.187654258260859308E+01
    0.316502148144719988E-03    0.576480732604187973E+00    0.240249840924137423E+02    0.162716939543553041E+01
    0.329328063689845649E-03    0.497031974080845984E+00    0.238770912841156822E+02    0.175736252334654308E+01
    0.333499778619610315E-03    0.471856387008414813E+00    0.241146262788570986E+02    0.211919931796591365E+01
    0.334419312538824706E-03    0.466349525399987364E+00    0.242937493181457569E+02    0.186228264727108961E+01
    0.335657385613826733E-03    0.458958881986895828E+00    0.243083312769681505E+02    0.189738115978760291E+01
    0.336760822253048386E-03    0.452394885850056272E+00    0.241437057939792403E+02    0.194664672506299219E+01
    0.334231495939829560E-03    0.467473081082881881E+00    0.241033755568177988E+02    0.209488312001266674E+01
    0.327357230354488268E-03    0.509036745745026775E+00    0.240637573110864231E+02    0.173887418152089879E+01
    0.334839072500472555E-03    0.463840718481326963E+00    0.244468286914829882E+02    0.187865882389497463E+01
    0.319467910036851414E-03    0.557827128692750196E+00    0.241404923905208300E+02    0.165823737352571321E+01
    0.336274306007447205E-03    0.455286362445636972E+00    0.240027514433739313E+02    0.190984671129299510E+01
    0.336632512484386266E-03    0.453157054191176301E+00    0.242419208883463853E+02    0.193960139342989724E+01
    0.336888001372486303E-03    0.451639720152505753E+00    0.238735756506516701E+02    0.197116291882065608E+01
    0.336897542630217950E-03    0.451583077454739634E+00    0.244306820778265994E+02    0.198593077221541359E+01
    0.333219718735315237E-03    0.473536613261752781E+00    0.242146947167193609E+02    0.213342770951835226E+01
    0.332916401442569774E-03    0.475357966612941329E+00    0.243353884386024895E+02    0.183222270628290929E+01
    0.322728649738925142E-03    0.537517037183488089E+00    0.239504718232424665E+02    0.168270076775464794E+01
    0.334702793677862562E-03    0.464654880112591706E+00    0.245264699224800218E+02    0.187822539943123834E+01
    0.323893717839954210E-03    0.530309928860584590E+00    0.265598774336659353E+02    0.179373727001264616E+01
    0.329862348393137629E-03    0.493789907385122517E+00    0.259766109481390401E+02    0.184575715177599609E+01
    0.335808206418898570E-03    0.458060424586261894E+00    0.256127960974683653E+02    0.195294497122979971E+01
    0.331101927873682334E-03    0.486288255762932553E+00    0.259470220024921545E+02    0.186329138770203606E+01
    0.319579100865549919E-03    0.557131149661952874E+00    0.249315054276019161E+02    0.168979325096315325E+01
    0.334446720916809447E-03    0.466185615877726667E+00    0.249696517907496798E+02    0.213740287394638040E+01
    0.330829684433244821E-03    0.487933401277825640E+00    0.250014474266352487E+02    0.182257868680745982E+01
    0.334978427995476506E-03    0.463008518684149384E+00    0.254909708476672527E+02    0.192265116604783515E+01
    0.316409233855604287E-03    0.577067950925273299E+00    0.254494425115470335E+02    0.168046754948336519E+01
    0.315727513442267999E-03    0.581381705381327940E+00    0.250185101766827671E+02    0.165859887767929282E+01
    0.336841318307471739E-03    0.451916882293002420E+00    0.261686759902529182E+02    0.207011323866386121E+01
    0.335051474497801945E-03    0.462572439623537779E+00    0.251262554584861029E+02    0.191057562254677826E+01
    0.311135425844069570E-03    0.610684249556867953E+00    0.258176161760854335E+02    0.165036834187730053E+01
    0.336692367555595099E-03    0.452801475045710056E+00    0.265463261063350799E+02    0.203313197662490852E+01
    0.335951728444331028E-03    0.457205821504608256E+00    0.253443532315408149E+02    0.194791513167432706E+01
    0.334350332052104639E-03    0.466762106847260994E+00    0.255796244995592730E+02    0.217622076913057994E+01
    0.332675591655134928E-03    0.476805158288556852E+00    0.246627442432757888E+02    0.184037199674021368E+01
    0.332226537447941647E-03    0.479506634225015493E+00    0.254383664956503353E+02    0.186226434312483846E+01
    0.324807905651455071E-03    0.524672893998390122E+00    0.249269195087317073E+02    0.174246593542403172E+01
    0.335822190099079650E-03    0.457977142589164332E+00    0.254211996415629571E+02    0.194605570743040124E+01
    0.326140290800033784E-03    0.516485532751877363E+00    0.280242358535465250E+02    0.186312587774446303E+01
    0.333038300018663686E-03    0.474625793225244175E+00    0.252997551608780604E+02    0.187174968304777023E+01
    0.336641810948946766E-03    0.453101810946409722E+00    0.287936879445235014E+02    0.211207829034745531E+01
    0.335062261333357960E-03    0.462508051535487852E+00    0.262374655709590172E+02    0.218715898836808043E+01
    0.330584195155247300E-03    0.489418034708395733E+00    0.249370080687340696E+02    0.181635675972336541E+01
    0.334040556042298651E-03    0.468615968337619593E+00    0.245754963767184016E+02    0.212862946734511960E+01
    0.307699028076628028E-03    0.632896542798773165E+00    0.264949519684381158E+02    0.164905748475301284E+01
    0.336766034043599056E-03    0.452363933614061076E+00    0.258087217686050892E+02    0.206559713748533280E+01
    0.308610134069231372E-03    0.626983233620261871E+00    0.276314164867115934E+02    0.169323441294900157E+01
    0.336645305795951061E-03    0.453081048053925461E+00    0.259779976249193467E+02    0.208255468097462026E+01
    0.336897000113364623E-03    0.451586298121093133E+00    0.254528429180121876E+02    0.202294025280315193E+01
    0.336656735188609816E-03    0.453013147516192094E+00    0.250459368652207246E+02    0.197242220223136400E+01
    0.326334725287389835E-03    0.515293551521529669E+00    0.251183549686485783E+02    0.176724097663225965E+01
    0.316193707150185888E-03    0.578430743917758838E+00    0.263345471777743505E+02    0.171135651846636883E+01
    0.328909711028966504E-03    0.499574233022993253E+00    0.246300042416964331E+02    0.178071190234861021E+01
    0.322271654631460860E-03    0.540351114506168129E+00    0.266871519774577415E+02    0.178144521389092825E+01
    0.329457678912503649E-03    0.496244979366492589E+00    0.265396767312864164E+02    0.186083203811123621E+01
    0.336805053327890631E-03    0.452132217704239059E+00    0.252691710691917564E+02    0.199497152882544482E+01
    0.328887719160751713E-03    0.499707963361323171E+00    0.250320321084836763E+02    0.179592763825312396E+01
    0.336331008487301562E-03    0.454949151431885690E+00    0.263244288891805347E+02    0.200217261817738912E+01
    0.335319297478271663E-03    0.460974380722913801E+00    0.255592712984668253E+02    0.213673377431429667E+01
    0.324229985026024440E-03    0.528234601482454824E+00    0.259621975626249828E+02    0.177525726742234768E+01
    0.324776515984998200E-03    0.524866184757438736E+00    0.249365217717673495E+02    0.174249018362718111E+01
    0.334967997520972758E-03    0.463070795153473991E+00    0.261358489846154924E+02    0.218513804425662350E+01
    0.318899443255776739E-03    0.561389133725783029E+00    0.249919040964487742E+02    0.168583523748671427E+01
    0.335935109744673515E-03    0.457304758996555150E+00    0.248505597440849790E+02    0.192822663956290574E+01
    0.318354198629756599E-03    0.564811599903995654E+00    0.263435136543425656E+02    0.173095140814242665E+01
    0.332915463158996270E-03    0.475363603372749244E+00    0.246530036991211077E+02    0.184445946711310338E+01
    0.321936976941812104E-03    0.542429184891169092E+00    0.247672750076455159E+02    0.170620800649148796E+01
    0.328663597993624163E-03    0.501071331785715723E+00    0.269302542194621708E+02    0.186439210513662612E+01
    0.320846610967001828E-03    0.549214467161372455E+00    0.234748997933056707E+02    0.164563193933894336E+01
    0.336803648925427981E-03    0.452140557278582655E+00    0.256198152366653105E+02    0.200832860232903787E+01
    0.336073862276541665E-03    0.456478862083765591E+00    0.241347036107669588E+02    0.204173586110409078E+01
    0.329348891738667532E-03    0.496905489930114519E+00    0.259035151367637013E+02    0.183575469977124506E+01
    0.310182071404655401E-03    0.616821885736962838E+00    0.243630509901089454E+02    0.158876200589241856E+01
    0.309313281243999414E-03    0.622431553196212906E+00    0.243652539204741991E+02    0.158221544738884834E+01
    0.304681316667661012E-03    0.652608056155982053E+00    0.244111564014423124E+02    0.154982029643686925E+01
    0.305140885053605513E-03    0.649593613771642042E+00    0.238896842775066638E+02    0.153319645536789206E+01
    0.310356446236785934E-03    0.615697863090422293E+00    0.238278634019365292E+02    0.156945523969792866E+01
    0.313521404155651798E-03    0.595405524978757206E+00    0.240293313070547256E+02    0.160230257463101022E+01
    0.310311365277253233E-03    0.615988395054707594E+00    0.244718432634974477E+02    0.159395438522604671E+01
    0.307324445764581538E-03    0.635332757833125816E+00    0.239171902811121875E+02    0.155007803050078463E+01
    0.305593024146120053E-03    0.646632329531118932E+00    0.244076188216110275E+02    0.155626722825597064E+01
    0.310094237693312911E-03    0.617388302417023249E+00    0.246550401107849311E+02    0.159917937878715177E+01
    0.307150603032758181E-03    0.636464408251163904E+00    0.244187045296383047E+02    0.156810620095062037E+01
    0.305352339897856605E-03    0.648208144815952680E+00    0.235069508748888509E+02    0.151994097421696672E+01
    0.336869913707583230E-03    0.451747103914552972E+00    0.256985051638273916E+02    0.202182900170628743E+01
    0.306489185899737403E-03    0.640775845684595668E+00    0.266100800620305762E+02    0.164435193541356650E+01
    0.335007191475641833E-03    0.462836792728563540E+00    0.246410619539063731E+02    0.209684659749411395E+01
    0.335343947353341652E-03    0.460827362825207143E+00    0.246175000843704872E+02    0.189936162407227327E+01
    0.329555314610152097E-03    0.495652361622546556E+00    0.239495593360010162E+02    0.176331865068098237E+01
    0.326932002687281976E-03    0.511636377257217778E+00    0.259663747480377047E+02    0.180656823636317521E+01
    0.334114033154082066E-03    0.468176087428216647E+00    0.237459724660982481E+02    0.208376678017834704E+01
    0.334298643245613150E-03    0.467071320252225697E+00    0.252030647153628031E+02    0.215620043807958250E+01
    0.333821188284605126E-03    0.469929819699497264E+00    0.249370537685600411E+02    0.215679548010387467E+01
    0.336769785675175093E-03    0.452341653393967813E+00    0.255316488144772826E+02    0.205451782030217656E+01
    0.336746001254091846E-03    0.452482908708572995E+00    0.235557399530086755E+02    0.192250314073522244E+01
    0.333968212882795781E-03    0.469049155224684045E+00    0.232863484315055871E+02    0.206927550509695646E+01
    0.332014139726382696E-03    0.480785675007048496E+00    0.251545492719833170E+02    0.184764629941034952E+01
    0.335188865866869079E-03    0.461752486763542747E+00    0.254823233705135230E+02    0.213800328236630710E+01
    0.319239538172784844E-03    0.559257341378940565E+00    0.251460878218884964E+02    0.169480742456478328E+01
    0.336666935791414958E-03    0.452952549006171656E+00    0.237803897422013684E+02    0.199612016280163029E+01
    0.334449287272275530E-03    0.466170269064862253E+00    0.240183696023409112E+02    0.185237475382799355E+01
    0.335114182705031080E-03    0.462198154807609174E+00    0.243493849842265710E+02    0.208205876031371107E+01
    0.331007090612776150E-03    0.486861196223834503E+00    0.253103378655219728E+02    0.183724211681876470E+01
    0.327079225909464235E-03    0.510735944859535773E+00    0.235296939690888642E+02    0.171485832029513308E+01
    0.333376310563323838E-03    0.472596962714758373E+00    0.276666836842758137E+02    0.196234140903555154E+01
    0.335998240541966503E-03    0.456928943166300894E+00    0.239730255356571895E+02    0.189681736971340564E+01
    0.333660604057566229E-03    0.470892148452007442E+00    0.256814140936826121E+02    0.220507508157416376E+01
    0.321733469711757978E-03    0.543693852162399516E+00    0.248690727129854281E+02    0.239767205809698636E+01
    0.323216869428680665E-03    0.534493749502182536E+00    0.248288263810224628E+02    0.237267596302813821E+01
    0.323491884311816560E-03    0.532792737118334525E+00    0.258148135863803034E+02    0.242553466922926830E+01
    0.329955173157730987E-03    0.493227177465567324E+00    0.255767683052887840E+02    0.229386361359415725E+01
    0.326450963336234723E-03    0.514581292952760228E+00    0.254029768133183182E+02    0.235214768912882022E+01
    0.328361528509658505E-03    0.502910345199748976E+00    0.256298879724534672E+02    0.232970357294502239E+01
    0.329973496729078449E-03    0.493116113514637799E+00    0.252426740822999847E+02    0.227409049072484759E+01
    0.320078848049844332E-03    0.554006058904796039E+00    0.247052898202696767E+02    0.241226704255380753E+01
    0.333739132213067152E-03    0.470421497047187054E+00    0.274723929595297172E+02    0.230467695019749952E+01
    0.327102220616558564E-03    0.510595343457735051E+00    0.262986444656847169E+02    0.239233676154103536E+01
    0.323466602560499011E-03    0.532949048546923931E+00    0.248813817948952618E+02    0.237179791500098425E+01
    0.329674418867314818E-03    0.494929674204731662E+00    0.251561850806290437E+02    0.227548729233450286E+01
    0.321415906330901576E-03    0.545668904419267298E+00    0.256756093084934243E+02    0.244916383195540144E+01
    0.322154672994755199E-03    0.541077227844347530E+00    0.261099055567662646E+02    0.246331105686616425E+01
    0.331027932963632958E-03    0.486735267231431346E+00    0.256304862300938581E+02    0.227282503483080101E+01
    0.320117872048169920E-03    0.553762233860720876E+00    0.253609051405934025E+02    0.244973537794927854E+01
    0.323818090246334462E-03    0.530776973574111022E+00    0.246602748592681031E+02    0.235339014307719818E+01
    0.318989596817033502E-03    0.560823809312326671E+00    0.247186276135556220E+02    0.242830831229691535E+01
    0.330467225803931901E-03    0.490125812341587419E+00    0.250302990423083394E+02    0.225088563895832117E+01
    0.325455882674564509E-03    0.520686959371742919E+00    0.251478072586269121E+02    0.235465852428660405E+01
    0.329478371115120858E-03    0.496119369589196280E+00    0.251309359631206810E+02    0.227815713179925572E+01
    0.331433191215376333E-03    0.484288281061190040E+00    0.247170172219837241E+02    0.221016833870626828E+01
    0.335660198830741146E-03    0.458942119625951384E+00    0.276572747539380401E+02    0.223867160871751514E+01
    0.331014528098281223E-03    0.486816258201900109E+00    0.248500415845214242E+02    0.222787617689509121E+01
    0.330873465916804244E-03    0.487668741914483617E+00    0.246812183492458317E+02    0.222137340100541758E+01
    0.333024374701423767E-03    0.474709420894354250E+00    0.257318782016397982E+02    0.222711033414542481E+01
    0.332792897446591591E-03    0.476100056276407890E+00    0.260668238908599079E+02    0.225309993967545941E+01
    0.308730930327037040E-03    0.626200546277307257E+00    0.266856469197678017E+02    0.266965493531268505E+01
    0.304447053427178487E-03    0.654146406779816725E+00    0.246198479385700608E+02    0.259675250724839568E+01
    0.310842576347369870E-03    0.612567592808932027E+00    0.259133437332272187E+02    0.260061624324257545E+01
    0.316144682128017347E-03    0.578740862823066138E+00    0.254910440925221842E+02    0.251109494533059152E+01
    0.315339344215343495E-03    0.583842105709241777E+00    0.251658378993821579E+02    0.250255206661822793E+01
    0.312366569566440030E-03    0.602785988884274371E+00    0.251573953311666294E+02    0.253873696028581808E+01
    0.314755604728088410E-03    0.587547830728855081E+00    0.257695667479379793E+02    0.254493758987267338E+01
    0.311280420293906220E-03    0.609752432326576832E+00    0.249389141036537048E+02    0.253896895627667840E+01
    0.308364618531656331E-03    0.628574971690575857E+00    0.258573024770191324E+02    0.262573862621400655E+01
    0.304779647345403170E-03    0.651962694537100429E+00    0.252902143488252449E+02    0.263208780225005157E+01
    0.315289197197934207E-03    0.584160182131236771E+00    0.276466992032315844E+02    0.264363660993140925E+01
    0.324560541702410246E-03    0.526196614234674787E+00    0.259922355134578318E+02    0.241860709976612087E+01
    0.326406017553482544E-03    0.514856671996800963E+00    0.246275170025459893E+02    0.230797177599676129E+01
    0.314737088394045114E-03    0.587665489499169302E+00    0.244274050612829896E+02    0.246732880885584516E+01
    0.316146698141441093E-03    0.578728109124463930E+00    0.244383225602962888E+02    0.245001434923299133E+01
    0.325743339777408278E-03    0.518921250128835498E+00    0.245547073984451707E+02    0.231533619095779875E+01
    0.319568837825554323E-03    0.557195379173619720E+00    0.265258049552074517E+02    0.252505468268681899E+01
    0.305930598770830925E-03    0.644424240447722063E+00    0.254676390125918779E+02    0.262999320923748270E+01
    0.312873139955233354E-03    0.599545180650755016E+00    0.251664899671351598E+02    0.253316056200832573E+01
    0.304784302029552248E-03    0.651932150183852310E+00    0.249679366256483952E+02    0.261334700070061565E+01
    0.335951695786674501E-03    0.457206015923360909E+00    0.294958516877982575E+02    0.231219453802584907E+01
    0.327499453736700694E-03    0.508168015912050408E+00    0.246434785707162085E+02    0.228898741731742872E+01
    0.331907700280752215E-03    0.481426951977488748E+00    0.238467003583124786E+02    0.214790390567085021E+01
    0.331282947652779887E-03    0.485195116168161966E+00    0.232700126106452920E+02    0.212987424979807871E+01
    0.329815436182609900E-03    0.494074362685594959E+00    0.234261929666524864E+02    0.217214579752087733E+01
    0.330466420105024136E-03    0.490130688467430298E+00    0.232786782897029561E+02    0.214931522751661186E+01
    0.330885238703071849E-03    0.487597581316600914E+00    0.236575360866175544E+02    0.216173003992487001E+01
    0.329948207563226853E-03    0.493269399370821315E+00    0.236752154897197116E+02    0.218373019467253648E+01
    0.329592320304168793E-03    0.495427794669131838E+00    0.236456849067167951E+02    0.218962082019261572E+01
    0.331509315785053014E-03    0.483828967807280741E+00    0.234956006957068162E+02    0.213747342305283272E+01
    0.330572605516956839E-03    0.489488152043829450E+00    0.238903399243239178E+02    0.218239579361819391E+01
    0.331629439050913361E-03    0.483104393854707270E+00    0.240599660933862900E+02    0.216724894746793861E+01
    0.314584473415880142E-03    0.588635518116769063E+00    0.231957285538137441E+02    0.239773839619268081E+01
    0.305058749977722211E-03    0.650132028229234327E+00    0.236061325067674730E+02    0.252809491771943184E+01
    0.307510724722855175E-03    0.634120862529051310E+00    0.236913346093738966E+02    0.250838929126000076E+01
    0.323765950259451314E-03    0.531099032079166089E+00    0.237366889838957604E+02    0.230065784741779256E+01
    0.313564928050702864E-03    0.595127898802676913E+00    0.238227901401934794E+02    0.244680182769574772E+01
    0.315976371404106077E-03    0.579805916593690740E+00    0.237045528377440142E+02    0.240965515655717244E+01
    0.310315807062292999E-03    0.615959767335924724E+00    0.234892357752035679E+02    0.246526112554259713E+01
    0.324341315659034410E-03    0.527547980696210450E+00    0.235359387884714160E+02    0.227973713507028819E+01
    0.318230919168609194E-03    0.565586229779824534E+00    0.233912402858414374E+02    0.236170796700039576E+01
    0.323236291958053619E-03    0.534373570466552539E+00    0.237917576047490300E+02    0.231222509629253059E+01
    0.318038238396588203E-03    0.566797545938216518E+00    0.236837120169308797E+02    0.238127677266423321E+01
    0.322322826786992976E-03    0.540033568159653421E+00    0.233702295516564114E+02    0.230186975575083475E+01
    0.312106406884828168E-03    0.604452435353374895E+00    0.235648832339204120E+02    0.244948944353426512E+01
    0.319191350607245358E-03    0.559559253873954665E+00    0.234298338820972916E+02    0.235076725208469162E+01
    0.308366883169388826E-03    0.628560283692793265E+00    0.232597029121994545E+02    0.247134297892066135E+01
    0.316239025835684997E-03    0.578144113051184627E+00    0.234200961907025054E+02    0.238976603100293650E+01
    0.314752270964279996E-03    0.587569014030524972E+00    0.233905906608144250E+02    0.240700629319877368E+01
    0.309239279069539448E-03    0.622910103796828429E+00    0.234771585640768627E+02    0.247614750443909104E+01
    0.325888956754115204E-03    0.518027390325346726E+00    0.237659728820625347E+02    0.226707455308674222E+01
    0.319467737490950127E-03    0.557828208901074984E+00    0.235172983825290807E+02    0.235198708254834932E+01
    0.325569793197184258E-03    0.519987075923186493E+00    0.236196271991737632E+02    0.226408458175432026E+01
    0.323322877900095683E-03    0.533837898270743683E+00    0.233626999039868366E+02    0.228598279048318531E+01
    0.308430860989217259E-03    0.628145380618557625E+00    0.237691200117427002E+02    0.250373853127744095E+01
    0.311919181213693864E-03    0.605652550735326090E+00    0.232270251843144102E+02    0.243046556851690143E+01
    0.313415757041093273E-03    0.596079577321464216E+00    0.234864707928896550E+02    0.242912304647403499E+01
    0.311263746097880246E-03    0.609859568153591325E+00    0.235718399153080824E+02    0.245987914025993160E+01
    0.327894647073767196E-03    0.505756072414397129E+00    0.236857808591129455E+02    0.222597767024150794E+01
    0.327946817624558574E-03    0.505437882402267946E+00    0.236303514284388427E+02    0.222176565424250105E+01
    0.328877330245408862E-03    0.499771140420386228E+00    0.237499390761522378E+02    0.221041998813137841E+01
    0.321080688956553004E-03    0.547755872083992235E+00    0.237285705524076960E+02    0.234117059769523506E+01
    0.308165096461604819E-03    0.629869456430984576E+00    0.240276184341444612E+02    0.252185994279826042E+01
    0.305387184499365447E-03    0.647979932295529082E+00    0.240500545062098325E+02    0.255358552797946370E+01
    0.325614004719234230E-03    0.519715499620095667E+00    0.240995176406075053E+02    0.229115959573388350E+01
    0.321923665335912667E-03    0.542511883568661091E+00    0.242193981690919209E+02    0.235714697072417856E+01
    0.322547482821443755E-03    0.538640072195010422E+00    0.244226039617925643E+02    0.235947758493459325E+01
    0.320543732025681673E-03    0.551103357239889013E+00    0.240637068631962734E+02    0.236840300006985638E+01
    0.317546966506756883E-03    0.569889323304188622E+00    0.243060937859829060E+02    0.242396401726790067E+01
    0.324177620142925655E-03    0.528557638305560018E+00    0.244576536104971431E+02    0.233585330038589323E+01
    0.317387634134869319E-03    0.570893095189174860E+00    0.241796748157665853E+02    0.241875339370461528E+01
    0.314596955660750291E-03    0.588556162660327398E+00    0.242542177348302310E+02    0.245904036278135285E+01
    0.325567632503824620E-03    0.520000349270865025E+00    0.240526607823448764E+02    0.228923613575013141E+01
    0.321293631739185434E-03    0.546429898840219641E+00    0.241041498112003332E+02    0.235982766819990353E+01
    0.309340339810971479E-03    0.622256601875676996E+00    0.242452027542816424E+02    0.252120258130064556E+01
    0.323801969455888477E-03    0.530876543006574719E+00    0.240401007869261036E+02    0.231767964343759170E+01
    0.306528493484707989E-03    0.640519359867976812E+00    0.241454440068896901E+02    0.254679963747354376E+01
    0.309090541588150232E-03    0.623872292449480836E+00    0.241466441622139243E+02    0.251832857155066181E+01
    0.328057668409656434E-03    0.504761967596728089E+00    0.241308915718065222E+02    0.224866710963016692E+01
    0.304827086352750065E-03    0.651651418399089577E+00    0.241966442297587676E+02    0.256815744364949561E+01
    0.329731794184349569E-03    0.494581631883963535E+00    0.244400858627242101E+02    0.223273563773502959E+01
    0.322223653629495155E-03    0.540649028246977581E+00    0.240641529766825997E+02    0.234361994306596344E+01
    0.317030149602491574E-03    0.573147033079168811E+00    0.232439350125162711E+02    0.236921441109072450E+01
    0.320282743765970546E-03    0.552732430219860404E+00    0.232925009940356595E+02    0.232742178701887648E+01
    0.324259399574651063E-03    0.528053167217871433E+00    0.232276796721313872E+02    0.226319201147336235E+01
    0.322936189126606479E-03    0.536231296456495699E+00    0.234756763767156471E+02    0.229857029982024219E+01
    0.330693182903196129E-03    0.488758778834527285E+00    0.237075960330872846E+02    0.216905508509440015E+01
    0.321500357502399166E-03    0.545143478781534796E+00    0.232393213990091283E+02    0.230661726869055883E+01
    0.313663151063250879E-03    0.594501504566691708E+00    0.240852637492284494E+02    0.246081884372928972E+01
    0.326757581458669572E-03    0.512703680374674842E+00    0.244848042992268340E+02    0.229340622982797138E+01
    0.328769828917075790E-03    0.500424994559600544E+00    0.233426748759066669E+02    0.172916952829816895E+01
    0.317496651699441059E-03    0.570206245203589313E+00    0.230983412342117234E+02    0.160013130533328596E+01
    0.336759502478733866E-03    0.452402723916798533E+00    0.232790079254888624E+02    0.191315133324662634E+01
    0.325158635110100666E-03    0.522514447551122196E+00    0.233399951893975057E+02    0.168513589048574053E+01
    0.309144705216256397E-03    0.623521852201856408E+00    0.233405346127803419E+02    0.154140273137002071E+01
    0.328371879663241165E-03    0.502847298895390371E+00    0.228611424149375573E+02    0.170534358981478551E+01
    0.326778241769355086E-03    0.512577227868426633E+00    0.232140627460272171E+02    0.169903986175410360E+01
    0.336891127087826073E-03    0.451621163832148176E+00    0.229278925961029927E+02    0.192134738096714974E+01
    0.336897562293554773E-03    0.451582960722892002E+00    0.230115774666064539E+02    0.193107636921086012E+01
    0.335997931592985251E-03    0.456930782158808446E+00    0.229946066415557908E+02    0.185905507706400597E+01
    0.329038741954670367E-03    0.498789789033361020E+00    0.225981729193018488E+02    0.170406060096653000E+01
    0.331501652601192971E-03    0.483875200429218111E+00    0.224034201571607738E+02    0.173295936427552633E+01
    0.314513660565413338E-03    0.589085768066279325E+00    0.220422821646439573E+02    0.153380278421813854E+01
    0.333077329624090050E-03    0.474391421871478092E+00    0.220373216933577929E+02    0.174662607770802092E+01
    0.311113855063322787E-03    0.610822912831649578E+00    0.224825273133426933E+02    0.152342378146345703E+01
    0.336896590080493360E-03    0.451588732296051343E+00    0.220564603756633204E+02    0.189135614970185939E+01
    0.320761946401844507E-03    0.549742294071886017E+00    0.231911216278186281E+02    0.163386549890615962E+01
    0.333541806983088883E-03    0.471604358562566828E+00    0.229744250440868214E+02    0.179201613375363955E+01
    0.315462100380494576E-03    0.583063691723335165E+00    0.231651089125483693E+02    0.158508246796171726E+01
    0.336599249321538005E-03    0.453354686951618235E+00    0.230921625050938957E+02    0.189289817629216861E+01
    0.323877132377145517E-03    0.530412344477508957E+00    0.228338877255044643E+02    0.165161775298722358E+01
    0.322933837863647948E-03    0.536245858290054889E+00    0.228723687002278560E+02    0.164321374545926657E+01
    0.336060821607007693E-03    0.456556469562434619E+00    0.223939001912759288E+02    0.183840348408211973E+01
    0.336824952945496709E-03    0.452014054217301953E+00    0.225888199310533473E+02    0.189414653873615979E+01
    0.330822216913524562E-03    0.487978545981289036E+00    0.225416465305958944E+02    0.172755806108337362E+01
    0.334827427012934341E-03    0.463910278404349508E+00    0.221924333397985372E+02    0.179137399433543543E+01
    0.328007484551611568E-03    0.505067936343375656E+00    0.223622313120998193E+02    0.168139186997938594E+01
    0.334412299081375194E-03    0.466391469933277569E+00    0.226380850143324004E+02    0.179823539445968095E+01
    0.336896604610519522E-03    0.451588646037977437E+00    0.230925926400730965E+02    0.193607457690119356E+01
    0.319997848586031717E-03    0.554512244895761008E+00    0.222333536847221431E+02    0.158962195921487259E+01
    0.335742307122255672E-03    0.458452944854063738E+00    0.227021866255754361E+02    0.183831703137123892E+01
    0.314464590264560513E-03    0.589397831644871806E+00    0.219671335473415681E+02    0.153049576056022651E+01
    0.321439009693464046E-03    0.545525149665298636E+00    0.230414664288979267E+02    0.163468568038220008E+01
    0.322560714771025247E-03    0.538558027355818369E+00    0.225702137963417719E+02    0.162773094798006390E+01
    0.334381199462208437E-03    0.466577474248554058E+00    0.222069421375469815E+02    0.178086232886240792E+01
    0.336859121031601904E-03    0.451811181164755549E+00    0.227163497076580967E+02    0.190454627297597501E+01
    0.336883065346759694E-03    0.451669024027195165E+00    0.224493936644375616E+02    0.189989148795756524E+01
    0.331210168587178365E-03    0.485634541509256612E+00    0.232271206390576594E+02    0.176005860452831353E+01
    0.334954091422741927E-03    0.463153826290750914E+00    0.228581559064164210E+02    0.182041322037099729E+01
    0.329056973654703129E-03    0.498678974149717791E+00    0.223621426831244108E+02    0.169520120198398283E+01
    0.316191857104823864E-03    0.578442445926575566E+00    0.226246574143735337E+02    0.157046152465340993E+01
    0.336857835425289633E-03    0.451818814081220321E+00    0.220241324607940818E+02    0.190738044445736055E+01
    0.336444853778794062E-03    0.454272282364700242E+00    0.230113489681244197E+02    0.188031493884032752E+01
    0.335384274201995026E-03    0.460586866914011406E+00    0.224542751436048036E+02    0.181711850847388723E+01
    0.336611105760460780E-03    0.453284239794442212E+00    0.227978608365427071E+02    0.196231912022422250E+01
    0.336668052552219882E-03    0.452945914799872840E+00    0.222837811964221189E+02    0.186672239794361294E+01
    0.334864895681522316E-03    0.463686482088594087E+00    0.225403287842386462E+02    0.180577799799094363E+01
    0.313110033400439114E-03    0.598031443754314385E+00    0.227691782679374803E+02    0.155034218222294751E+01
    0.327643279083442737E-03    0.507289884525729096E+00    0.225246950242734236E+02    0.168305177356799041E+01
    0.334092935856561976E-03    0.468302379421598192E+00    0.220702546215198190E+02    0.176894825715935200E+01
    0.329458955019808870E-03    0.496237232666894512E+00    0.232930037678974244E+02    0.173664127516104783E+01
    0.332073137667568213E-03    0.480430312431378737E+00    0.225992776089973759E+02    0.175006764251778835E+01
    0.327203785991421340E-03    0.509974439020650094E+00    0.226716726646504974E+02    0.168327565601185025E+01
    0.336808994294364797E-03    0.452108815778533624E+00    0.221301183847866803E+02    0.191880759657723665E+01
    0.314770674129754376E-03    0.587452079989450482E+00    0.220822396580910869E+02    0.153748578320127871E+01
    0.328940051584399517E-03    0.499389749834405094E+00    0.230436925302980704E+02    0.171991608766512183E+01
    0.332987659066749393E-03    0.474929931232606184E+00    0.231391410948055167E+02    0.178741950113183812E+01
    0.305038181297412076E-03    0.650266883392493722E+00    0.226780828467493052E+02    0.148571695069395915E+01
    0.304418181381105432E-03    0.654336084524211437E+00    0.228102996336752675E+02    0.148641679463141685E+01
    0.306518476243975606E-03    0.640584720215409131E+00    0.231963273581422840E+02    0.151636976453867289E+01
    0.307624440098131543E-03    0.633381412840105629E+00    0.227499562972904670E+02    0.150725475052862157E+01
    0.309473665122163722E-03    0.621394790008510167E+00    0.230189021267972826E+02    0.153148680363641132E+01
    0.328055280129984370E-03    0.504776527770720684E+00    0.227746553829426297E+02    0.169791576918221487E+01
    0.336326942713050057E-03    0.454973328797183774E+00    0.219780258124454519E+02    0.183427480464731563E+01
    0.333414830978978583E-03    0.472365883365932937E+00    0.231385444633903674E+02    0.179576464647878975E+01
    0.315630729970250165E-03    0.581994881648752127E+00    0.222980160040435642E+02    0.155305892074742635E+01
    0.325566330609075713E-03    0.520008346978391378E+00    0.219549643507690107E+02    0.163629844889105325E+01
    0.329374124915139547E-03    0.496752265124869363E+00    0.224672998586411445E+02    0.170360564961211614E+01
    0.330161307024943432E-03    0.491978101703329285E+00    0.222756010102582103E+02    0.170739881115587888E+01
    0.336387554494898134E-03    0.454612927573404824E+00    0.211084639795327966E+02    0.180116466880555226E+01
    0.336567182641841231E-03    0.453545229309040399E+00    0.219141181092959236E+02    0.184530846743468757E+01
    0.336342400861874835E-03    0.454881407564409368E+00    0.216156937653965855E+02    0.182106526980217653E+01
    0.334455467645728777E-03    0.466133310897601238E+00    0.210094510583867233E+02    0.173318664665869848E+01
    0.335375881411484767E-03    0.460636916341905511E+00    0.215956917088637255E+02    0.178373674540142879E+01
    0.331777588333194505E-03    0.482211130572115398E+00    0.215624833817045669E+02    0.170506045387237126E+01
    0.332381740531912295E-03    0.478572531584803229E+00    0.212000983158076046E+02    0.169938427255124225E+01
    0.332941197347961441E-03    0.475209010406997479E+00    0.213710529262472875E+02    0.171726830675898556E+01
    0.335528328020597802E-03    0.459728013940676361E+00    0.217201491376281055E+02    0.179328982537014303E+01
    0.336513176821861117E-03    0.453866176544159339E+00    0.215992419129872530E+02    0.182978179274173591E+01
    0.336505550359236176E-03    0.453911503441123299E+00    0.217125800042161394E+02    0.183369729246138968E+01
    0.320922086962824814E-03    0.548744042247138242E+00    0.211633537938317318E+02    0.155486587451702185E+01
    0.332909494650242038E-03    0.475399459696152549E+00    0.211320447024492530E+02    0.170599793185410276E+01
    0.336171472222274376E-03    0.455898062536879589E+00    0.210804070482673893E+02    0.178959611128673401E+01
    0.319477499784167750E-03    0.557767093846769146E+00    0.218610986954364357E+02    0.157038132946680431E+01
    0.327628037333845435E-03    0.507382925372891425E+00    0.217744874727661610E+02    0.165391574592176349E+01
    0.321598912582745354E-03    0.544530478047730582E+00    0.214034978583323614E+02    0.157221089292433502E+01
    0.336457613149745462E-03    0.454196435587019609E+00    0.216192332027692800E+02    0.192641505700043236E+01
    0.312029172409759121E-03    0.604947420597129248E+00    0.217975254316515503E+02    0.150419654801702274E+01
    0.328344556044071138E-03    0.503013724571375054E+00    0.216286788056881569E+02    0.165743583164459318E+01
    0.315324239537207254E-03    0.583937907518816579E+00    0.214450770510019773E+02    0.151695043790013884E+01
    0.327521198473461241E-03    0.508035227813263934E+00    0.216692880834121055E+02    0.164852259818576874E+01
    0.329438693860817312E-03    0.496360233008648455E+00    0.212689014933202856E+02    0.165659339480068279E+01
    0.318543952424254660E-03    0.563619862733469867E+00    0.214283799935916015E+02    0.154439552352839993E+01
    0.312960370374117157E-03    0.598987649499041708E+00    0.198129354041805641E+02    0.142457246381523639E+01
    0.312008654625710313E-03    0.605078936881349061E+00    0.206146853784780859E+02    0.145275830122700800E+01
    0.325370679132448368E-03    0.521210622956503333E+00    0.180414177616632827E+02    0.145703128962223527E+01
    0.307094296777802147E-03    0.636831077995634542E+00    0.214610407847848990E+02    0.145311737565233257E+01
    0.307272421976482763E-03    0.635671345879723182E+00    0.188430310923256137E+02    0.133753714400018220E+01
    0.304330465555409011E-03    0.654912452631111197E+00    0.199612393554523635E+02    0.136627094134342597E+01
    0.305536817590303751E-03    0.647000215712656312E+00    0.183686300847873198E+02    0.130375205164581542E+01
    0.320179934619329383E-03    0.553374523200415913E+00    0.187437509846190800E+02    0.143972134746454739E+01
    0.312986915334939912E-03    0.598818018851575928E+00    0.206793287598647453E+02    0.146346906780759722E+01
    0.336850643723526119E-03    0.451861513272258486E+00    0.208641685410076008E+02    0.182742542488442128E+01
    0.321338061243481158E-03    0.546153351605767168E+00    0.205442735424314478E+02    0.153128017181952236E+01
    0.336167772181143309E-03    0.455920075478480569E+00    0.195950519351839247E+02    0.172097441084668290E+01
    0.333188525096172810E-03    0.473723847675217413E+00    0.203086204418576024E+02    0.167459137567732741E+01
    0.336896120704015245E-03    0.451591518770116607E+00    0.189187899320133717E+02    0.174663333678591570E+01
    0.336477937594524058E-03    0.454075624940219968E+00    0.206224926658972691E+02    0.178442774859349562E+01
    0.323569489069814383E-03    0.532313000502535938E+00    0.206131325588484344E+02    0.155702624770861675E+01
    0.326207895384304964E-03    0.516071002070593310E+00    0.197583974796676820E+02    0.154811933112466216E+01
    0.335354447178895477E-03    0.460764742573599506E+00    0.190822590520370099E+02    0.184790008271579920E+01
    0.336518031805456224E-03    0.453837322110471175E+00    0.191659148184624755E+02    0.180648707869738123E+01
    0.335359418226236492E-03    0.460735096266298383E+00    0.199299016604621038E+02    0.188990855069881203E+01
    0.332779948991456063E-03    0.476177874686258773E+00    0.202698977303397605E+02    0.166508049190649698E+01
    0.327076157970752565E-03    0.510754704553560757E+00    0.205878456704569004E+02    0.159551522194059547E+01
    0.331838686174404721E-03    0.481842858462282475E+00    0.195903239995351122E+02    0.161814094476593118E+01
    0.319794414293920982E-03    0.555784122101973699E+00    0.208897971832095948E+02    0.153189885628433542E+01
    0.325588266456307296E-03    0.519873596506912561E+00    0.209618789706897459E+02    0.159469961242634994E+01
    0.336558615085177275E-03    0.453596141377441586E+00    0.189938110481488209E+02    0.171086002050435804E+01
    0.336878751353950176E-03    0.451694635409155054E+00    0.196422871802003307E+02    0.177543851544366316E+01
    0.336393426190923037E-03    0.454578017573309456E+00    0.201145129946342358E+02    0.175709528702227979E+01
    0.326151803588514417E-03    0.516414933775859231E+00    0.196278234186136373E+02    0.154163407114360762E+01
    0.335754831505842544E-03    0.458378339123865164E+00    0.186034755895650576E+02    0.165603384945061904E+01
    0.322178925113292183E-03    0.540926671557232064E+00    0.195022154845413489E+02    0.149310788203555633E+01
    0.330800598106318559E-03    0.488109247684572312E+00    0.203713106983272461E+02    0.163637446205320991E+01
    0.336692690713169909E-03    0.452799555445201896E+00    0.199755011356781012E+02    0.176909708284826817E+01
    0.336503710210612312E-03    0.453922440280965622E+00    0.204857715309891120E+02    0.187296253171076321E+01
    0.334110465052550381E-03    0.468197446127522843E+00    0.184153175268262892E+02    0.160287330167081299E+01
    0.336317731822592637E-03    0.455028102979195825E+00    0.205228775468810021E+02    0.188454350268791648E+01
    0.334282322001178633E-03    0.467168967330359508E+00    0.195864329504469410E+02    0.166493570699273663E+01
    0.323149640876330797E-03    0.534909789328012142E+00    0.200594357055748596E+02    0.152791116020793227E+01
    0.336479765361327363E-03    0.454064760858894134E+00    0.201889779767095803E+02    0.185956904800263079E+01
    0.335188719227821549E-03    0.461753361727448297E+00    0.205201904162645903E+02    0.173050902288367325E+01
    0.327984471067176283E-03    0.505208264188848344E+00    0.207846376492251963E+02    0.161562254102942937E+01
    0.336511796170697517E-03    0.453874382190127379E+00    0.203343916686278341E+02    0.177355897887155312E+01
    0.330758048057621257E-03    0.488366519199366245E+00    0.200634421253036095E+02    0.162197767216404998E+01
    0.336106316370284866E-03    0.456285734736075532E+00    0.197916453812396433E+02    0.172818702737563834E+01
    0.326158083770495047E-03    0.516376423355566438E+00    0.209120800276810535E+02    0.159904643154063208E+01
    0.328416373191842007E-03    0.502576322497895411E+00    0.231266938616400353E+02    0.218345046766125783E+01
    0.328198693071052728E-03    0.503902397027393478E+00    0.229531937050156145E+02    0.217763810632960553E+01
    0.330711561633400403E-03    0.488647629161890806E+00    0.229992579815102545E+02    0.212755347249506022E+01
    0.325844119607865000E-03    0.518302577502106621E+00    0.207401143405565591E+02    0.208352671166671177E+01
    0.326575818691000636E-03    0.513816513561016430E+00    0.209194742810224348E+02    0.208411735012504407E+01
    0.322630859829911229E-03    0.538123148402505636E+00    0.211181108251456031E+02    0.215498694522871803E+01
    0.322856250565090595E-03    0.536726431159296413E+00    0.211850417712361150E+02    0.215656506206428622E+01
    0.317042996090079361E-03    0.573065992034131666E+00    0.196744931158397129E+02    0.212501552166720442E+01
    0.320609789330481476E-03    0.550691241870739590E+00    0.186706145317090026E+02    0.203388622173390488E+01
    0.326619067748133707E-03    0.513551667291740732E+00    0.192924693127894535E+02    0.200270319510881345E+01
    0.330456549536513322E-03    0.490190426554710956E+00    0.213594489432717758E+02    0.205605162903982031E+01
    0.323776318859333859E-03    0.531034983133619076E+00    0.208341231099025244E+02    0.211744794289067872E+01
    0.326709422020608731E-03    0.512998473763728313E+00    0.214201085965357905E+02    0.211312842373431309E+01
    0.325821539452654757E-03    0.518441177134634001E+00    0.211890090115419554E+02    0.211114363640476643E+01
    0.327590944204590002E-03    0.507609372593379238E+00    0.215741576886902457E+02    0.210877808225699193E+01
    0.330709657243035814E-03    0.488659146121490418E+00    0.205226837226411938E+02    0.201072739715520887E+01
    0.323889151198574225E-03    0.530338127453652719E+00    0.208120225210131800E+02    0.211413962184169391E+01
    0.306845937248889156E-03    0.638449212978133174E+00    0.176999008721406952E+02    0.209691499675667314E+01
    0.332837097021477276E-03    0.475834445800208505E+00    0.213387084110949701E+02    0.201572560770799658E+01
    0.321881267105939082E-03    0.542775306403115998E+00    0.186238175707251301E+02    0.201945956010237904E+01
    0.325905137734786932E-03    0.517928089145346049E+00    0.212637426714673516E+02    0.211519972013284274E+01
    0.318928560928197506E-03    0.561206528557932627E+00    0.184551551255644526E+02    0.203851913398744022E+01
    0.322901763260236485E-03    0.536444513200883044E+00    0.210721183060823094E+02    0.214770457613107624E+01
    0.328427488005807698E-03    0.502508636311736145E+00    0.222258278485379108E+02    0.213098465821040817E+01
    0.332554482402091947E-03    0.477533383058326821E+00    0.217897782975948893E+02    0.203957347602313499E+01
    0.331769625550822555E-03    0.482259131873036762E+00    0.221730008728302579E+02    0.206798083021143997E+01
    0.332075746674818256E-03    0.480414599043543500E+00    0.222261932980263133E+02    0.206485064133053697E+01
    0.333061916973942200E-03    0.474483970990774329E+00    0.224220745930419518E+02    0.205450953185358909E+01
    0.333319652810115858E-03    0.472936894296511035E+00    0.228042081124930327E+02    0.206421267456151947E+01
    0.331013133735615095E-03    0.486824683001929881E+00    0.231353120453409780E+02    0.212845994049655829E+01
    0.334273184313636838E-03    0.467223638557841103E+00    0.227686350461543334E+02    0.204242243795369571E+01
    0.330486119543433210E-03    0.490011469992680748E+00    0.231930874350948173E+02    0.214390857251129185E+01
    0.331431403994921587E-03    0.484299065890959501E+00    0.223512828178572356E+02    0.208041262368441604E+01
    0.331342367615489739E-03    0.484836421977039855E+00    0.220386529789465335E+02    0.206978427801384557E+01
    0.333419976681132292E-03    0.472335016937877883E+00    0.224503539087272408E+02    0.204854982512463124E+01
    0.330993516808700023E-03    0.486943213091649785E+00    0.227822326646049298E+02    0.210844198114714043E+01
    0.329769627494245631E-03    0.494352165752770023E+00    0.225926946871195682E+02    0.212478559769119979E+01
    0.331937589448770749E-03    0.481246854786165135E+00    0.228675185261835310E+02    0.209195301473980777E+01
    0.334100443138382261E-03    0.468257438648122082E+00    0.230472635212591861E+02    0.205711431839962389E+01
    0.330025002260131276E-03    0.492803958070429537E+00    0.223702407478461502E+02    0.210638054683798392E+01
    0.330802482500044037E-03    0.488097854788858643E+00    0.231913362372483789E+02    0.213660551571205559E+01
    0.332361313027801581E-03    0.478695451284423368E+00    0.218741877549576280E+02    0.204628762600872838E+01
    0.330228020978121377E-03    0.491574013081203243E+00    0.223921544589712909E+02    0.210320529121829791E+01
    0.329241794115837732E-03    0.497555955392649352E+00    0.218157292185991523E+02    0.209225297227441809E+01
    0.307995261884269568E-03    0.630971991375570695E+00    0.229637974849566717E+02    0.245606126316965545E+01
    0.305689593380154576E-03    0.646000417338172039E+00    0.230420336024660202E+02    0.248505836387921697E+01
    0.309615785949196956E-03    0.620476532853368457E+00    0.230634778774924634E+02    0.244523002177287285E+01
    0.307582326456456632E-03    0.633655230645956968E+00    0.228825795975914517E+02    0.245512991852157736E+01
    0.311853227939069702E-03    0.606075482393745868E+00    0.222676917768079790E+02    0.236892062485454780E+01
    0.309467916540418604E-03    0.621431941054201298E+00    0.216161184784380289E+02    0.235285579052300164E+01
    0.307931676831624170E-03    0.631384930306308712E+00    0.229050873009515357E+02    0.245291973724083556E+01
    0.312180241739251998E-03    0.603979352323769092E+00    0.225987324868369228E+02    0.238673273280639231E+01
    0.310440066631695376E-03    0.615159068856356073E+00    0.230668274496659897E+02    0.243647566399068927E+01
    0.307950073914459762E-03    0.631265445792802526E+00    0.219099941312537396E+02    0.238811849503498808E+01
    0.317372282692839416E-03    0.570989833761513910E+00    0.227829575684269230E+02    0.233702123719423671E+01
    0.306322298466288941E-03    0.641865168857099322E+00    0.217373190312593785E+02    0.239386239573747828E+01
    0.320327081910007556E-03    0.552455580616059594E+00    0.225895598537470441E+02    0.228601332556555104E+01
    0.307870120951102505E-03    0.631784772469472400E+00    0.216262791622600119E+02    0.237054019692871876E+01
    0.314992096750562689E-03    0.586045692440544608E+00    0.226374388896594638E+02    0.235665567969864886E+01
    0.321714120291341846E-03    0.543814138076729403E+00    0.230550794501812533E+02    0.229275474969604431E+01
    0.312606596054680922E-03    0.601249753325719949E+00    0.215164928721934920E+02    0.231142263943986181E+01
    0.308891452528782778E-03    0.625160932365529831E+00    0.206475704333619561E+02    0.228930361163365070E+01
    0.309719851648653042E-03    0.619804421034713560E+00    0.209976808720339392E+02    0.230579906037364957E+01
    0.312073799773419968E-03    0.604661394952477504E+00    0.211330369036678292E+02    0.228962579067576621E+01
    0.320112795749021798E-03    0.553793949299567489E+00    0.226265631083319150E+02    0.229122439407585077E+01
    0.307358294617270230E-03    0.635112489063567986E+00    0.207849025499952234E+02    0.231547250911200120E+01
    0.315702739018792783E-03    0.581538647012752596E+00    0.224786061838796734E+02    0.233781623212950151E+01
    0.307758599481843009E-03    0.632509374599153573E+00    0.205326755274110617E+02    0.229297254917025617E+01
    0.308341609780759423E-03    0.628724208068295320E+00    0.212118379432680051E+02    0.233610829871882997E+01
    0.305808599337691316E-03    0.645221962320926989E+00    0.191564579139597377E+02    0.221330502607538016E+01
    0.319288367256875447E-03    0.558951456021257620E+00    0.224941938940567212E+02    0.229367147295440832E+01
    0.304843471642036470E-03    0.651543915820356978E+00    0.228452970818298589E+02    0.248087275754730330E+01
    0.313238087621418664E-03    0.597213660681512493E+00    0.221764510384142284E+02    0.234725838201727299E+01
    0.305581979117317145E-03    0.646704616707429403E+00    0.217181343242646534E+02    0.240020057933234421E+01
    0.312862512281138422E-03    0.599613117799984163E+00    0.206003881572212002E+02    0.224201902689754240E+01
    0.317729188445416491E-03    0.568741967514194480E+00    0.205903812517916691E+02    0.218287393643667382E+01
    0.318483639946241012E-03    0.563998574606652481E+00    0.212684975262860121E+02    0.222245622949239019E+01
    0.317210581498458659E-03    0.572009093543048519E+00    0.212486834170743428E+02    0.223717048992059109E+01
    0.321589324066011602E-03    0.544590109217504503E+00    0.217270747348797890E+02    0.221263419222538094E+01
    0.321052185906004460E-03    0.547933424436056526E+00    0.214151676306519505E+02    0.219887000149655565E+01
    0.318761532093438625E-03    0.562254240231088498E+00    0.210352693104064699E+02    0.220193708786444819E+01
    0.319615243603492991E-03    0.556904972829855738E+00    0.212074334069975947E+02    0.220323360006301883E+01
    0.306742491105399171E-03    0.639123581265994556E+00    0.189623317039428727E+02    0.218960695533982053E+01
    0.306142253861015025E-03    0.643041038446781510E+00    0.205833409968618852E+02    0.231344081359799425E+01
    0.321217056673421921E-03    0.546906622838789547E+00    0.225098064890885361E+02    0.226848691118233869E+01
    0.320325064245090903E-03    0.552468178185138381E+00    0.218924641005726208E+02    0.224078100359910470E+01
    0.320945933213502511E-03    0.548595436926795355E+00    0.225290371391215629E+02    0.227356916919256591E+01
    0.322068763418991441E-03    0.541610642628208017E+00    0.221010882835693678E+02    0.223014214163940849E+01
    0.327354084555486985E-03    0.509055965202090732E+00    0.223727989943594530E+02    0.216000362866161666E+01
    0.328337479484365838E-03    0.503056829509975323E+00    0.227727439178672171E+02    0.216446883333400342E+01
    0.327185424068684484E-03    0.510086677562846424E+00    0.228834526510497902E+02    0.219273779347360387E+01
    0.325551216034883708E-03    0.520101200100059557E+00    0.230287988069532226E+02    0.223013610739843893E+01
    0.322709255498434058E-03    0.537637229941547945E+00    0.225589353704595865E+02    0.224890768797543839E+01
    0.327740449987093082E-03    0.506696821866087221E+00    0.227102807752837776E+02    0.217233325303415681E+01
    0.318057564315675739E-03    0.566676017583453429E+00    0.220033320003083617E+02    0.227773673486041783E+01
    0.326406395577930714E-03    0.514854355714569722E+00    0.224530379383722618E+02    0.218185211134117063E+01
    0.322725600764922128E-03    0.537535932242281467E+00    0.229221161625561969E+02    0.226971942432103635E+01
    0.315771393285926621E-03    0.581103764480645268E+00    0.210097154341483723E+02    0.223752761559104796E+01
    0.328228011429902505E-03    0.503723742754687343E+00    0.203041480588838326E+02    0.203360241200802117E+01
    0.328382519554055866E-03    0.502782496035576898E+00    0.225102159200685854E+02    0.214836107198179960E+01
    0.326788592360146234E-03    0.512513879545033024E+00    0.228378147260086770E+02    0.219732634423233586E+01
    0.313057537864675644E-03    0.598366788721353959E+00    0.201210117022724297E+02    0.220499566051965212E+01
    0.333360591126425525E-03    0.472691269400715486E+00    0.222149575443039033E+02    0.204066087598149171E+01
    0.328021016166941981E-03    0.504985430078373598E+00    0.216195996228606404E+02    0.210372518400586905E+01
    0.326374774259017837E-03    0.515048119385452585E+00    0.212659529873847575E+02    0.210758337921255112E+01
    0.329201439978219217E-03    0.497801104165266906E+00    0.213985775716777304E+02    0.207543506413978696E+01
    0.314189709487210664E-03    0.591146842476270251E+00    0.200736057839261193E+02    0.218842837574675420E+01
    0.335145642542161531E-03    0.462010407692426128E+00    0.224004474594977481E+02    0.200597638702045789E+01
    0.334906857071332086E-03    0.463435880956536761E+00    0.231015232341402275E+02    0.203957377370300774E+01
    0.334800174580903722E-03    0.464073069973756636E+00    0.226491947266924285E+02    0.202492069125263230E+01
    0.334873379923829122E-03    0.463635810101543311E+00    0.231006901918505498E+02    0.204042779532999852E+01
    0.335225033894841499E-03    0.461536691547957512E+00    0.230216394066038816E+02    0.202766955063322740E+01
    0.311673090989195178E-03    0.607231083685417339E+00    0.227979786933364430E+02    0.240536869120084074E+01
    0.313439621478314549E-03    0.595927296983443044E+00    0.221518753671188691E+02    0.234333885231503869E+01
    0.321575320450539636E-03    0.544677201165694069E+00    0.216946993673123103E+02    0.221072859071051608E+01
    0.318287568230750915E-03    0.565230236586144574E+00    0.230456864946384918E+02    0.234089831933378711E+01
    0.318190276466593367E-03    0.565841675087742635E+00    0.187652815863777676E+02    0.206047291261799215E+01
    0.315452301240431012E-03    0.583125818313180777E+00    0.191450872083055970E+02    0.210605389724418757E+01
    0.310444138832745048E-03    0.615132834006034024E+00    0.225342614625078532E+02    0.240185368664727728E+01
    0.330558143194311662E-03    0.489575652573343123E+00    0.227011129208434248E+02    0.211375154837951129E+01
    0.322459800928356173E-03    0.539183829735967124E+00    0.216980349449215772E+02    0.219837170846533603E+01
    0.330294458669207886E-03    0.491171678908737308E+00    0.209824131290023637E+02    0.203964040612017117E+01
    0.305692359626558608E-03    0.645982319019170914E+00    0.219215733820579679E+02    0.241228318021096344E+01
    0.331893434496608006E-03    0.481512916182122053E+00    0.211384374635573309E+02    0.202291964850720429E+01
    0.311927802716016687E-03    0.605597271139235449E+00    0.213981354075750261E+02    0.231050802140760325E+01
    0.333489204445742906E-03    0.471919801392382876E+00    0.228432611235855916E+02    0.206230547639057482E+01
    0.316255374030281994E-03    0.578040724343841905E+00    0.167462977691483630E+02    0.197045362526454682E+01
    0.328801245136597583E-03    0.500233889927505948E+00    0.207858752538860365E+02    0.205023033426163526E+01
    0.308406633959799751E-03    0.628302485396580290E+00    0.228950636708483373E+02    0.244724672906836149E+01
    0.332608113180613235E-03    0.477210870764379125E+00    0.209257162035864255E+02    0.200016446181499274E+01
    0.324403817318355265E-03    0.527162611118314306E+00    0.231390331319535818E+02    0.225569807125470279E+01
    0.313826467175325836E-03    0.593460428437205034E+00    0.215862515292220785E+02    0.230212941216498956E+01
    0.316536056493587877E-03    0.576266474768551418E+00    0.224662674526322910E+02    0.232685056225857334E+01
    0.335593862632468085E-03    0.459337416740993765E+00    0.212906548472698702E+02    0.194799680063719771E+01
    0.325714356513487411E-03    0.519099209582564391E+00    0.221305687129787358E+02    0.217524297563896418E+01
    0.336099242768398126E-03    0.456327826633652733E+00    0.224611797898636958E+02    0.197611250638307778E+01
    0.335623506754343303E-03    0.459160757892481453E+00    0.219063979006586251E+02    0.197231474986102739E+01
    0.335978187783015335E-03    0.457048309013744158E+00    0.227672048933954869E+02    0.199280919936684864E+01
    0.336184445044646811E-03    0.455820884232704338E+00    0.219892494603211439E+02    0.195423719379865934E+01
    0.336327580459756792E-03    0.454969536379623007E+00    0.223036025933212692E+02    0.195967380046696160E+01
    0.336538366972927573E-03    0.453716469429985725E+00    0.229275741275701783E+02    0.197211449916412018E+01
    0.336213715135433538E-03    0.455646760669976780E+00    0.227624933761475816E+02    0.198276137664400443E+01
    0.335843788813796891E-03    0.457848514875970780E+00    0.216586022017193613E+02    0.195510228903094463E+01
    0.335377761426818716E-03    0.460625704980749895E+00    0.210031397412660645E+02    0.194197699005343782E+01
    0.335583593752057261E-03    0.459398615938397759E+00    0.212214302588300292E+02    0.194524219580999080E+01
    0.334474011395988235E-03    0.466022424767775834E+00    0.209441766850922271E+02    0.196344494974682870E+01
    0.335434419529353274E-03    0.460287857193977246E+00    0.216061966085086183E+02    0.196678894215307487E+01
    0.333666605874502790E-03    0.470856173195208449E+00    0.202373169745142789E+02    0.194588714673925534E+01
    0.332159947338254015E-03    0.479907546112509964E+00    0.197718910364541003E+02    0.195052500240689675E+01
    0.334928237365209535E-03    0.463308205986608823E+00    0.205964977418956501E+02    0.193495339737926608E+01
    0.336214892181337479E-03    0.455639758910140802E+00    0.217139239984967318E+02    0.194225142503922843E+01
    0.336102905197625096E-03    0.456306033015539181E+00    0.212520514989945823E+02    0.192753476222887432E+01
    0.332821283888658638E-03    0.475929468311907133E+00    0.208028297374720594E+02    0.199023165841938132E+01
    0.335492836265031513E-03    0.459939582561687765E+00    0.204750128536078400E+02    0.191300888271782599E+01
    0.333120949514360647E-03    0.474129518521086590E+00    0.216522915383999788E+02    0.202366972922972099E+01
    0.328144461250992310E-03    0.504232905968190148E+00    0.207999939643686780E+02    0.205931004281075536E+01
    0.330099556820878995E-03    0.492352197504705102E+00    0.254227681742951539E+02    0.182792533056832207E+01
    0.334032468439213691E-03    0.468664391805047542E+00    0.243179652762818215E+02    0.211396354723088331E+01
    0.323990997045297202E-03    0.529709333082730272E+00    0.249556893849665897E+02    0.236775035258108568E+01
    0.318852901778025628E-03    0.561681043136678215E+00    0.194931127708036911E+02    0.209081302541645631E+01
    0.333451853169410787E-03    0.472143816848886733E+00    0.253238030828575091E+02    0.219079305344689468E+01
    0.326595533728893926E-03    0.513695779313709022E+00    0.250316415866213013E+02    0.176698229872354462E+01
    0.333120173982498610E-03    0.474134174684356369E+00    0.186731744768710115E+02    0.187879354577634361E+01
    0.321921820478824445E-03    0.542523345058280926E+00    0.254137765117379182E+02    0.242644484987544962E+01
    0.333585437642078297E-03    0.471342755341271624E+00    0.245103582485998466E+02    0.213950600010056968E+01
    0.305705245884486249E-03    0.645898012127462673E+00    0.226217151194588624E+02    0.148831818529235971E+01
    0.316512604398644707E-03    0.576414659869650348E+00    0.234917696084494345E+02    0.239036953713182543E+01
    0.334937284805101915E-03    0.463254180576472996E+00    0.219413264200697142E+02    0.199399830224068353E+01
    0.327762172239233561E-03    0.506564268607491375E+00    0.237733960173557541E+02    0.173272478559100929E+01
    0.305127306714984608E-03    0.649682612928449532E+00    0.224037765889561626E+02    0.147576911931075960E+01
    0.313798187559037535E-03    0.593640661103935430E+00    0.223762270482975580E+02    0.235374837609397858E+01
    0.306715933568461354E-03    0.639296747276182575E+00    0.242335277721045834E+02    0.254985601419207519E+01
    0.336766519561982312E-03    0.452361050199559633E+00    0.247843548310239434E+02    0.202602419188156713E+01
    0.323308407610194907E-03    0.533927410116070811E+00    0.234101374264916196E+02    0.228896130055248914E+01
    0.336077432498713114E-03    0.456457615544785478E+00    0.230724724327417405E+02    0.186526733078826057E+01
    0.307786124180406081E-03    0.632330510594486639E+00    0.222742355133031218E+02    0.241349307065533170E+01
    0.331829216142433335E-03    0.481899935394518086E+00    0.249575394256928753E+02    0.183691497971740914E+01
    0.336071934992474030E-03    0.456490331524326776E+00    0.233499724048881845E+02    0.201153814618167415E+01
    0.321173268864827493E-03    0.547179278306480943E+00    0.236211030934193325E+02    0.165444582903681114E+01
    0.311391866351033069E-03    0.609036511218752241E+00    0.266275130254866319E+02    0.263558964261376527E+01
    0.311559972404457726E-03    0.607957095141637094E+00    0.239874183491186734E+02    0.248048751661865108E+01
    0.317871659497644815E-03    0.567845360437127300E+00    0.211664800459931506E+02    0.152664145658263761E+01
    0.309043470492956880E-03    0.624176893680696732E+00    0.220816877315988904E+02    0.238764665942221299E+01
    0.336502107474412099E-03    0.453931966119571872E+00    0.247437676876067698E+02    0.195044386161348360E+01
    0.331526946035638076E-03    0.483722607105134261E+00    0.231409325287603913E+02    0.176182660768579247E+01
    0.305916903790377163E-03    0.644513772433381149E+00    0.232388688683335864E+02    0.249551429584267570E+01
    0.336870236557821581E-03    0.451745187150422500E+00    0.223122900595608904E+02    0.189125211687285288E+01
    0.327175660596608852E-03    0.510146360036669244E+00    0.230964921761333990E+02    0.169932185185379891E+01
    0.326294297508033810E-03    0.515541335656136246E+00    0.235942250033657039E+02    0.225002142043670350E+01
    0.336400727712855190E-03    0.454534607434323445E+00    0.216382693094467946E+02    0.193025744706922708E+01
    0.331507492888395824E-03    0.483839965396683835E+00    0.236148769086913362E+02    0.214443567619008224E+01
    0.317713482943435363E-03    0.568840830890492755E+00    0.221120215858853442E+02    0.156400304288721737E+01
    0.336779662035530450E-03    0.452283000771568078E+00    0.239976514169135200E+02    0.194298448929376955E+01
    0.331803103537230907E-03    0.482057327398746183E+00    0.249061749637647836E+02    0.221199421435930921E+01
    0.313288394810349615E-03    0.596892479116488683E+00    0.270251257637575080E+02    0.171239382512585081E+01
    0.314479614230495346E-03    0.589302281255311700E+00    0.224597308337858976E+02    0.154962627373080153E+01
    0.336306563320867141E-03    0.455094520453600382E+00    0.236385226358751552E+02    0.189734164396679539E+01
    0.318156260514928634E-03    0.566055495386716845E+00    0.177936367851654040E+02    0.201244972848841819E+01
    0.316458165492480327E-03    0.576758681482579805E+00    0.243940037360677309E+02    0.244340506021564696E+01
    0.321638586836211419E-03    0.544283761999288074E+00    0.187074941670382771E+02    0.202596589915812464E+01
    0.317451319192812867E-03    0.570491827700321030E+00    0.230308823678038692E+02    0.159712698734854941E+01
    0.334762348663789847E-03    0.464299043894584262E+00    0.212757201098178328E+02    0.197127447490999108E+01
    0.336102835297505062E-03    0.456306448960338285E+00    0.225490812106622975E+02    0.197935342907316691E+01
    0.330607151280511624E-03    0.489279157359821582E+00    0.225755720488307823E+02    0.210536037084744265E+01
    0.311370168537403755E-03    0.609175876256583759E+00    0.260208099559593187E+02    0.260065855004091251E+01
    0.307458610642619623E-03    0.634459832798710543E+00    0.230518038205425171E+02    0.151767702293129636E+01
    0.331752868987429260E-03    0.482360147669997241E+00    0.263351132550532903E+02    0.229612860070580149E+01
    0.328899912224357585E-03    0.499633817463617735E+00    0.226278302775179725E+02    0.170333073376833966E+01
    0.325793496697704779E-03    0.518613320215510765E+00    0.230288459494005515E+02    0.168032940589818969E+01
    0.335195266271020415E-03    0.461714297290706177E+00    0.217073189076304658E+02    0.178271101598224480E+01
    0.322141467465889150E-03    0.541159212062712669E+00    0.261371808011100342E+02    0.246509251597684065E+01
    0.318449368751608187E-03    0.564213800975503554E+00    0.255125630216214674E+02    0.248176820895090966E+01
    0.336881857996856643E-03    0.451676191808485950E+00    0.229268461251738245E+02    0.193668822357516568E+01
    0.336708082188342140E-03    0.452708130096174943E+00    0.239494856501372020E+02    0.199928706331108019E+01
    0.335263863071615239E-03    0.461305044599037151E+00    0.224165175037620941E+02    0.200319052171908307E+01
    0.336687276281069647E-03    0.452831718160851104E+00    0.273318494900244424E+02    0.214938181401864314E+01
    0.316947140460065873E-03    0.573670768829337652E+00    0.239425694529505648E+02    0.241082603396783401E+01
    0.334026994462573558E-03    0.468697167190740227E+00    0.237661155440328784E+02    0.183290835988251510E+01
    0.331703979998826100E-03    0.482654900757654270E+00    0.221946722078536887E+02    0.206990846034444820E+01
    0.308480682385151722E-03    0.627822343083743073E+00    0.223732550860528292E+02    0.241258158463723094E+01
    0.324150688668991454E-03    0.528723797787313488E+00    0.233785442286200258E+02    0.167556224034326551E+01
    0.330942517956128539E-03    0.487251393036502611E+00    0.264940156896123185E+02    0.232490494832307304E+01
    0.335305020252992143E-03    0.461059538537232694E+00    0.223195962793931955E+02    0.199823675136526901E+01
    0.305387474607619381E-03    0.647978032359111333E+00    0.231738650691069630E+02    0.249669514463911701E+01
    0.325536700196418880E-03    0.520190379076386877E+00    0.244379196276235575E+02    0.173176073170431000E+01
    0.311860734070483665E-03    0.606027344100416365E+00    0.198280145883666528E+02    0.219731123377460236E+01
    0.309905752172459864E-03    0.618604338092770378E+00    0.171351762911757604E+02    0.204602183591715470E+01
    0.335128332114256798E-03    0.462113711288047790E+00    0.257826253001209125E+02    0.193804327945593036E+01
    0.314894705951088247E-03    0.586664157852636370E+00    0.199033830849798825E+02    0.216775304378392208E+01
    0.323452000213916727E-03    0.533039337164518456E+00    0.242572436373468783E+02    0.233583036452106363E+01
    0.324244467791886561E-03    0.528145267102041016E+00    0.244262418529389578E+02    0.171699659852641462E+01
    0.309752161690389429E-03    0.619595791485229364E+00    0.246655249503252634E+02    0.254086997232731537E+01
    0.336141861633605752E-03    0.456074233897444392E+00    0.215369163389210279E+02    0.180869160872488699E+01
    0.308552040522058280E-03    0.627359754085942911E+00    0.211484772495232356E+02    0.232927555012185339E+01
    0.314279331771367531E-03    0.590576425931423121E+00    0.262264373791893455E+02    0.169103120237300075E+01
    0.332155876916947958E-03    0.479932055065376950E+00    0.243482652989274087E+02    0.217060884277985755E+01
    0.334186554128799095E-03    0.467742025412521190E+00    0.238606563524772142E+02    0.208654788353866216E+01
    0.336256222877496082E-03    0.455393915213453016E+00    0.198520827557536563E+02    0.185404759351113846E+01
    0.313204618794711955E-03    0.597427367865876913E+00    0.188573950579911802E+02    0.211160037960918645E+01
    0.319084206323618641E-03    0.560230714865805335E+00    0.234453182250315280E+02    0.235315146424123656E+01
    0.327350194065555416E-03    0.509079734650734528E+00    0.195195893792833743E+02    0.155118077590329140E+01
    0.311939891489910386E-03    0.605519762564851849E+00    0.250816067299440526E+02    0.253943967040667484E+01
    0.332641540253462899E-03    0.477009881119631496E+00    0.230286713091047588E+02    0.177670154299177785E+01
    0.312657031744337070E-03    0.600927101007413422E+00    0.212558090478388451E+02    0.148655347930853199E+01
    0.334655735182416735E-03    0.464936095595738119E+00    0.222621049535925053E+02    0.201366525874428826E+01
    0.335898766937607553E-03    0.457521138719954201E+00    0.221469075000311300E+02    0.182253895845106406E+01
    0.313972743587125828E-03    0.592528433544957212E+00    0.234728302876676338E+02    0.242148466190844314E+01
    0.334346290632950337E-03    0.466786281751202237E+00    0.264900945688687770E+02    0.222916804698187088E+01
    0.321453481711046134E-03    0.545435106507054845E+00    0.218873914438381334E+02    0.159030067326110824E+01
    0.336255142061886599E-03    0.455400343747844827E+00    0.217696473449212995E+02    0.194255222522055515E+01
    0.323725589176481984E-03    0.531348370212953114E+00    0.245751313443288559E+02    0.234992845672255601E+01
    0.319390157567414699E-03    0.558313950249921365E+00    0.256675409345750332E+02    0.247777867428485132E+01
    0.331648688463699712E-03    0.482988307332366251E+00    0.248426985619272003E+02    0.221216825278667573E+01
    0.332220012991094570E-03    0.479545911767159660E+00    0.219762721928584739E+02    0.172857331224796296E+01
    0.332347442229190368E-03    0.478778921216200137E+00    0.224289729552162527E+02    0.206793823457743287E+01
    0.334665211852662036E-03    0.464879461060167365E+00    0.264780969838843632E+02    0.195257675916465212E+01
    0.313843186314896301E-03    0.593353881055271093E+00    0.250056130263592706E+02    0.251198049126703715E+01
    0.325884266299301918E-03    0.518056176133954494E+00    0.233067577408565825E+02    0.169209699777417910E+01
    0.307096242971393251E-03    0.636818403143350031E+00    0.245055824108658449E+02    0.256145371983665759E+01
    0.326773718462621519E-03    0.512604912318992190E+00    0.252516777999472772E+02    0.233759135750061020E+01
    0.320021064453385802E-03    0.554367150012523346E+00    0.215537830300632436E+02    0.222288535045047420E+01
    0.324871760204909724E-03    0.524279749148603202E+00    0.249762957376393651E+02    0.235454080045451031E+01
    0.332920910999243060E-03    0.475330875570795008E+00    0.244763937867375176E+02    0.215725316899419273E+01
    0.316619782393651465E-03    0.575737531368465283E+00    0.217057094199363547E+02    0.227643905877211372E+01
    0.308309333026885357E-03    0.628933576134817818E+00    0.240278625181160344E+02    0.252025744321802669E+01
    0.334204392007454818E-03    0.467635274243834331E+00    0.229035738032305893E+02    0.180362554930384444E+01
    0.335635865833198630E-03    0.459087110778643614E+00    0.217080938695842249E+02    0.179633641979776160E+01
    0.332999070696044939E-03    0.474861391552837409E+00    0.243835860988771458E+02    0.214964036247926593E+01
    0.332264665043451219E-03    0.479277119700768306E+00    0.246831321668299779E+02    0.218718008230658745E+01
    0.336780314433748798E-03    0.452279126442683199E+00    0.219647244282653169E+02    0.186461959088654972E+01
    0.312760675089767868E-03    0.600264226610051299E+00    0.222106358777426394E+02    0.152597542657047525E+01
    0.306362527429868516E-03    0.641602528348067080E+00    0.219559925892980417E+02    0.146738123632418960E+01
    0.335036563756975275E-03    0.462661447276132676E+00    0.226865815647587077E+02    0.202005895481839115E+01
    0.331788642570695724E-03    0.482144495249295035E+00    0.258433539418225990E+02    0.226671111703553896E+01
    0.332643519923019114E-03    0.476997978435053649E+00    0.213249069406903118E+02    0.170967089842303333E+01
    0.334052038811227933E-03    0.468547218771951213E+00    0.273866760301906425E+02    0.229030822298826164E+01
    0.336624708487121287E-03    0.453203419812054698E+00    0.207969730202812535E+02    0.180159087718504374E+01
    0.310644315319712888E-03    0.613843636033918894E+00    0.215821315393771549E+02    0.148503300488359868E+01
    0.329630327492396889E-03    0.495197176449947429E+00    0.224638007073660049E+02    0.170704743687599647E+01
    0.322349724689255856E-03    0.539866674736214303E+00    0.251935970589415312E+02    0.172680605407200671E+01
    0.319907440725164885E-03    0.555077377661365112E+00    0.246289911745898102E+02    0.241027401742104130E+01
    0.330471608577231077E-03    0.490099287809686646E+00    0.242975983397468696E+02    0.220829286750781728E+01
    0.333971558083632006E-03    0.469029122275716470E+00    0.262403116228443949E+02    0.222747565101715361E+01
    0.321758423961853476E-03    0.543538734434556248E+00    0.226239214329750666E+02    0.226708787931823652E+01
    0.321047705864548755E-03    0.547961333124489358E+00    0.217153302838955859E+02    0.221940817544882574E+01
    0.336876648555461890E-03    0.451707119455969253E+00    0.233131182497857665E+02    0.195303116160587020E+01
    0.311243724552400013E-03    0.609988219110766616E+00    0.224688399951959958E+02    0.152391063907549906E+01
    0.327132448884329119E-03    0.510410527401960468E+00    0.233647204307380179E+02    0.222162376396818395E+01
    0.329081678396200329E-03    0.498528824989315222E+00    0.232447204945128689E+02    0.217696961742998907E+01
    0.336775911259472869E-03    0.452305275257632700E+00    0.216199691436789614E+02    0.185084223838148487E+01
    0.321052184123878689E-03    0.547933435537838354E+00    0.232325425979608937E+02    0.231281941496579702E+01
    0.322084072698457756E-03    0.541515576497245577E+00    0.222076575514667205E+02    0.223684324317071104E+01
    0.330149832087937628E-03    0.492047614006407175E+00    0.231503702414808537E+02    0.214889945275086891E+01
    0.330747783356804333E-03    0.488428587893733834E+00    0.217937524837521082E+02    0.169756260747219567E+01
    0.311113348130131182E-03    0.610826171661794204E+00    0.209887889234851244E+02    0.228988901107093046E+01
    0.308800040959865570E-03    0.625752888515476280E+00    0.244749020183559054E+02    0.254065782628022552E+01
    0.336675030686747452E-03    0.452904461135603953E+00    0.226956241497401798E+02    0.188316070964365601E+01
    0.328232396208844458E-03    0.503697025049302582E+00    0.232827384384447846E+02    0.171979877231417921E+01
    0.312703356009702191E-03    0.600630796563722869E+00    0.222600938881651480E+02    0.152742325314532312E+01
    0.336273907229155025E-03    0.455288734191093170E+00    0.258351727425421132E+02    0.198052770828507319E+01
    0.333798174446501249E-03    0.470067705683024972E+00    0.262189351200634597E+02    0.192256594896384581E+01
    0.336322756195508402E-03    0.454998224474971513E+00    0.210079595558438079E+02    0.190666955115826298E+01
    0.316327283461071275E-03    0.577586020565624692E+00    0.199585592282453774E+02    0.215447075921229958E+01
    0.320613643679612298E-03    0.550667198150985193E+00    0.214103192895990340E+02    0.156291715567229650E+01
    0.325480684289898244E-03    0.520534553643724029E+00    0.219094754161625822E+02    0.216616456257002721E+01
    0.323234832156023006E-03    0.534382602901112724E+00    0.222663978583330149E+02    0.222378188706513136E+01
    0.308508339845092315E-03    0.627643037073666976E+00    0.228120028366531002E+02    0.151622278069762118E+01
    0.332927592592519332E-03    0.475290736750983711E+00    0.266439675106080998E+02    0.228277582807833257E+01
    0.318766688296420189E-03    0.562221889017029297E+00    0.243796688356205600E+02    0.166099800287598187E+01
    0.331292833750257323E-03    0.485135433349948963E+00    0.204378917803727518E+02    0.199766896618371659E+01
    0.304577440131118611E-03    0.653290042496859735E+00    0.192839958181655362E+02    0.223504466188989426E+01
    0.335455633989772647E-03    0.460161371727003887E+00    0.221732365904386945E+02    0.180847449923342340E+01
    0.335031475219159987E-03    0.462691823521645562E+00    0.228405765632638804E+02    0.182183744548634508E+01
    0.315183000982512216E-03    0.584833938828089872E+00    0.236940671341935598E+02    0.241917687636429068E+01
    0.327012065059016719E-03    0.511146657257705583E+00    0.237829699988461485E+02    0.224808484872025005E+01
    0.327569272448146394E-03    0.507741686832860362E+00    0.213615023373686626E+02    0.209432660438348783E+01
    0.328141572714714033E-03    0.504250511317863026E+00    0.254523269620928012E+02    0.232368674931776820E+01
    0.336888376239286068E-03    0.451637494685350527E+00    0.265680817617208866E+02    0.207498016772461158E+01
    0.336383435001023803E-03    0.454637420269663028E+00    0.222364387361537155E+02    0.184711346067346094E+01
    0.336384004312223440E-03    0.454634035378144508E+00    0.231429009574639757E+02    0.198918976419013793E+01
    0.334785639644805046E-03    0.464159899388552788E+00    0.253658772818647051E+02    0.191273022060415920E+01
    0.317011326168878762E-03    0.573265785144058793E+00    0.260990564075596652E+02    0.253505052358445404E+01
    0.336874292929615759E-03    0.451721104599146883E+00    0.211112942614392018E+02    0.184324019106510173E+01
    0.336890873103492779E-03    0.451622671645256824E+00    0.262510740142064556E+02    0.206170232958786803E+01
    0.336068814536278726E-03    0.456508901778833687E+00    0.222399704881520286E+02    0.183279208311741515E+01
    0.336272246769902183E-03    0.455298609850885272E+00    0.233796347232744424E+02    0.200386671172620678E+01
    0.335475509802623465E-03    0.460042874840756288E+00    0.205436403104327425E+02    0.174015311217014634E+01
    0.322280759971668642E-03    0.540294608068509818E+00    0.213081798279253007E+02    0.217382726503827151E+01
    0.335852502706915248E-03    0.457796623012169002E+00    0.243128021685109772E+02    0.205719032415691760E+01
    0.325789521502407441E-03    0.518637723523678096E+00    0.227441271854095390E+02    0.220953150486160954E+01
    0.330924476825088872E-03    0.487360424797784630E+00    0.244108270037063662E+02    0.180125301649615155E+01
    0.333539201063881899E-03    0.471619984366182687E+00    0.217588698263010691E+02    0.201944408553944665E+01
    0.323742934237759980E-03    0.531241214046096144E+00    0.242557245507836612E+02    0.170504929660176696E+01
    0.312481357426132181E-03    0.602051167779651841E+00    0.224434110449888600E+02    0.153271751966904946E+01
    0.336891507394414160E-03    0.451618906091632799E+00    0.257900923679247569E+02    0.203195805059160417E+01
    0.326031197277409912E-03    0.517154642184814550E+00    0.232098965138953943E+02    0.169006007288017779E+01
    0.321111513643857925E-03    0.547563875437481307E+00    0.212538903170478157E+02    0.218634568693480613E+01
    0.333160772347353216E-03    0.473890443476799428E+00    0.263832515937221501E+02    0.226092974641995159E+01
    0.328388575085931933E-03    0.502745615412020563E+00    0.247571463333323756E+02    0.227855723124698573E+01
    0.313441131016117033E-03    0.595917664926333246E+00    0.240802117906931628E+02    0.160361185679820428E+01
    0.330192092873492248E-03    0.491791620654991768E+00    0.218786088650687240E+02    0.169253189445253227E+01
    0.311501569081119411E-03    0.608332039314053108E+00    0.263657309519842649E+02    0.261911243352760792E+01
    0.336810876807388409E-03    0.452097637289865628E+00    0.234959444256922119E+02    0.197126750606260392E+01
    0.325015494993498560E-03    0.523395073908198727E+00    0.208307798338853729E+02    0.209808930259337867E+01
    0.329503958446027601E-03    0.495964055373490587E+00    0.249307611256700703E+02    0.180045789260922584E+01
    0.332237855679363449E-03    0.479438499760385495E+00    0.267527950138645920E+02    0.191225353007165388E+01
    0.307786810751035640E-03    0.632326049250651057E+00    0.217796973305937058E+02    0.147102067073560638E+01
    0.334229186319971131E-03    0.467486901610670025E+00    0.235650845083640945E+02    0.207416748077838653E+01
    0.324322925403711115E-03    0.527661384544695244E+00    0.213529227005419671E+02    0.214677693981055651E+01
    0.333820180749560419E-03    0.469935856084247039E+00    0.234486035442851772E+02    0.207874675067919990E+01
    0.336744400763183801E-03    0.452492414357965722E+00    0.209167288653383991E+02    0.187518686897475861E+01
    0.325630087497154092E-03    0.519616717746353762E+00    0.225800090355121093E+02    0.166114094652709721E+01
    0.336014581325663156E-03    0.456831678452485179E+00    0.207684188612852694E+02    0.176911644149050673E+01
    0.311931971468488111E-03    0.605570542360468922E+00    0.245969868381185854E+02    0.161143723580699039E+01
    0.324442713819640260E-03    0.526922822512134070E+00    0.224943398386018671E+02    0.221767203295382309E+01
    0.336062988412739604E-03    0.456543574285111553E+00    0.236075318568595627E+02    0.188531741221095528E+01
    0.304884627293851415E-03    0.651273922346550016E+00    0.212208428735444983E+02    0.237251383119511328E+01
    0.331756361847624455E-03    0.482339090780157131E+00    0.241019784998041864E+02    0.180268725213976966E+01
    0.317582110811824678E-03    0.569667986846080554E+00    0.237850673962458110E+02    0.162738528099706459E+01
    0.336688894514867152E-03    0.452822105502325878E+00    0.234807921614296617E+02    0.198281024554308516E+01
    0.336174686790485170E-03    0.455878938053646265E+00    0.217411443769638417E+02    0.194509527534422677E+01
    0.335965616583053033E-03    0.457123143842977919E+00    0.248562726955444901E+02    0.207390006558542250E+01
    0.336733515292568573E-03    0.452557066637463978E+00    0.252150424168709435E+02    0.204585504176662125E+01
    0.324828096394448292E-03    0.524548573653233929E+00    0.233714492011410258E+02    0.168267452269088391E+01
    0.334115162385863987E-03    0.468169327880505803E+00    0.233359318719646467E+02    0.206792084918238084E+01
    0.333558636291756826E-03    0.471503448369256728E+00    0.232049593199794657E+02    0.180125680875596794E+01
    0.305104312420321545E-03    0.649833337957784529E+00    0.220007513532879528E+02    0.242340272611702146E+01
    0.335858868560563501E-03    0.457758714744297357E+00    0.200015497688219099E+02    0.187736880153813246E+01
    0.336449656588108594E-03    0.454243732217593565E+00    0.227789487109452828E+02    0.187161577860498829E+01
    0.327971362168697411E-03    0.505288201878651755E+00    0.230855407541851356E+02    0.218969819290403622E+01
    0.336691137206376976E-03    0.452808783506399914E+00    0.226026269649393505E+02    0.194874433502825140E+01
    0.329222318336112462E-03    0.497674265741610278E+00    0.238450319412244021E+02    0.220889965194264359E+01
    0.328251044324459412E-03    0.503583400762877664E+00    0.209037742691099524E+02    0.206313273271321229E+01
    0.324019867979546462E-03    0.529531120427194746E+00    0.256597072051282495E+02    0.176177417872386810E+01
    0.308771140522239409E-03    0.625940076250356081E+00    0.247465848700510129E+02    0.159241027672391589E+01
    0.306682506160087438E-03    0.639514728974487690E+00    0.246117378098025341E+02    0.257215738829459140E+01
    0.310659703634569360E-03    0.613744564955091665E+00    0.222968691979553526E+02    0.238407432056216528E+01
    0.335492265734511279E-03    0.459942983713329812E+00    0.210137470947178180E+02    0.176167011858923095E+01
    0.313645171314516267E-03    0.594616151531179860E+00    0.220608260728469894E+02    0.152736224486377470E+01
    0.333205023626388652E-03    0.473624815922879194E+00    0.230851940534387836E+02    0.178953669378620894E+01
    0.321119715002534691E-03    0.547512795027115806E+00    0.236906348527864843E+02    0.165660628936808063E+01
    0.334883352649960244E-03    0.463576249812579888E+00    0.209744186656826699E+02    0.174239094746718948E+01
    0.334122917182679263E-03    0.468122908515596181E+00    0.219582830008774508E+02    0.201459256434578116E+01
    0.326448273380550147E-03    0.514597773019103588E+00    0.225143547384259968E+02    0.218466450470002060E+01
    0.323142812630869067E-03    0.534952050353495245E+00    0.233723591506267070E+02    0.166466780623760169E+01
    0.325833386511272731E-03    0.518368457306104258E+00    0.227597580510110653E+02    0.167040598193872292E+01
    0.326050911544943027E-03    0.517033710987515271E+00    0.215639055464300213E+02    0.213443749948866968E+01
    0.335190691916128635E-03    0.461741591149331165E+00    0.253526512236360482E+02    0.192322670096216886E+01
    0.327388537189402299E-03    0.508845484730511055E+00    0.250323046043194388E+02    0.177663040619070944E+01
    0.330577478350781162E-03    0.489458671089695874E+00    0.244355799833327154E+02    0.179690906780297022E+01
    0.332791373300059246E-03    0.476109216027316484E+00    0.257956702667149003E+02    0.188622177743033959E+01
    0.325452939965168635E-03    0.520705043068222850E+00    0.194063573354270815E+02    0.152371207171969680E+01
    0.312650345459113826E-03    0.600969872197824162E+00    0.218069262686806766E+02    0.232999444134268563E+01
    0.336819770914008061E-03    0.452044824332795914E+00    0.245118820094349843E+02    0.200930686216336785E+01
    0.336446448435028867E-03    0.454262802936275356E+00    0.232004279404136717E+02    0.198804704730244541E+01
    0.314735820616700041E-03    0.587673545619309623E+00    0.248752785495632196E+02    0.164484277929163758E+01
    0.323491583064562584E-03    0.532794599590990514E+00    0.226268805608334169E+02    0.224064932573881670E+01
    0.327840377005080290E-03    0.506087121187560607E+00    0.253545611212824795E+02    0.179471874980405710E+01
    0.309695078605621004E-03    0.619964398082958557E+00    0.240863746798109943E+02    0.250793577072776319E+01
    0.333518766400335651E-03    0.471742520424811296E+00    0.206783084674240385E+02    0.197079394556106013E+01
    0.334739993365010876E-03    0.464432607572462575E+00    0.229081436432636707E+02    0.203645954318240996E+01
    0.328245876564793636E-03    0.503614887641193443E+00    0.237613989005363919E+02    0.173844124099615138E+01
    0.328127663170845439E-03    0.504335290814510784E+00    0.207084612641864680E+02    0.205496822790858769E+01
    0.323067144010445349E-03    0.535420434475354368E+00    0.235981014901842876E+02    0.167259257847813680E+01
    0.328423027217480273E-03    0.502535801021048778E+00    0.243352007827276076E+02    0.225340933665896870E+01
    0.336522348807639688E-03    0.453811665390260799E+00    0.211015840668051915E+02    0.189996521091206105E+01
    0.304857159453689522E-03    0.651454115607221218E+00    0.206452217006096603E+02    0.233101596247030862E+01
    0.313673455962538332E-03    0.594435798856725484E+00    0.190528433518846612E+02    0.212036832159867572E+01
    0.316197623781533529E-03    0.578405970451356222E+00    0.217283405970861381E+02    0.153592877405590400E+01
    0.310043028187651675E-03    0.617718613195588073E+00    0.235445274852367419E+02    0.155611355067936286E+01
    0.325329940228580880E-03    0.521461053970142197E+00    0.236639136549345785E+02    0.169955738897828823E+01
    0.327148932328290938E-03    0.510309754588068376E+00    0.222372655310740193E+02    0.215593214277459522E+01
    0.329891481532394758E-03    0.493613277024191166E+00    0.229566985652461071E+02    0.214328279823905232E+01
    0.324334458480260229E-03    0.527590264863724290E+00    0.214261319963829209E+02    0.215191262654279658E+01
    0.330094021615898159E-03    0.492385734365175409E+00    0.222225186010221947E+02    0.209630880861093871E+01
    0.312795125455350199E-03    0.600043940166621326E+00    0.259578177072871910E+02    0.166885195465602010E+01
    0.323150680870072746E-03    0.534903352730614623E+00    0.208515054171025085E+02    0.156328602796713145E+01
    0.305850544587386560E-03    0.644947657586484979E+00    0.222624138183203897E+02    0.243279615253578552E+01
    0.327358228447829317E-03    0.509030647869516573E+00    0.256920373460803830E+02    0.235243209534814879E+01
    0.315272318116513396E-03    0.584267255468348012E+00    0.234836789926712193E+02    0.240584300766999704E+01
    0.334836040415737682E-03    0.463858829261769912E+00    0.211896131152390126E+02    0.175075577831076989E+01
    0.320672321619153546E-03    0.550301196442669394E+00    0.215679122202337012E+02    0.221499053145667180E+01
    0.320189817901442395E-03    0.553312788353789720E+00    0.222976904664339060E+02    0.226891611935327031E+01
    0.312201788685875575E-03    0.603841315381113297E+00    0.240027547465841025E+02    0.247374492779544530E+01
    0.336458290321753112E-03    0.454192410287547088E+00    0.212734301761724893E+02    0.191139176869748795E+01
    0.332991949389730443E-03    0.474904162738035263E+00    0.220776922787647507E+02    0.204256172096327715E+01
    0.334296292063384151E-03    0.467085386659882751E+00    0.184572639436450423E+02    0.184386310456514080E+01
    0.321651411622560365E-03    0.544204017023420361E+00    0.253936654629258811E+02    0.242931954688003060E+01
    0.310645478758660176E-03    0.613836145558728008E+00    0.232267954968710200E+02    0.154849769819255290E+01
    0.327241425572140008E-03    0.509744384127770012E+00    0.224749633118691960E+02    0.167614787051465042E+01
    0.314084660654307042E-03    0.591815651129782516E+00    0.233140389197259275E+02    0.241089052569237161E+01
    0.332981657775806414E-03    0.474965976682695579E+00    0.233071164248636684E+02    0.209019232112191577E+01
    0.334663556611643404E-03    0.464889353006226747E+00    0.241198502320433299E+02    0.208514601943358624E+01
    0.328816035086865600E-03    0.500143929090314021E+00    0.190817915508603768E+02    0.196529157885016703E+01
    0.330445691527033077E-03    0.490256142836526077E+00    0.222884378002648198E+02    0.209328057219682151E+01
    0.324027577277100857E-03    0.529483535654745818E+00    0.240498319908137432E+02    0.231462459864527048E+01
    0.336254521655823921E-03    0.455404033842403466E+00    0.240724879943786583E+02    0.203143111772146456E+01
    0.334555802408316005E-03    0.465533412104677635E+00    0.258064701755240833E+02    0.218195938828553215E+01
    0.336895587863284506E-03    0.451594682007204651E+00    0.174394136433744791E+02    0.167912342126849135E+01
    0.320041850175548635E-03    0.554237252018468185E+00    0.205961047096666761E+02    0.152111701321902126E+01
    0.326859716001886126E-03    0.512078638507239114E+00    0.278439860158821944E+02    0.248108288747895811E+01
    0.334331958536854376E-03    0.466872015636612681E+00    0.241685989268102794E+02    0.209506672055372833E+01
    0.334279550043457656E-03    0.467185551929851173E+00    0.214408073111706337E+02    0.199041555003879767E+01
    0.335631247837310162E-03    0.459114628860756990E+00    0.203792614880064562E+02    0.190388269978445557E+01
    0.330050571870804156E-03    0.492649008475638195E+00    0.227322081806345579E+02    0.172340504057237487E+01
    0.317969666267936579E-03    0.567228811829186164E+00    0.207345153886748612E+02    0.150823264591516848E+01
    0.335338350541183395E-03    0.460860742636637788E+00    0.259914755102904884E+02    0.216094350402795898E+01
    0.331641291531235870E-03    0.483032914865646701E+00    0.266840952998699201E+02    0.231914676982584700E+01
    0.307493875581794939E-03    0.634230449618684800E+00    0.242834713769374844E+02    0.156545817375861640E+01
    0.328375245339259866E-03    0.502826799827235216E+00    0.244805139187856717E+02    0.226277476154968848E+01
    0.314897395143617443E-03    0.586647077978026066E+00    0.251648801862240177E+02    0.250808529513928891E+01
    0.305184309765051619E-03    0.649309013287258985E+00    0.264429427706107560E+02    0.162866033168418989E+01
    0.306301718469264694E-03    0.641999541630370985E+00    0.208928709952338139E+02    0.142197081376002599E+01
    0.317424820263366902E-03    0.570658782656187191E+00    0.234899955623271985E+02    0.161460630521636084E+01
    0.305968243172602438E-03    0.644178157930556106E+00    0.210128365233761727E+02    0.234639611364003109E+01
    0.308352846453235701E-03    0.628651324828539804E+00    0.248151773276258147E+02    0.159178139155727827E+01
    0.322036865435304303E-03    0.541808734259668801E+00    0.194145619966444087E+02    0.148776785307714787E+01
    0.333051309040032395E-03    0.474547671475897159E+00    0.225623542187947095E+02    0.176638278730581355E+01
    0.311684404417194617E-03    0.607158486961486332E+00    0.241323073897110234E+02    0.248741766174336032E+01
    0.322122973496409993E-03    0.541274034289787376E+00    0.249511459822477129E+02    0.171516540053494149E+01
    0.335560366525092279E-03    0.459537049588101210E+00    0.235401727039005841E+02    0.186454279952356350E+01
    0.307808825978754107E-03    0.632182999323623651E+00    0.231133777835119965E+02    0.152264083566687036E+01
    0.320623763990281055E-03    0.550604068267742885E+00    0.212973383330751709E+02    0.155797002206075241E+01
    0.315583669971999784E-03    0.582293100436803268E+00    0.211885672399417047E+02    0.225277573900402617E+01
    0.330425808032014585E-03    0.490376489954159611E+00    0.249530227458904079E+02    0.224733244529654241E+01
    0.336320672143289681E-03    0.455010617681420482E+00    0.236946451959066557E+02    0.190019725142150531E+01
    0.334451852918976264E-03    0.466154926608128239E+00    0.220974068621665971E+02    0.177832027413243488E+01
    0.333768856923016399E-03    0.470243373576290535E+00    0.265414759248931418E+02    0.225152600224313115E+01
    0.304825127697808758E-03    0.651664269364912063E+00    0.238955240540965121E+02    0.153117267964016168E+01
    0.335515116289693629E-03    0.459806767297217700E+00    0.228856032981877391E+02    0.183783443250410494E+01
    0.331227336085307823E-03    0.485530878911579422E+00    0.235367575095059252E+02    0.177227768245706363E+01
    0.325217400724537903E-03    0.522153022090408037E+00    0.224832028638274863E+02    0.220416094622029179E+01
    0.323298845690585886E-03    0.533986561445170205E+00    0.215351760610410246E+02    0.217546374471554937E+01
    0.326084494247386809E-03    0.516827724916677389E+00    0.238272833808623936E+02    0.171449999996952140E+01
    0.331906859478572544E-03    0.481432018465818512E+00    0.236469460565212586E+02    0.213634014557450547E+01
    0.333463734390981772E-03    0.472072556126879761E+00    0.221399600729617170E+02    0.175822599040714689E+01
    0.313929342074838029E-03    0.592804919406990760E+00    0.251588109517107092E+02    0.251980243720883657E+01
    0.336503071865348186E-03    0.453926234271049500E+00    0.234890055443537911E+02    0.199592506213678256E+01
    0.319211440143246628E-03    0.559433380138442349E+00    0.234456067916150879E+02    0.235140291659085232E+01
    0.330743198346179854E-03    0.488456313203684933E+00    0.255187437911875108E+02    0.227295093953904503E+01
    0.326760682744802204E-03    0.512684698281577700E+00    0.227250792612073980E+02    0.167996274834158088E+01
    0.321028991523248112E-03    0.548077919453705542E+00    0.215974451462201742E+02    0.221201262630725370E+01
    0.336844443348787467E-03    0.451898327402911804E+00    0.236224581331065018E+02    0.193693778535956884E+01
    0.322824625034479832E-03    0.536922351663255193E+00    0.236025291175048402E+02    0.230765401278499915E+01
    0.336728027029731378E-03    0.452589663972233269E+00    0.230647275942777910E+02    0.196339184198049654E+01
    0.325076145615486509E-03    0.523021891923535875E+00    0.229587237338941890E+02    0.223411485551878464E+01
    0.314615710167560848E-03    0.588436937426416340E+00    0.254665753705744855E+02    0.166572154084109281E+01
    0.318483859861464955E-03    0.563997193592871926E+00    0.232211308344654519E+02    0.234840196898820386E+01
    0.318130812363182980E-03    0.566215474445501354E+00    0.209537430642371696E+02    0.220413937595719478E+01
    0.333609744790256551E-03    0.471197027980948147E+00    0.263077789128274802E+02    0.224299420737948196E+01
    0.320246523172400092E-03    0.552958621874036105E+00    0.236457330497247327E+02    0.164647104239389730E+01
    0.329800248704723963E-03    0.494166461634945264E+00    0.265356182023311540E+02    0.235280797345385473E+01
    0.335965580915735410E-03    0.457123356170178685E+00    0.248683382976901299E+02    0.207436697217662092E+01
    0.317107096682738650E-03    0.572661667609309033E+00    0.215507797082742698E+02    0.226033749018580465E+01
    0.307776335197205118E-03    0.632394120602226883E+00    0.244986955365013870E+02    0.157573042447113876E+01
    0.304306136742342665E-03    0.655072343199556428E+00    0.226788612130495437E+02    0.148055389794333525E+01
    0.336071582647128530E-03    0.456492428370233905E+00    0.227646083051388857E+02    0.198896768402258495E+01
    0.328216245608976180E-03    0.503795437012356073E+00    0.250074253912486775E+02    0.229643629532504745E+01
    0.322891747811633427E-03    0.536506548191525545E+00    0.227775200365831481E+02    0.225876800279161349E+01
    0.307578860423377487E-03    0.633677768043655831E+00    0.195539794803410452E+02    0.222383108409115948E+01
    0.327273753220900794E-03    0.509546817135686281E+00    0.229121091197339837E+02    0.219277018286291359E+01
    0.329886193994245085E-03    0.493645333508343942E+00    0.231839494682177225E+02    0.215657651399467376E+01
    0.324900008788369971E-03    0.524105850651772287E+00    0.255673315843240907E+02    0.238834893121609637E+01
    0.323276748646259026E-03    0.534123263445861141E+00    0.204277847462965205E+02    0.209542326162494907E+01
    0.330943534242594329E-03    0.487245251275619184E+00    0.254851899547269767E+02    0.226637253441278697E+01
    0.331556931144765129E-03    0.483541724353014235E+00    0.210855932243302320E+02    0.202572888540461538E+01
    0.336129327784290440E-03    0.456148810047745545E+00    0.245011930349668781E+02    0.192256964966534127E+01
    0.306451214178662284E-03    0.641023646097938937E+00    0.252069825228833011E+02    0.260921006800194899E+01
    0.313077815132415543E-03    0.598237249524119274E+00    0.232482311768778231E+02    0.156856485034500759E+01
    0.333365145732846381E-03    0.472663944183349338E+00    0.224586799973239692E+02    0.176853526461674049E+01
    0.304681112835505593E-03    0.652609394158758294E+00    0.249815630091854928E+02    0.261523849837684974E+01
    0.326408364495398852E-03    0.514842291542072616E+00    0.235553295593901382E+02    0.224574662563980398E+01
    0.332045639178050653E-03    0.480595936355848075E+00    0.247616690032488336E+02    0.219744047186542879E+01
    0.322501139008603125E-03    0.538927454022378516E+00    0.213622551851639422E+02    0.217458192336588763E+01
    0.307263261058008004E-03    0.635730974107850177E+00    0.230636211188119660E+02    0.247022111005847567E+01
    0.330607853462909300E-03    0.489274909528826019E+00    0.218308242737495632E+02    0.207319113074751016E+01
    0.328610306510200209E-03    0.501395650053490849E+00    0.216567299205527242E+02    0.166200323835632879E+01
    0.311342629236462999E-03    0.609352775148382264E+00    0.233472922887966199E+02    0.244472030089625081E+01
    0.314461958899934048E-03    0.589414567237474873E+00    0.243786410048200111E+02    0.246794338811118275E+01
    0.335163533433124417E-03    0.461903645669117846E+00    0.246915968277565483E+02    0.209386732285815125E+01
    0.327181425124502343E-03    0.510111122225269886E+00    0.223707654941554601E+02    0.216307715754076257E+01
    0.321850950879988074E-03    0.542963684272834368E+00    0.226669050832230248E+02    0.162431184333269352E+01
    0.336812078072136836E-03    0.452090504131832938E+00    0.249179263478935162E+02    0.198229886278281597E+01
    0.330958083446215661E-03    0.487157327613041868E+00    0.220031371759059695E+02    0.170887874939630313E+01
    0.335432449991461177E-03    0.460299600435335354E+00    0.185090313485533713E+02    0.181707477607496060E+01
    0.310068495822561705E-03    0.617554335423360357E+00    0.238424686097121743E+02    0.156780429993237114E+01
    0.309496168219379648E-03    0.621249367107334582E+00    0.242916560409314641E+02    0.252211813937515705E+01
    0.336838795105212142E-03    0.451931863897530983E+00    0.270999466811198708E+02    0.211212597908355848E+01
    0.327666120247205263E-03    0.507150462360901444E+00    0.228566208222136922E+02    0.218222518901220086E+01
    0.320542434061439293E-03    0.551111455772104630E+00    0.263151111932158663E+02    0.175048631504964236E+01
    0.321846687831529724E-03    0.542990175272346498E+00    0.251436908156621186E+02    0.241190691175035976E+01
    0.334083630360241157E-03    0.468358086231992821E+00    0.213476408723233781E+02    0.199072230882885837E+01
    0.318241301493851292E-03    0.565520980583356425E+00    0.259379859433291706E+02    0.171490690376314081E+01
    0.336682076930327817E-03    0.452862603740762593E+00    0.234522473238942055E+02    0.191291573076545474E+01
    0.329584019218375759E-03    0.495478167143359016E+00    0.214552560865171777E+02    0.207305435478005551E+01
    0.326290371148376702E-03    0.515565402170998777E+00    0.246945034369108924E+02    0.231390342629886714E+01
    0.336408198087261175E-03    0.454490194382593138E+00    0.223009343748559061E+02    0.195542726913219811E+01
    0.332175923395257647E-03    0.479811353462311851E+00    0.249057280230168985E+02    0.184083241405347264E+01
    0.330015642331536448E-03    0.492860681417223501E+00    0.233298394411370609E+02    0.174595778649695665E+01
    0.329453018033757327E-03    0.496273273815300786E+00    0.239097970732756515E+02    0.220786567654163290E+01
    0.329024330157328369E-03    0.498877390346700866E+00    0.253796999459302128E+02    0.230196139857011772E+01
    0.309814539418180044E-03    0.619193073082900947E+00    0.232849910076798281E+02    0.154435081293516596E+01
    0.314232620155911388E-03    0.590873709796265523E+00    0.234844648920722072E+02    0.158711719512843308E+01
    0.315403225139796091E-03    0.583436990039079006E+00    0.259730158685921779E+02    0.254855380090314343E+01
    0.329144979547153207E-03    0.498144148067561743E+00    0.196075176772298967E+02    0.198711398641502424E+01
    0.315230294100567307E-03    0.584533861919735442E+00    0.241633660528213241E+02    0.244579560116775596E+01
    0.336440943316708896E-03    0.454295528283114924E+00    0.220560008288058000E+02    0.184323822416778604E+01
    0.319899330441474864E-03    0.555128082243160792E+00    0.222961758968522403E+02    0.159111701336790023E+01
    0.332547505053454014E-03    0.477575345637115733E+00    0.222125613718171273E+02    0.174350478844204337E+01
    0.329639052910920389E-03    0.495144236521090741E+00    0.251360164675669751E+02    0.181027178628823382E+01
    0.323393390447530588E-03    0.533401771634285815E+00    0.234779865660859421E+02    0.229155989669800642E+01
    0.327301884020222262E-03    0.509374914622128361E+00    0.218621424077614179E+02    0.213135492289817252E+01
    0.336183860838113456E-03    0.455824359747706132E+00    0.215477054123339755E+02    0.193722706894196195E+01
    0.336854400677066921E-03    0.451839207050438285E+00    0.231555546257660296E+02    0.192061950458057495E+01
    0.335372243554064951E-03    0.460658610669683277E+00    0.231672642912149058E+02    0.202892479566430595E+01
    0.336367510835377810E-03    0.454732101166047065E+00    0.212469853995533029E+02    0.191509012505628506E+01
    0.309041629302491815E-03    0.624188809130304501E+00    0.233767280459070328E+02    0.247174811537411765E+01
    0.334016427423203623E-03    0.468760438762763743E+00    0.221998439670068102E+02    0.177224311897079101E+01
    0.311142113961014870E-03    0.610641258341421467E+00    0.221669658452156035E+02    0.151146920493286374E+01
    0.335850519999959763E-03    0.457808430057179028E+00    0.205518431918898514E+02    0.190503324845300925E+01
    0.332678061654627139E-03    0.476790309045721949E+00    0.230489450518773857E+02    0.177815247836648549E+01
    0.319220501892406646E-03    0.559376605102207547E+00    0.255404107289797935E+02    0.247276901917997272E+01
    0.314981338385208836E-03    0.586114002402552958E+00    0.212828974375199493E+02    0.226683931013536366E+01
    0.314355690492118609E-03    0.590090555953314611E+00    0.216419491321910442E+02    0.229955432257270953E+01
    0.328591233828610268E-03    0.501511734270735365E+00    0.219723194962535580E+02    0.211304819442875980E+01
    0.328815740263339548E-03    0.500145722334114473E+00    0.220113805010957613E+02    0.211082961565455252E+01
    0.318431325593292007E-03    0.564327123037117406E+00    0.233966942940609535E+02    0.162001953310688629E+01
    0.331831331928877709E-03    0.481887183173823008E+00    0.241895393679484521E+02    0.216972064679030163E+01
    0.328609295211646575E-03    0.501401805065003980E+00    0.242666347195653245E+02    0.176268721707498388E+01
    0.320656134205157513E-03    0.550402158212585757E+00    0.253289967747363818E+02    0.244016389161777969E+01
    0.336893595380443028E-03    0.451606510530968230E+00    0.244192964175777654E+02    0.198017153996598427E+01
    0.336854275025851631E-03    0.451839953077434409E+00    0.207199062445356077E+02    0.185271201073831593E+01
    0.308161170958639111E-03    0.629894933216078035E+00    0.242399340703646935E+02    0.253421753258301719E+01
    0.328508957918316913E-03    0.502012576679591538E+00    0.238122325738444189E+02    0.222138601530232371E+01
    0.336380096751931501E-03    0.454657268248541080E+00    0.236991504029895381E+02    0.201085483250087016E+01
    0.336818774607889075E-03    0.452050740301384035E+00    0.242321574407918590E+02    0.195671253188349104E+01
    0.323377822417200114E-03    0.533498053163354857E+00    0.238803333248338205E+02    0.231513986234327307E+01
    0.312455655788165907E-03    0.602215674841562354E+00    0.233220728819527920E+02    0.243057943573672519E+01
    0.336216799991654648E-03    0.455628410186756705E+00    0.220251443334034995E+02    0.195417276463097922E+01
    0.332868383630992694E-03    0.475646455101935872E+00    0.187801623044929613E+02    0.188878415879981931E+01
    0.325431694281996581E-03    0.520835608038184628E+00    0.232917763271497869E+02    0.168634842926628403E+01
    0.336852172824617254E-03    0.451852434485271737E+00    0.233106551558118511E+02    0.195804305396877121E+01
    0.323718022508739142E-03    0.531395118177450332E+00    0.226343392148623401E+02    0.164222764935771925E+01
    0.334130930302849107E-03    0.468074943987144609E+00    0.247378891057580041E+02    0.187272824029958951E+01
    0.334897146822097844E-03    0.463493869557253579E+00    0.197336752872993806E+02    0.189284911135548617E+01
    0.328281906534410293E-03    0.503395369317185426E+00    0.266080660131174476E+02    0.238799061766145826E+01
    0.309106931307397863E-03    0.623766244010461213E+00    0.232699588316010804E+02    0.246411592950415148E+01
    0.331507314356449436E-03    0.483841042488441286E+00    0.209337945846206068E+02    0.201896713227201596E+01
    0.335068456840752291E-03    0.462471070646676308E+00    0.194674599925951846E+02    0.187509312835415409E+01
    0.315854992557350236E-03    0.580574342190597337E+00    0.224081152719821652E+02    0.155921827571650340E+01
    0.317114803702679617E-03    0.572613059890549003E+00    0.213253821775336583E+02    0.224393256193710577E+01
    0.333893146224398132E-03    0.469498749486666256E+00    0.231645449838411253E+02    0.206621403274813176E+01
    0.336726771328019116E-03    0.452597122240943173E+00    0.245227859660606029E+02    0.201976145017128372E+01
    0.336794453469881397E-03    0.452195162275328355E+00    0.224043665913538419E+02    0.188317352154214257E+01
    0.328299549069779493E-03    0.503287888149555385E+00    0.241258588648201560E+02    0.224368626576522390E+01
