    0.196711271966894827E+02    0.758947292738835557E+02   -0.260955565783793908E+02   -0.690775511231546968E+01    1
    0.207007823104193918E+02    0.780028756548010875E+02   -0.260740813774286444E+02   -0.690875511231548245E+01    1
    0.205248369854031552E+02    0.774316949926547125E+02   -0.260552152559832955E+02   -0.690975511231547301E+01    1
    0.196759820314559342E+02    0.751145356014140191E+02   -0.260065216487577082E+02   -0.691075511231547601E+01    1
    0.206538012646480205E+02    0.771673864768185211E+02   -0.259939736628470577E+02   -0.691175511231546658E+01    1
    0.200370567907570774E+02    0.756297509041907290E+02   -0.259752145798775871E+02   -0.691275511231547579E+01    1
    0.200141304304977012E+02    0.755750601278538312E+02   -0.259747430442012046E+02   -0.691375511231547435E+01    1
    0.217257974451891016E+02    0.785078059098206325E+02   -0.258864884339368970E+02   -0.691475511231548357E+01    1
    0.192025956548165198E+02    0.727822068113781739E+02   -0.258554486688327572E+02   -0.691575511231552209E+01    1
    0.220100212024605177E+02    0.778452134550574044E+02   -0.257594283026045865E+02   -0.691675511231554463E+01    1
    0.218353188059630980E+02    0.775241766907370362E+02   -0.257579569471595491E+02   -0.691775511231549967E+01    1
    0.213676637793833919E+02    0.765660763464120322E+02   -0.257516458803954720E+02   -0.691875511231549378E+01    1
    0.202711289629801570E+02    0.740489516236757055E+02   -0.257367798716244067E+02   -0.691975511231551454E+01    1
    0.194966746628374530E+02    0.721747935680556338E+02   -0.257062234927197224E+02   -0.692075511231548113E+01    1
    0.200676561910201023E+02    0.730605403923377565E+02   -0.256733014472529923E+02   -0.692175511231547080E+01    1
    0.208886625329409235E+02    0.746684594505208992E+02   -0.256562743838742442E+02   -0.692275511231549334E+01    1
    0.224994647949057729E+02    0.771355079457105148E+02   -0.255862738825917155E+02   -0.692375511231548746E+01    1
    0.218852945495188358E+02    0.758717263063760328E+02   -0.255637177236290860E+02   -0.692475511231548957E+01    1
    0.234889180432209912E+02    0.785220356525113345E+02   -0.255479990326924629E+02   -0.692575511231552365E+01    1
    0.210029192760200445E+02    0.738896613069193648E+02   -0.255381285799347033E+02   -0.692675511231553909E+01    1
    0.215787870282579171E+02    0.750869087815905232E+02   -0.255358189808068410E+02   -0.692775511231552343E+01    1
    0.214855497047935309E+02    0.748578048073310640E+02   -0.255310950385342359E+02   -0.692875511231550334E+01    1
    0.236054456404461277E+02    0.785369399008215652E+02   -0.255272181672834932E+02   -0.692975511231548769E+01    1
    0.208818875030175199E+02    0.734544702811966346E+02   -0.255172297493722020E+02   -0.693075511231546315E+01    1
    0.227255250930573816E+02    0.768812053718578738E+02   -0.255145227493052928E+02   -0.693175511231550789E+01    1
    0.228867402619695071E+02    0.770992055880909533E+02   -0.255074146235010097E+02   -0.693275511231550912E+01    1
    0.227842117876538026E+02    0.769185311173139752E+02   -0.255073019514941173E+02   -0.693375511231550057E+01    1
    0.237859777381494695E+02    0.783756911918871282E+02   -0.254751053234757698E+02   -0.693475511231554709E+01    1
    0.231176748886202112E+02    0.769117395434897020E+02   -0.254421920438402829E+02   -0.693575511231551811E+01    1
    0.212507463881357985E+02    0.735859151452735034E+02   -0.254419504620652113E+02   -0.693675511231548558E+01    1
    0.227173981146888586E+02    0.760764457395486602E+02   -0.254227811072300689E+02   -0.693775511231549125E+01    1
    0.238568456506570392E+02    0.779356576809924491E+02   -0.254139266927264131E+02   -0.693875511231549424E+01    1
    0.218117339096620348E+02    0.743061057281819615E+02   -0.254005106254750359E+02   -0.693975511231547948E+01    1
    0.227840441539820766E+02    0.759403165502382080E+02   -0.253945804795685461E+02   -0.694075511231545761E+01    1
    0.213391853035467349E+02    0.733604767601739809E+02   -0.253941328154112185E+02   -0.694175511231546682E+01    1
    0.241133689331660683E+02    0.781993754229411877E+02   -0.253932681694048838E+02   -0.694275511231551334E+01    1
    0.214050909829071863E+02    0.734635458706015214E+02   -0.253899094781805630E+02   -0.694375511231550835E+01    1
    0.239049556708937807E+02    0.776285762053520756E+02   -0.253697142925834385E+02   -0.694475511231550335E+01    1
    0.206986300674973656E+02    0.718556500712328585E+02   -0.253672293588537450E+02   -0.694575511231551523E+01    1
    0.243194877146828574E+02    0.782781158134366137E+02   -0.253622784363720122E+02   -0.694675511231552090E+01    1
    0.226111136141998088E+02    0.753413741671444370E+02   -0.253605778347562456E+02   -0.694775511231551945E+01    1
    0.237989648145686701E+02    0.772855970754638548E+02   -0.253520162211823674E+02   -0.694875511231547005E+01    1
    0.244840358112644410E+02    0.784610789515571270E+02   -0.253505042906283435E+02   -0.694975511231546506E+01    1
    0.219712245508683175E+02    0.740841701205411169E+02   -0.253429627381943092E+02   -0.695075511231549914E+01    1
    0.204486832915156143E+02    0.711099445688544733E+02   -0.253378042668881029E+02   -0.695175511231552257E+01    1
    0.224064999442803341E+02    0.747711145540509392E+02   -0.253349830230650070E+02   -0.695275511231550336E+01    1
    0.246205745334999690E+02    0.784840028390954529E+02   -0.253268393837929686E+02   -0.695375511231547883E+01    1
    0.242976825842287703E+02    0.778405058710093556E+02   -0.253182024703072344E+02   -0.695475511231550136E+01    1
    0.226120780963438186E+02    0.749228783184458678E+02   -0.253112675629710218E+02   -0.695575511231551680E+01    1
    0.185907400403347154E+02    0.671949139272802398E+02   -0.253057333621270821E+02   -0.695675511231548427E+01    1
    0.196102253255147616E+02    0.690805757925355124E+02   -0.252901023227413617E+02   -0.695775511231548727E+01    1
    0.232484917495688528E+02    0.757988006194972712E+02   -0.252877967047934895E+02   -0.695875511231550270E+01    1
    0.216184828825153055E+02    0.730062357123210148E+02   -0.252853593083017714E+02   -0.695975511231551458E+01    1
    0.187908434517896694E+02    0.674074157597734001E+02   -0.252833359600468448E+02   -0.696075511231551580E+01    1
    0.218399061302661472E+02    0.731468864151637774E+02   -0.252577202647706827E+02   -0.696175511231550104E+01    1
    0.240227887860011933E+02    0.766697036683867736E+02   -0.252396160245241390E+02   -0.696275511231553423E+01    1
    0.207848052896295172E+02    0.709886870655140001E+02   -0.252390618761830794E+02   -0.696375511231550171E+01    1
    0.236270271988861822E+02    0.759538113143917570E+02   -0.252308289329171771E+02   -0.696475511231547362E+01    1
    0.249221431725526088E+02    0.780561895093215554E+02   -0.252226466153350906E+02   -0.696575511231551836E+01    1
    0.246593949677577839E+02    0.776103319912844256E+02   -0.252225438553299135E+02   -0.696675511231553202E+01    1
    0.235491957586046148E+02    0.757209580192402711E+02   -0.252203052528343186E+02   -0.696775511231552436E+01    1
    0.216105489821989707E+02    0.724488986965451858E+02   -0.252183783083557458E+02   -0.696875511231550959E+01    1
    0.231263204616941778E+02    0.749745733594794643E+02   -0.252149429596087415E+02   -0.696975511231549394E+01    1
    0.220039322302272211E+02    0.730461431861829027E+02   -0.252120481407004995E+02   -0.697075511231548450E+01    1
    0.212089574547164759E+02    0.716008497587506270E+02   -0.252090873156005841E+02   -0.697175511231548395E+01    1
    0.223919758435569527E+02    0.736252737111139766E+02   -0.252061228691067747E+02   -0.697275511231548872E+01    1
    0.221917971386428441E+02    0.732044240703913971E+02   -0.251934186945212915E+02   -0.697375511231548995E+01    1
    0.228078962512436263E+02    0.741075173185027438E+02   -0.251794481319205232E+02   -0.697475511231553025E+01    1
    0.206001574557915887E+02    0.701214170434441968E+02   -0.251756515137675123E+02   -0.697575511231552614E+01    1
    0.212780501637030923E+02    0.712685138623623544E+02   -0.251507247208492011E+02   -0.697675511231550338E+01    1
    0.243945660073652277E+02    0.764566947937382366E+02   -0.251428943536294440E+02   -0.697775511231553747E+01    1
    0.219776992267586557E+02    0.724370506564558809E+02   -0.251425152809041634E+02   -0.697875511231551471E+01    1
    0.240660986421602772E+02    0.758461927798545332E+02   -0.251330914651902120E+02   -0.697975511231548751E+01    1
    0.240938577101916174E+02    0.757267541158053632E+02   -0.251144871759723536E+02   -0.698075511231549406E+01    1
    0.219472428410572888E+02    0.719972450819429639E+02   -0.250941581337997164E+02   -0.698175511231549972E+01    1
    0.254051796401853949E+02    0.776565379521038892E+02   -0.250847507873600009E+02   -0.698275511231551516E+01    1
    0.239606983761200780E+02    0.751146286366718812E+02   -0.250674061193203315E+02   -0.698375511231553414E+01    1
    0.228001418350482794E+02    0.731476818666185409E+02   -0.250637339504730114E+02   -0.698475511231553270E+01    1
    0.248329602384001333E+02    0.761605775232374498E+02   -0.250218890366419977E+02   -0.698575511231552948E+01    1
    0.233226609940922565E+02    0.735993447847465490E+02   -0.250179942840305856E+02   -0.698675511231552360E+01    1
    0.231988211811642664E+02    0.733888246032459364E+02   -0.250155076489586676E+02   -0.698775511231549373E+01    1
    0.241227081908865983E+02    0.748713786514537958E+02   -0.250059568382858686E+02   -0.698875511231551716E+01    1
    0.252551442697474400E+02    0.766246420412390847E+02   -0.249966677556586703E+02   -0.698975511231552993E+01    1
    0.252319840841808265E+02    0.765707885822229741E+02   -0.249948807986932415E+02   -0.699075511231550273E+01    1
    0.235413728723857645E+02    0.735467891675776855E+02   -0.249673977673247443E+02   -0.699175511231550484E+01    1
    0.214610313611540953E+02    0.701699256268958464E+02   -0.249672349879758109E+02   -0.699275511231551850E+01    1
    0.195946711845066304E+02    0.663887494625772234E+02   -0.249434034862872629E+02   -0.699375511231549929E+01    1
    0.230295374496570417E+02    0.724798468750745286E+02   -0.249351993005211874E+02   -0.699475511231549785E+01    1
    0.205985289843491799E+02    0.681967175839880753E+02   -0.249262336112215195E+02   -0.699575511231553371E+01    1
    0.256343347674909303E+02    0.765055383041182182E+02   -0.249099711890956463E+02   -0.699675511231554026E+01    1
    0.246456114404826749E+02    0.748316153822416084E+02   -0.248982474723370650E+02   -0.699775511231553793E+01    1
    0.225549828734169928E+02    0.713748392068152242E+02   -0.248936720575418242E+02   -0.699875511231551695E+01    1
    0.233316122742479379E+02    0.726136455311754077E+02   -0.248906642192341927E+02   -0.699975511231549596E+01    1
    0.238969333732896168E+02    0.733261793123614467E+02   -0.248677722068880094E+02   -0.700075511231552117E+01    1
    0.166236500071838194E+02    0.598268843417490075E+02   -0.248351581166684738E+02   -0.700175511231554282E+01    1
    0.229597361741120807E+02    0.715435865575337147E+02   -0.248334923455644834E+02   -0.700275511231553516E+01    1
    0.229512921949489233E+02    0.715020788772365279E+02   -0.248300481262472807E+02   -0.700375511231549996E+01    1
    0.228724141129784293E+02    0.713759881922498778E+02   -0.248293790147699625E+02   -0.700475511231551984E+01    1
    0.231333624493967172E+02    0.717484874094591731E+02   -0.248239429672173166E+02   -0.700575511231551840E+01    1
    0.228936886556461516E+02    0.712949219203078002E+02   -0.248142824542011020E+02   -0.700675511231550097E+01    1
    0.228809457363157698E+02    0.711068046289014717E+02   -0.247918167933186382E+02   -0.700775511231549419E+01    1
    0.239235581704172624E+02    0.727574361739711861E+02   -0.247890714061912796E+02   -0.700875511231548121E+01    1
    0.233516192474832671E+02    0.716992857133364083E+02   -0.247739574236488558E+02   -0.700975511231552773E+01    1
    0.226773248252523523E+02    0.706241842287183488E+02   -0.247719342687383097E+02   -0.701075511231552895E+01    1
    0.248927192941566275E+02    0.739058773523655077E+02   -0.247440057287674229E+02   -0.701175511231552218E+01    1
    0.269273311078818232E+02    0.771092626994663419E+02   -0.247317999722201201E+02   -0.701275511231549853E+01    1
    0.195479188790901404E+02    0.646185955217262631E+02   -0.247148845839445954E+02   -0.701375511231546067E+01    1
    0.231802851694465524E+02    0.709017502688005266E+02   -0.247041526033148529E+02   -0.701475511231549120E+01    1
    0.223457977736089148E+02    0.695411514883671487E+02   -0.247016908693590160E+02   -0.701575511231549598E+01    1
    0.227700814138496277E+02    0.697565560209057480E+02   -0.246429483951490766E+02   -0.701675511231551852E+01    1
    0.263249268572529012E+02    0.753261489471945538E+02   -0.246352258278446037E+02   -0.701775511231554905E+01    1
    0.242828514206261090E+02    0.720793440452473675E+02   -0.246340166099155233E+02   -0.701875511231552718E+01    1
    0.228381187956349194E+02    0.697904580688723399E+02   -0.246334530067726085E+02   -0.701975511231552307E+01    1
    0.201790971719953411E+02    0.652140769932273940E+02   -0.246302440000809177E+02   -0.702075511231549143E+01    1
    0.237042109721777337E+02    0.710143368861078272E+02   -0.246129182237863411E+02   -0.702175511231545713E+01    1
    0.227313333939328928E+02    0.693219185549673256E+02   -0.245948863542261087E+02   -0.702275511231550986E+01    1
    0.229272094725083591E+02    0.695602237162297996E+02   -0.245857998382285672E+02   -0.702375511231555993E+01    1
    0.234796486868305152E+02    0.704421840055167507E+02   -0.245857316534711146E+02   -0.702475511231551941E+01    1
    0.199484953738835848E+02    0.644265335353863975E+02   -0.245846364564200321E+02   -0.702575511231549044E+01    1
    0.228916658534765851E+02    0.694247643807759971E+02   -0.245756596799268365E+02   -0.702675511231551386E+01    1
    0.227666047629674857E+02    0.691319545136923495E+02   -0.245623151150008674E+02   -0.702775511231550709E+01    1
    0.240271192893348484E+02    0.709822025080407002E+02   -0.245434755811117817E+02   -0.702875511231551275E+01    1
    0.190015077927712035E+02    0.625239485567251805E+02   -0.245419835486676199E+02   -0.702975511231550776E+01    1
    0.231555879016159523E+02    0.694768501698926286E+02   -0.245287156357126648E+02   -0.703075511231546724E+01    1
    0.201953587249619879E+02    0.644596215248466677E+02   -0.245252974942501858E+02   -0.703175511231548889E+01    1
    0.219199537022879127E+02    0.674391314791801335E+02   -0.245118913465791834E+02   -0.703275511231553985E+01    1
    0.217912040264883657E+02    0.672027428442297179E+02   -0.245067231934189991E+02   -0.703375511231551886E+01    1
    0.210546235532754125E+02    0.658892152525139494E+02   -0.245017740188861062E+02   -0.703475511231550765E+01    1
    0.243529732221556330E+02    0.711270025833843249E+02   -0.244969649983283801E+02   -0.703575511231551776E+01    1
    0.205296740701925664E+02    0.648300832699086840E+02   -0.244903101959441969E+02   -0.703675511231548700E+01    1
    0.224847124201896982E+02    0.681293600572926437E+02   -0.244882951097360788E+02   -0.703775511231547224E+01    1
    0.236941529201379915E+02    0.699037191917991834E+02   -0.244740508344623962E+02   -0.703875511231545570E+01    1
    0.243413096347431264E+02    0.709225483006966186E+02   -0.244722451403284964E+02   -0.703975511231547202E+01    1
    0.219479666431344498E+02    0.671190204156755357E+02   -0.244635484175428886E+02   -0.704075511231547946E+01    1
    0.222756393520272056E+02    0.674815276461899600E+02   -0.244448737082496272E+02   -0.704175511231548690E+01    1
    0.232613100411896667E+02    0.689575134051924294E+02   -0.244381947309194842E+02   -0.704275511231548812E+01    1
    0.203158469489519895E+02    0.639860953211199970E+02   -0.244263120076581615E+02   -0.704375511231546003E+01    1
    0.221495488520327939E+02    0.670814434750232067E+02   -0.244174650628106420E+02   -0.704475511231549234E+01    1
    0.234196036393527578E+02    0.689495914529850893E+02   -0.244049149850541411E+02   -0.704575511231552998E+01    1
    0.230853791101928927E+02    0.684278311198174691E+02   -0.244046381829656731E+02   -0.704675511231549656E+01    1
    0.238166641850911809E+02    0.695277032418425165E+02   -0.244010181972698845E+02   -0.704775511231548979E+01    1
    0.222753218077388873E+02    0.671327291609221817E+02   -0.243986015073860898E+02   -0.704875511231552210E+01    1
    0.236097874711516624E+02    0.691136916925731413E+02   -0.243880353491542969E+02   -0.704975511231552154E+01    1
    0.230546895955810029E+02    0.682021927089135289E+02   -0.243814689971176506E+02   -0.705075511231551921E+01    1
    0.202024039256345560E+02    0.634877287035429347E+02   -0.243722490031036152E+02   -0.705175511231552399E+01    1
    0.246060393332952607E+02    0.703899772705648985E+02   -0.243507876589466257E+02   -0.705275511231551899E+01    1
    0.226420360444649873E+02    0.672314860871476014E+02   -0.243369470557403353E+02   -0.705375511231552732E+01    1
    0.245209445026544621E+02    0.700853147116290529E+02   -0.243297971601017160E+02   -0.705475511231554453E+01    1
    0.212227845899297805E+02    0.649495498445352126E+02   -0.243284704165559624E+02   -0.705575511231553776E+01    1
    0.227910953882680651E+02    0.673726810462488999E+02   -0.243253156899963763E+02   -0.705675511231551056E+01    1
    0.241903698928052044E+02    0.695011556310102776E+02   -0.243215035572697893E+02   -0.705775511231549935E+01    1
    0.198537629520591103E+02    0.624039609846545886E+02   -0.243075148854216181E+02   -0.705875511231551123E+01    1
    0.243126594420924249E+02    0.695624705177072826E+02   -0.243048065796571038E+02   -0.705975511231552222E+01    1
    0.245989038776305087E+02    0.700059509849059225E+02   -0.243039172396097953E+02   -0.706075511231553765E+01    1
    0.227197650718236375E+02    0.670481601115214119E+02   -0.242969681284977774E+02   -0.706175511231552999E+01    1
    0.267145123874118582E+02    0.732379772361409920E+02   -0.242968687297616555E+02   -0.706275511231550190E+01    1
    0.231122851034069186E+02    0.674373777645693480E+02   -0.242685271855602913E+02   -0.706375511231548359E+01    1
    0.206996383330726026E+02    0.636218204207061078E+02   -0.242668796201667725E+02   -0.706475511231546882E+01    1
    0.226406257696702440E+02    0.666956913853308038E+02   -0.242649744065261537E+02   -0.706575511231547804E+01    1
    0.216312950412521516E+02    0.651565625968142541E+02   -0.242577094362208321E+02   -0.706675511231549347E+01    1
    0.199140563742567593E+02    0.619498233286673283E+02   -0.242382515924419799E+02   -0.706775511231551956E+01    1
    0.218820038152287033E+02    0.649188296023876603E+02   -0.241743900036240120E+02   -0.706875511231552345E+01    1
    0.238581734534512862E+02    0.678288887367236839E+02   -0.241688071977149939E+02   -0.706975511231549092E+01    1
    0.189736063793054299E+02    0.596823075510242660E+02   -0.241631096821914504E+02   -0.707075511231549747E+01    1
    0.254503877686116908E+02    0.702433071865381606E+02   -0.241620989790862879E+02   -0.707175511231550757E+01    1
    0.240152725069367605E+02    0.678751551704607579E+02   -0.241430459204440027E+02   -0.707275511231550791E+01    1
    0.257008032615508384E+02    0.704721646173642711E+02   -0.241399838975275394E+02   -0.707375511231550114E+01    1
    0.255143737294840278E+02    0.700532361547166289E+02   -0.241252455830823038E+02   -0.707475511231550946E+01    1
    0.231188908784012597E+02    0.663059573866017189E+02   -0.241148434503894045E+02   -0.707575511231550625E+01    1
    0.245594046842914722E+02    0.684467172771643959E+02   -0.241073585611625134E+02   -0.707675511231548171E+01    1
    0.235566822704851369E+02    0.668060218976348352E+02   -0.240941621938418713E+02   -0.707775511231550514E+01    1
    0.247650142730831391E+02    0.686253635793198953E+02   -0.240890283833595014E+02   -0.707875511231553034E+01    1
    0.249509227937258338E+02    0.688669621887108434E+02   -0.240833594826475910E+02   -0.707975511231552090E+01    1
    0.201926747458081479E+02    0.613365302570476274E+02   -0.240818511773004929E+02   -0.708075511231552213E+01    1
    0.219532794455877713E+02    0.643358660248324838E+02   -0.240776884003073768E+02   -0.708175511231552246E+01    1
    0.234535444649639473E+02    0.664828220635690741E+02   -0.240711183110087212E+02   -0.708275511231552013E+01    1
    0.235570914796003272E+02    0.666144436946358809E+02   -0.240680435915211746E+02   -0.708375511231552402E+01    1
    0.217267320146245879E+02    0.638472588058056232E+02   -0.240523214523358071E+02   -0.708475511231548261E+01    1
    0.250786699142491187E+02    0.688171743704635190E+02   -0.240509690226130743E+02   -0.708575511231548649E+01    1
    0.219536561064926339E+02    0.641319141325372613E+02   -0.240486782098211478E+02   -0.708675511231549748E+01    1
    0.196129016582294931E+02    0.600016371183627868E+02   -0.240409783124890097E+02   -0.708775511231548361E+01    1
    0.231251674428624696E+02    0.656628418630728703E+02   -0.240284553068813054E+02   -0.708875511231548483E+01    1
    0.223641100891628319E+02    0.645245554830746784E+02   -0.240228776342376591E+02   -0.708975511231547539E+01    1
    0.233835061318166311E+02    0.659296251167683067E+02   -0.240119063286874734E+02   -0.709075511231549882E+01    1
    0.250312936156498012E+02    0.683863839124378785E+02   -0.240039892069481091E+02   -0.709175511231553379E+01    1
    0.249450028785074025E+02    0.681534003679253857E+02   -0.239913056069890231E+02   -0.709275511231555900E+01    1
    0.246782538218558187E+02    0.677284943899598062E+02   -0.239894090289547641E+02   -0.709375511231555222E+01    1
    0.225669949979528290E+02    0.645118375633243062E+02   -0.239808322324749170E+02   -0.709475511231548772E+01    1
    0.231098494591802748E+02    0.652430621278157474E+02   -0.239732759331461445E+02   -0.709575511231547384E+01    1
    0.204238238702947719E+02    0.609922021159203425E+02   -0.239714169611561374E+02   -0.709675511231547862E+01    1
    0.248049098045538408E+02    0.677212934610009398E+02   -0.239628559002367680E+02   -0.709775511231546563E+01    1
    0.220332149320500257E+02    0.636413438695694182E+02   -0.239572403723211700E+02   -0.709875511231552725E+01    1
    0.209476476083635248E+02    0.617787640517908514E+02   -0.239473788938554826E+02   -0.709975511231554801E+01    1
    0.210925522447094203E+02    0.620454635737542191E+02   -0.239414113345333455E+02   -0.710075511231553769E+01    1
    0.239603379281575357E+02    0.660907947457335609E+02   -0.239170480668940932E+02   -0.710175511231549716E+01    1
    0.234317294102553895E+02    0.651616144113164069E+02   -0.238976942294847632E+02   -0.710275511231548595E+01    1
    0.245386972516485855E+02    0.667582389891945382E+02   -0.238892455695503863E+02   -0.710375511231548451E+01    1
    0.229270728444191114E+02    0.643482722764689896E+02   -0.238863689229844169E+02   -0.710475511231546175E+01    1
    0.235842510191703099E+02    0.650716725757738459E+02   -0.238548191414357369E+02   -0.710575511231550738E+01    1
    0.252133619809962752E+02    0.674149050980316673E+02   -0.238403704083847856E+02   -0.710675511231549617E+01    1
    0.232719716612199612E+02    0.644633661939758014E+02   -0.238344192632901688E+02   -0.710775511231548851E+01    1
    0.242751629747893283E+02    0.657270594498153002E+02   -0.238061220254511561E+02   -0.710875511231553237E+01    1
    0.237103261609551694E+02    0.646694439419132721E+02   -0.237758488905105629E+02   -0.710975511231552026E+01    1
    0.270818213465076951E+02    0.696539381314788528E+02   -0.237577029100114423E+02   -0.711075511231553037E+01    1
    0.237151394598730718E+02    0.645096279759499822E+02   -0.237534257824475432E+02   -0.711175511231555468E+01    1
    0.237007160245525128E+02    0.644580306219371408E+02   -0.237489993932851995E+02   -0.711275511231549729E+01    1
    0.255418496221216884E+02    0.671363296254016149E+02   -0.237379605134508296E+02   -0.711375511231544433E+01    1
    0.210702172009466828E+02    0.604461409733979593E+02   -0.237238986998055026E+02   -0.711475511231546065E+01    1
    0.278186994921686193E+02    0.703162607839942666E+02   -0.237231544131412022E+02   -0.711575511231552138E+01    1
    0.234669724972404161E+02    0.639075596081918818E+02   -0.237175461855205079E+02   -0.711675511231550573E+01    1
    0.247774603624304568E+02    0.658114331251745455E+02   -0.237165758227407011E+02   -0.711775511231547409E+01    1
    0.238861230732315555E+02    0.644595796589806298E+02   -0.237126512821283804E+02   -0.711875511231553126E+01    1
    0.230717418229675282E+02    0.633888368761936078E+02   -0.237120644965196590E+02   -0.711975511231554670E+01    1
    0.245811335430721662E+02    0.653196627073802318E+02   -0.236906159840147374E+02   -0.712075511231549907E+01    1
    0.271652262957164794E+02    0.692670137975373450E+02   -0.236902142757476746E+02   -0.712175511231547542E+01    1
    0.261287846547233151E+02    0.675805125087971561E+02   -0.236778741344008239E+02   -0.712275511231546421E+01    1
    0.259680031015638058E+02    0.672099716837659429E+02   -0.236619600202907137E+02   -0.712375511231549119E+01    1
    0.233160628136452850E+02    0.632411015384642923E+02   -0.236395813519086246E+02   -0.712475511231554925E+01    1
    0.226767410453062794E+02    0.623293048419795142E+02   -0.236369089304140587E+02   -0.712575511231552827E+01    1
    0.214903291351782464E+02    0.605973744368230598E+02   -0.236362525597130322E+02   -0.712675511231549308E+01    1
    0.191023466009312628E+02    0.563595347092660859E+02   -0.236315901607464554E+02   -0.712775511231546943E+01    1
    0.233181013516587115E+02    0.631451310182119769E+02   -0.236229067391822269E+02   -0.712875511231544934E+01    1
    0.244519769660252919E+02    0.645646536792151977E+02   -0.236146590370990701E+02   -0.712975511231545589E+01    1
    0.211349744264350505E+02    0.597637273569462479E+02   -0.236092038971091540E+02   -0.713075511231547310E+01    1
    0.233121863069104123E+02    0.629853615698776181E+02   -0.235969632633228770E+02   -0.713175511231551518E+01    1
    0.237921796603259885E+02    0.635241799175750828E+02   -0.235947937647229082E+02   -0.713275511231555459E+01    1
    0.251862184801454418E+02    0.654877262489534075E+02   -0.235925575099901330E+02   -0.713375511231552295E+01    1
    0.214992888085738763E+02    0.602654944131983328E+02   -0.235863696480964045E+02   -0.713475511231551707E+01    1
    0.265435040046357251E+02    0.674918731668647212E+02   -0.235831948117249119E+02   -0.713575511231552095E+01    1
    0.237310056103881237E+02    0.633536183793281964E+02   -0.235782734214432992E+02   -0.713675511231547333E+01    1
    0.231640744252750395E+02    0.625125284788220554E+02   -0.235637752131374398E+02   -0.713775511231547721E+01    1
    0.234189843571375356E+02    0.628992109210931147E+02   -0.235616892900952735E+02   -0.713875511231551751E+01    1
    0.234140726124601635E+02    0.627241464763654832E+02   -0.235399301113644626E+02   -0.713975511231553206E+01    1
    0.239706492279232641E+02    0.633805986041095153E+02   -0.235364689283863413E+02   -0.714075511231547910E+01    1
    0.236369919436367901E+02    0.629580650252195468E+02   -0.235294780040353864E+02   -0.714175511231547588E+01    1
    0.221759128821588476E+02    0.605757065252659217E+02   -0.234968694537133658E+02   -0.714275511231552063E+01    1
    0.199910006343011730E+02    0.569680085545282964E+02   -0.234933401042297518E+02   -0.714375511231548810E+01    1
    0.230554400911392001E+02    0.616856311069034646E+02   -0.234865731332336836E+02   -0.714475511231548044E+01    1
    0.245209287017428572E+02    0.637100736663183937E+02   -0.234800965231287968E+02   -0.714575511231547544E+01    1
    0.198247028143839827E+02    0.563734202215026841E+02   -0.234464988332176922E+02   -0.714675511231546512E+01    1
    0.238432331402337994E+02    0.626014329712394044E+02   -0.234427957566929059E+02   -0.714775511231545746E+01    1
    0.252615015943509178E+02    0.644400701654059986E+02   -0.234380135271477918E+02   -0.714875511231547112E+01    1
    0.194567197562973000E+02    0.555032707582019000E+02   -0.234054536035448457E+02   -0.714975511231553895E+01    1
    0.236363057441027813E+02    0.617781639743776125E+02   -0.233873796621338492E+02   -0.715075511231556238E+01    1
    0.243649749520682768E+02    0.629443981458389388E+02   -0.233865951570731312E+02   -0.715175511231552363E+01    1
    0.234802359497726236E+02    0.614156660473889815E+02   -0.233671878482053224E+02   -0.715275511231548489E+01    1
    0.213833677970006413E+02    0.584037007433487361E+02   -0.233487809511676225E+02   -0.715375511231551631E+01    1
    0.235563283835825423E+02    0.613120712877544918E+02   -0.233378303242640079E+02   -0.715475511231555394E+01    1
    0.209468288274396599E+02    0.575576939294643424E+02   -0.233350881612650483E+02   -0.715575511231553918E+01    1
    0.261819199190033736E+02    0.650232616793429514E+02   -0.233330261541942612E+02   -0.715675511231548889E+01    1
    0.237964388525240622E+02    0.615842552381690993E+02   -0.233297839977613606E+02   -0.715775511231549810E+01    1
    0.240661816403996305E+02    0.619663231316499790E+02   -0.233268129047330461E+02   -0.715875511231551975E+01    1
    0.243447363592368511E+02    0.622933513665769567E+02   -0.233105805692264880E+02   -0.715975511231550943E+01    1
    0.200345185148672229E+02    0.558046863866382026E+02   -0.233054076421713745E+02   -0.716075511231549466E+01    1
    0.257359292658432786E+02    0.640731809742460570E+02   -0.232954242988055000E+02   -0.716175511231550654E+01    1
    0.241641331325145252E+02    0.618501453533890242E+02   -0.232947175668307906E+02   -0.716275511231549800E+01    1
    0.230356075635605464E+02    0.602130550901018040E+02   -0.232793767215899869E+02   -0.716375511231549744E+01    1
    0.231558554051369363E+02    0.603437277615383749E+02   -0.232748339754042100E+02   -0.716475511231552620E+01    1
    0.204553760546784780E+02    0.562372398628004078E+02   -0.232630174931457852E+02   -0.716575511231553186E+01    1
    0.226577947514881934E+02    0.595829970650145384E+02   -0.232624495876385922E+02   -0.716675511231552953E+01    1
    0.208400584416803056E+02    0.568237899495463452E+02   -0.232524036457993937E+02   -0.716775511231552542E+01    1
    0.258447409617205608E+02    0.638785791253664286E+02   -0.232467402710824196E+02   -0.716875511231552309E+01    1
    0.232385154981240412E+02    0.602486131656584334E+02   -0.232454123761761338E+02   -0.716975511231551454E+01    1
    0.219559535794218554E+02    0.585086119518820382E+02   -0.232429291879011970E+02   -0.717075511231548468E+01    1
    0.232851397043745578E+02    0.602850178620616433E+02   -0.232416249081496176E+02   -0.717175511231547969E+01    1
    0.226285721824941355E+02    0.592186244775798869E+02   -0.232163366287644877E+02   -0.717275511231553597E+01    1
    0.261206213027286793E+02    0.640401069400744660E+02   -0.232157133835795797E+02   -0.717375511231553364E+01    1
    0.249770252297587909E+02    0.625224553408364230E+02   -0.232153602170423099E+02   -0.717475511231548158E+01    1
    0.256012298558878619E+02    0.633037700881632546E+02   -0.232069094760409591E+02   -0.717575511231545082E+01    1
    0.217671652308084695E+02    0.579385895786961029E+02   -0.231946356046442403E+02   -0.717675511231549468E+01    1
    0.262904487734090537E+02    0.641113347334971593E+02   -0.231922603883588998E+02   -0.717775511231550745E+01    1
    0.191131161511040553E+02    0.535339794996503144E+02   -0.231810594021319574E+02   -0.717875511231551044E+01    1
    0.248822225209582371E+02    0.619278158384189794E+02   -0.231657376377918389E+02   -0.717975511231550723E+01    1
    0.223287269913233253E+02    0.583972208376383293E+02   -0.231540377051447130E+02   -0.718075511231548091E+01    1
    0.207970318211892504E+02    0.560728512139129691E+02   -0.231502212999774599E+02   -0.718175511231547059E+01    1
    0.212678262304671115E+02    0.566884189975875117E+02   -0.231221153810951563E+02   -0.718275511231549135E+01    1
    0.225874088953438132E+02    0.583413531652894193E+02   -0.230956378421811479E+02   -0.718375511231553698E+01    1
    0.247748881647001973E+02    0.612301723502544988E+02   -0.230933223224693478E+02   -0.718475511231550534E+01    1
    0.254710516299660412E+02    0.622663571865069585E+02   -0.230914587002865233E+02   -0.718575511231548969E+01    1
    0.195112294964556980E+02    0.535723379364687275E+02   -0.230865917787836423E+02   -0.718675511231548469E+01    1
    0.231850720415784366E+02    0.590307909437100591E+02   -0.230829638161399657E+02   -0.718775511231545927E+01    1
    0.245376910894618270E+02    0.607030578379966528E+02   -0.230635032232274071E+02   -0.718875511231549957E+01    1
    0.259488590619995421E+02    0.628111530495223533E+02   -0.230621564690692473E+02   -0.718975511231552034E+01    1
    0.228999906024632978E+02    0.583234252710985146E+02   -0.230325253310128240E+02   -0.719075511231547626E+01    1
    0.255304911540740136E+02    0.618379996004745394E+02   -0.230314599239226645E+02   -0.719175511231544284E+01    1
    0.229585171710899978E+02    0.583765716621548307E+02   -0.230291008582904944E+02   -0.719275511231546272E+01    1
    0.178404579220624200E+02    0.505209070760414605E+02   -0.230179691554246233E+02   -0.719375511231547016E+01    1
    0.218238868960902330E+02    0.567797563619980750E+02   -0.230095879393018059E+02   -0.719475511231544385E+01    1
    0.276900545673863299E+02    0.645759807218604607E+02   -0.229973228520814708E+02   -0.719575511231547260E+01    1
    0.212751695136111998E+02    0.557730218366232933E+02   -0.229823194219372802E+02   -0.719675511231546317E+01    1
    0.242581588966093982E+02    0.596112286140141663E+02   -0.229596945319517687E+02   -0.719775511231543419E+01    1
    0.234863255408833353E+02    0.585813655235337407E+02   -0.229575478127193229E+02   -0.719875511231543985E+01    1
    0.249982401635316620E+02    0.605769811082986891E+02   -0.229573440523196801E+02   -0.719975511231549614E+01    1
    0.244891506703610204E+02    0.598604049451583506E+02   -0.229507518692668633E+02   -0.720075511231550447E+01    1
    0.227661342580005268E+02    0.575899771639440630E+02   -0.229472786283421968E+02   -0.720175511231547638E+01    1
    0.227945771551986631E+02    0.575757055553873229E+02   -0.229394214777344203E+02   -0.720275511231552823E+01    1
    0.251853150472813141E+02    0.606734354118919157E+02   -0.229359989211597721E+02   -0.720375511231551080E+01    1
    0.260166861650728727E+02    0.617650460030184192E+02   -0.229294039774057694E+02   -0.720475511231545429E+01    1
    0.245407380224081741E+02    0.596926763305134997E+02   -0.229172224497794836E+02   -0.720575511231549548E+01    1
    0.254981709368609373E+02    0.609502339110967100E+02   -0.229162093958807702E+02   -0.720675511231549759E+01    1
    0.239033043628666668E+02    0.588109160670309663E+02   -0.229116256466785195E+02   -0.720775511231550503E+01    1
    0.270588040189532073E+02    0.631810100654082376E+02   -0.229050190347876033E+02   -0.720875511231551069E+01    1
    0.201629164625695978E+02    0.534501965981785219E+02   -0.229028570223207950E+02   -0.720975511231546129E+01    1
    0.246442478615682887E+02    0.596908528394593176E+02   -0.228972135169186473E+02   -0.721075511231547672E+01    1
    0.223397434605670533E+02    0.567071097808929139E+02   -0.228970955208121403E+02   -0.721175511231547617E+01    1
    0.238239541209674748E+02    0.585798025312015866E+02   -0.228922214306984770E+02   -0.721275511231547739E+01    1
    0.228275090017265114E+02    0.571206142880069265E+02   -0.228626039122774323E+02   -0.721375511231551858E+01    1
    0.234264440800849165E+02    0.576772116734827094E+02   -0.228328345079837547E+02   -0.721475511231550914E+01    1
    0.233360171574193735E+02    0.575310160692710895E+02   -0.228269836957709522E+02   -0.721575511231545530E+01    1
    0.236934005059532531E+02    0.578928348388772989E+02   -0.228147992427941766E+02   -0.721675511231545563E+01    1
    0.214372290502326237E+02    0.549224888574436889E+02   -0.228112082814837969E+02   -0.721775511231547640E+01    1
    0.237568572709692418E+02    0.579032780465728294E+02   -0.228041278459495764E+02   -0.721875511231550160E+01    1
    0.212005342357537785E+02    0.543843915329946910E+02   -0.227884078656324718E+02   -0.721975511231553124E+01    1
    0.250866779647085423E+02    0.594621721756231452E+02   -0.227807333396815075E+02   -0.722075511231550404E+01    1
    0.209244157792646703E+02    0.538796287414393049E+02   -0.227790929809418472E+02   -0.722175511231544753E+01    1
    0.212550579343917008E+02    0.544007238725131756E+02   -0.227772429015297782E+02   -0.722275511231548162E+01    1
    0.251187862695518902E+02    0.594776485907692631E+02   -0.227767988368068792E+02   -0.722375511231550771E+01    1
    0.203564931327590415E+02    0.529646316320839148E+02   -0.227764980667342343E+02   -0.722475511231551515E+01    1
    0.210097682370371750E+02    0.538614496520521655E+02   -0.227547976447971543E+02   -0.722575511231550394E+01    1
    0.195926560370595979E+02    0.515997299709741952E+02   -0.227458286132496532E+02   -0.722675511231548207E+01    1
    0.191476416067845676E+02    0.507373256928908063E+02   -0.227146971429791869E+02   -0.722775511231554280E+01    1
    0.210264373585575122E+02    0.536289452391176766E+02   -0.227143689489207468E+02   -0.722875511231555823E+01    1
    0.198439240071301910E+02    0.517349520665204423E+02   -0.227033973695757361E+02   -0.722975511231555767E+01    1
    0.261830774373020212E+02    0.603695636526479404E+02   -0.227024698892235222E+02   -0.723075511231550117E+01    1
    0.229471260832057702E+02    0.562097758546781776E+02   -0.226986019148726257E+02   -0.723175511231542778E+01    1
    0.230581923339798749E+02    0.560435730182623431E+02   -0.226515998763398940E+02   -0.723275511231545742E+01    1
    0.174602043831450011E+02    0.476440708322896000E+02   -0.226470711185853588E+02   -0.723375511231548263E+01    1
    0.222239274956059170E+02    0.548636161462656915E+02   -0.226397511417690680E+02   -0.723475511231547319E+01    1
    0.229024816595312970E+02    0.556970213344720477E+02   -0.226307979898633569E+02   -0.723575511231547441E+01    1
    0.221114485113292609E+02    0.545920415767901090E+02   -0.226209013774297674E+02   -0.723675511231545698E+01    1
    0.222024341550544690E+02    0.547035675921577322E+02   -0.226197240657674996E+02   -0.723775511231546531E+01    1
    0.206898310690648550E+02    0.524626738535532056E+02   -0.226117802684614730E+02   -0.723875511231546298E+01    1
    0.188244055925426075E+02    0.495835070765917862E+02   -0.226069189533907213E+02   -0.723975511231548907E+01    1
    0.214423985377332684E+02    0.535648904640764982E+02   -0.226000739063805440E+02   -0.724075511231549918E+01    1
    0.225955924057973050E+02    0.550812116591270495E+02   -0.225988097792764648E+02   -0.724175511231544267E+01    1
    0.237072438462449213E+02    0.564804200715750895E+02   -0.225934083314769900E+02   -0.724275511231549540E+01    1
    0.254295756730616169E+02    0.586378146662443172E+02   -0.225924585552390624E+02   -0.724375511231551528E+01    1
    0.201418817738896081E+02    0.514829288564855361E+02   -0.225885327122901991E+02   -0.724475511231550762E+01    1
    0.213070122570321701E+02    0.531805385550149978E+02   -0.225728598237965592E+02   -0.724575511231554259E+01    1
    0.194680925377225762E+02    0.502441643979913906E+02   -0.225539130034810889E+02   -0.724675511231552605E+01    1
    0.237048063229129902E+02    0.562286247979219596E+02   -0.225516008761457378E+02   -0.724775511231550862E+01    1
    0.241680844265806343E+02    0.567728531458643673E+02   -0.225483178723666029E+02   -0.724875511231552494E+01    1
    0.199035995451671965E+02    0.507792101659823629E+02   -0.225291197879518528E+02   -0.724975511231552172E+01    1
    0.243732645492724842E+02    0.567220465915434033E+02   -0.225007658468627945E+02   -0.725075511231550607E+01    1
    0.241817281101881427E+02    0.564467924776191978E+02   -0.224950922544569956E+02   -0.725175511231546910E+01    1
    0.216524707192791901E+02    0.531239777699949798E+02   -0.224816888402180020E+02   -0.725275511231546499E+01    1
    0.223559794066965942E+02    0.539896150232892325E+02   -0.224760437942851077E+02   -0.725375511231552927E+01    1
    0.216796659750164693E+02    0.531086688183130278E+02   -0.224735204800949084E+02   -0.725475511231552073E+01    1
    0.255081845887191392E+02    0.578581931606106608E+02   -0.224588303935176334E+02   -0.725575511231551573E+01    1
    0.243225418850867321E+02    0.562840645080846826E+02   -0.224403740974667478E+02   -0.725675511231548853E+01    1
    0.236902263275245915E+02    0.554572834302384265E+02   -0.224383862009802399E+02   -0.725775511231547199E+01    1
    0.263457696600060309E+02    0.586973479277531709E+02   -0.224262854801920639E+02   -0.725875511231547499E+01    1
    0.226441976789093751E+02    0.540250056353816959E+02   -0.224232464401460589E+02   -0.725975511231548154E+01    1
    0.241347343753268682E+02    0.559255484901327407E+02   -0.224201118888664723E+02   -0.726075511231553250E+01    1
    0.221858498727090208E+02    0.534226535100871089E+02   -0.224199682986981159E+02   -0.726175511231548043E+01    1
    0.276465435564378765E+02    0.602434357535581526E+02   -0.224186889130048534E+02   -0.726275511231547100E+01    1
    0.212795337717381301E+02    0.520890768203010808E+02   -0.224029018838586396E+02   -0.726375511231553883E+01    1
    0.273501450785748368E+02    0.597396637874990404E+02   -0.223928270766743083E+02   -0.726475511231553472E+01    1
    0.242768334321707897E+02    0.557767106845977096E+02   -0.223698398424467584E+02   -0.726575511231551374E+01    1
    0.213616228295253912E+02    0.519781322752951240E+02   -0.223641132807172447E+02   -0.726675511231550164E+01    1
    0.241330458081332040E+02    0.554399835240381265E+02   -0.223480760895160238E+02   -0.726775511231549043E+01    1
    0.243509371076660734E+02    0.557144189276931030E+02   -0.223459220588714835E+02   -0.726875511231552007E+01    1
    0.226183069707354605E+02    0.534617376219168747E+02   -0.223378376622716424E+02   -0.726975511231551597E+01    1
    0.250954571387820025E+02    0.565638820014072436E+02   -0.223367375297158866E+02   -0.727075511231552607E+01    1
    0.230260994344549061E+02    0.537833558565989165E+02   -0.223088135844042554E+02   -0.727175511231556371E+01    1
    0.233479929290285675E+02    0.541949066232977330E+02   -0.223074714138403287E+02   -0.727275511231552407E+01    1
    0.195707958697415343E+02    0.489071733142416534E+02   -0.223051291349156635E+02   -0.727375511231550398E+01    1
    0.245768696463609118E+02    0.557237689711087043E+02   -0.223026355845554498E+02   -0.727475511231547944E+01    1
    0.206509905980411581E+02    0.504750779080163596E+02   -0.222885460980184860E+02   -0.727575511231546734E+01    1
    0.200918850910074731E+02    0.495521123288246912E+02   -0.222711675855597839E+02   -0.727675511231552363E+01    1
    0.238587995842459435E+02    0.545878782490005818E+02   -0.222672332318729609E+02   -0.727775511231549910E+01    1
    0.211675580845603513E+02    0.510691685024123885E+02   -0.222612868255359295E+02   -0.727875511231544259E+01    1
    0.222771688908959398E+02    0.525259285253767203E+02   -0.222550232637553016E+02   -0.727975511231543937E+01    1
    0.208837139174656734E+02    0.505077425870533290E+02   -0.222355592112880132E+02   -0.728075511231544770E+01    1
    0.234959999797110477E+02    0.538687622233204806E+02   -0.222273607571484142E+02   -0.728175511231545958E+01    1
    0.245518004826279501E+02    0.551135553665243876E+02   -0.222161654236193264E+02   -0.728275511231549988E+01    1
    0.221801277611057657E+02    0.521278492640169944E+02   -0.222104600419221185E+02   -0.728375511231554551E+01    1
    0.188914934988046177E+02    0.473559313351508635E+02   -0.222078342417859957E+02   -0.728475511231552098E+01    1
    0.225129411765484697E+02    0.524936359873712206E+02   -0.222006519219719571E+02   -0.728575511231546269E+01    1
    0.273426753608108655E+02    0.584527256724815558E+02   -0.222006019169517472E+02   -0.728675511231543638E+01    1
    0.217923652799382097E+02    0.515493606823651973E+02   -0.221961817940827650E+02   -0.728775511231545448E+01    1
    0.257250159160922891E+02    0.564502673445005172E+02   -0.221955975051523993E+02   -0.728875511231547613E+01    1
    0.234057910465248682E+02    0.535613783830920340E+02   -0.221936643998179406E+02   -0.728975511231548268E+01    1
    0.229570954895250701E+02    0.530144985303004219E+02   -0.221911751746789143E+02   -0.729075511231548568E+01    1
    0.244101572570880592E+02    0.547117360877984211E+02   -0.221775959621615257E+02   -0.729175511231551710E+01    1
    0.235646468947005623E+02    0.535298859483041838E+02   -0.221555673681126351E+02   -0.729275511231555029E+01    1
    0.239500696434231450E+02    0.539524427860086178E+02   -0.221489721788352902E+02   -0.729375511231550178E+01    1
    0.242961162378938127E+02    0.542424662471191468E+02   -0.221240966891125552E+02   -0.729475511231547014E+01    1
    0.226174100850650461E+02    0.521466191272915864E+02   -0.221224008610090159E+02   -0.729575511231549267E+01    1
    0.235577315594700316E+02    0.533303718378092029E+02   -0.221216387314532028E+02   -0.729675511231546370E+01    1
    0.244840094604681440E+02    0.544658764635971764E+02   -0.221207311482525029E+02   -0.729775511231545604E+01    1
    0.249212892997142141E+02    0.549545022896755953E+02   -0.221165828336243067E+02   -0.729875511231548213E+01    1
    0.225699587287117254E+02    0.520459224159396427E+02   -0.221157464925875260E+02   -0.729975511231548513E+01    1
    0.241142161738167609E+02    0.538312364520599758E+02   -0.220959958812717296E+02   -0.730075511231550678E+01    1
    0.230783324569095782E+02    0.525298825238360578E+02   -0.220886441966338687E+02   -0.730175511231552044E+01    1
    0.215827407962238880E+02    0.506259066680697316E+02   -0.220823856114272665E+02   -0.730275511231551278E+01    1
    0.244124859969490196E+02    0.539936015840888146E+02   -0.220625215484894497E+02   -0.730375511231548291E+01    1
    0.215037166910971145E+02    0.503404093722544133E+02   -0.220516170930792583E+02   -0.730475511231544061E+01    1
    0.241398085831440028E+02    0.535590431981195820E+02   -0.220430065514603406E+02   -0.730575511231548891E+01    1
    0.232002748186629084E+02    0.522645459684004337E+02   -0.220205175422213841E+02   -0.730675511231549280E+01    1
    0.245993361565856361E+02    0.539037155697009709E+02   -0.220095559567584473E+02   -0.730775511231548869E+01    1
    0.245274952300680624E+02    0.538151134418716879E+02   -0.220087006891817758E+02   -0.730875511231552277E+01    1
    0.244389996220498027E+02    0.536558184733524470E+02   -0.219988612191412898E+02   -0.730975511231548047E+01    1
    0.220763578825140421E+02    0.507180720462753101E+02   -0.219933310060827800E+02   -0.731075511231550124E+01    1
    0.208364988662555426E+02    0.488914503556621938E+02   -0.219697476799583775E+02   -0.731175511231547937E+01    1
    0.241452700221738503E+02    0.531380028351183711E+02   -0.219672732805296747E+02   -0.731275511231548059E+01    1
    0.222005630752887058E+02    0.506104256011607276E+02   -0.219485143654310271E+02   -0.731375511231548803E+01    1
    0.227550783806937105E+02    0.512370831875729706E+02   -0.219396792389961703E+02   -0.731475511231548570E+01    1
    0.250420876771070695E+02    0.538744420258132379E+02   -0.219141291796000992E+02   -0.731575511231554287E+01    1
    0.243414846475296400E+02    0.530003292605273373E+02   -0.219027892315770352E+02   -0.731675511231555920E+01    1
    0.191288345419991259E+02    0.459661194837473559E+02   -0.218913249803846064E+02   -0.731775511231551778E+01    1
    0.245946027639465363E+02    0.530938808640751247E+02   -0.218678758758344891E+02   -0.731875511231548259E+01    1
    0.223623756544117818E+02    0.502861558616294886E+02   -0.218587002068182912E+02   -0.731975511231551135E+01    1
    0.219348290083068527E+02    0.497688379620250032E+02   -0.218578485611265592E+02   -0.732075511231549392E+01    1
    0.222851054635448094E+02    0.501821936127264294E+02   -0.218567115516305108E+02   -0.732175511231547738E+01    1
    0.255036501998857794E+02    0.540367094708213145E+02   -0.218485107246658821E+02   -0.732275511231550524E+01    1
    0.217852628289851111E+02    0.495171868930215595E+02   -0.218450668259693472E+02   -0.732375511231552867E+01    1
    0.233682695912759968E+02    0.514065655168286071E+02   -0.218415129285674041E+02   -0.732475511231548904E+01    1
    0.252256100478410907E+02    0.536471057214532365E+02   -0.218370634128607755E+02   -0.732575511231548759E+01    1
    0.226571093128981182E+02    0.505038118474084641E+02   -0.218335761687741829E+02   -0.732675511231552790E+01    1
    0.245479391212170341E+02    0.528206967846384501E+02   -0.218299600569539827E+02   -0.732775511231552201E+01    1
    0.227775933706149480E+02    0.504267600468433272E+02   -0.217949369466401883E+02   -0.732875511231553300E+01    1
    0.234898725580456826E+02    0.511976455417633076E+02   -0.217784123230399516E+02   -0.732975511231552979E+01    1
    0.238984414623540005E+02    0.516470151407849087E+02   -0.217732906736011316E+02   -0.733075511231554700E+01    1
    0.238517713330188244E+02    0.515779969347365466E+02   -0.217707723045987080E+02   -0.733175511231552335E+01    1
    0.243929234253461971E+02    0.521451305631657220E+02   -0.217540131137716308E+02   -0.733275511231546062E+01    1
    0.259494450384632245E+02    0.539121399123007947E+02   -0.217362250514822115E+02   -0.733375511231543076E+01    1
    0.220698396120237774E+02    0.491862093113981373E+02   -0.217247252569923788E+02   -0.733475511231548616E+01    1
    0.257339481839793613E+02    0.535360867482409901E+02   -0.217144808162086917E+02   -0.733575511231548827E+01    1
    0.217588328948360008E+02    0.486561595367546005E+02   -0.216938674612964526E+02   -0.733675511231544952E+01    1
    0.213992012846990995E+02    0.481445214396428725E+02   -0.216838599185659611E+02   -0.733775511231552979E+01    1
    0.213230181627619864E+02    0.480192866790286033E+02   -0.216800847381965056E+02   -0.733875511231552391E+01    1
    0.228806179730115460E+02    0.498705534094505865E+02   -0.216760527356039283E+02   -0.733975511231546029E+01    1
    0.253010075798848213E+02    0.526846885411632329E+02   -0.216530330674300266E+02   -0.734075511231551214E+01    1
    0.247917916284954671E+02    0.520040332910851930E+02   -0.216488154245637681E+02   -0.734175511231557021E+01    1
    0.235488019887275719E+02    0.505033513228820254E+02   -0.216453234456822905E+02   -0.734275511231549949E+01    1
    0.226051183269117004E+02    0.493295580367190354E+02   -0.216377759245678867E+02   -0.734375511231547673E+01    1
    0.228724976989285977E+02    0.496324017563635920E+02   -0.216359098368359639E+02   -0.734475511231548062E+01    1
    0.217902775164317717E+02    0.483735463339331488E+02   -0.216353566781047952E+02   -0.734575511231545963E+01    1
    0.208936324790906234E+02    0.471372240509579967E+02   -0.216300342411555384E+02   -0.734675511231550082E+01    1
    0.229593451999243854E+02    0.496529625483521144E+02   -0.216212407089401566E+02   -0.734775511231548784E+01    1
    0.257253779948642141E+02    0.529283525332788187E+02   -0.216091224989658208E+02   -0.734875511231544465E+01    1
    0.232372866364750479E+02    0.499125820871918364E+02   -0.216083388308700144E+02   -0.734975511231544587E+01    1
    0.241685528266742935E+02    0.510327545024833924E+02   -0.216068230098372460E+02   -0.735075511231544443E+01    1
    0.236508236606596540E+02    0.503817216785100896E+02   -0.216031549697956713E+02   -0.735175511231544299E+01    1
    0.230890504874680502E+02    0.496889811484351824E+02   -0.216002741836269152E+02   -0.735275511231549483E+01    1
    0.240589976308974300E+02    0.508609323364924109E+02   -0.215987934837589322E+02   -0.735375511231552625E+01    1
    0.254315736240326338E+02    0.524779316358433334E+02   -0.215935792840846048E+02   -0.735475511231551238E+01    1
    0.259860843501290546E+02    0.531363235487138823E+02   -0.215930995642314763E+02   -0.735575511231547363E+01    1
    0.254247760092578758E+02    0.524470532337573943E+02   -0.215901155834057050E+02   -0.735675511231547397E+01    1
    0.220684827590731416E+02    0.484368196128082431E+02   -0.215874368483849466E+02   -0.735775511231553914E+01    1
    0.228154983684571739E+02    0.492978981384670263E+02   -0.215870907646147536E+02   -0.735875511231555990E+01    1
    0.253649836531274602E+02    0.522207217101823602E+02   -0.215660360439637699E+02   -0.735975511231555846E+01    1
    0.226079133970434505E+02    0.489322695750511798E+02   -0.215627524157356518E+02   -0.736075511231551172E+01    1
    0.253898662958152421E+02    0.522163257942481636E+02   -0.215602088811695616E+02   -0.736175511231543478E+01    1
    0.234615784625552841E+02    0.498582215860203632E+02   -0.215516456427856049E+02   -0.736275511231547153E+01    1
    0.268770973220876286E+02    0.538040375944226668E+02   -0.215296827336320042E+02   -0.736375511231554292E+01    1
    0.233126419465493946E+02    0.495480280810043467E+02   -0.215284367686538545E+02   -0.736475511231551661E+01    1
    0.251765505272810159E+02    0.516787215566658560E+02   -0.215121958956626571E+02   -0.736575511231547608E+01    1
    0.243933757229826682E+02    0.507346741880416090E+02   -0.215070877472471054E+02   -0.736675511231544888E+01    1
    0.216163750097821001E+02    0.474905347462323064E+02   -0.215065116852018292E+02   -0.736775511231549984E+01    1
    0.222086780880761623E+02    0.481576533662907451E+02   -0.215062949761962230E+02   -0.736875511231555258E+01    1
    0.222288756290524567E+02    0.481792189390642278E+02   -0.215060638637295121E+02   -0.736975511231547120E+01    1
    0.256480779810697967E+02    0.522042451660141822E+02   -0.215052148649049322E+02   -0.737075511231542002E+01    1
    0.240114503228569411E+02    0.502207520753492531E+02   -0.214997015039991162E+02   -0.737175511231550473E+01    1
    0.239372252413187105E+02    0.500752681908603137E+02   -0.214898047037498863E+02   -0.737275511231550684E+01    1
    0.256236589680186562E+02    0.520527651591557330E+02   -0.214853710939636144E+02   -0.737375511231550362E+01    1
    0.255053581495182975E+02    0.518633221153248130E+02   -0.214764679510496599E+02   -0.737475511231550929E+01    1
    0.258782967297024591E+02    0.522394729664053799E+02   -0.214636809695929323E+02   -0.737575511231547942E+01    1
    0.235338876065672871E+02    0.493267251131169999E+02   -0.214400809213141912E+02   -0.737675511231548064E+01    1
    0.252522174020167682E+02    0.513053292009810349E+02   -0.214303846767694353E+02   -0.737775511231543124E+01    1
    0.252420985515716225E+02    0.512351852683124918E+02   -0.214198906917874830E+02   -0.737875511231544756E+01    1
    0.249626432928768160E+02    0.509114272226995226E+02   -0.214197788180383561E+02   -0.737975511231549319E+01    1
    0.241593434625846974E+02    0.499284213398436236E+02   -0.214175582700317797E+02   -0.738075511231546422E+01    1
    0.215938198841438656E+02    0.469738867004844565E+02   -0.214121234862407199E+02   -0.738175511231545567E+01    1
    0.241613121782110163E+02    0.498986221467489486E+02   -0.214119385522005068E+02   -0.738275511231549508E+01    1
    0.270334129446948488E+02    0.533043452244210130E+02   -0.214113454687730638E+02   -0.738375511231553627E+01    1
    0.238393656671824026E+02    0.494096474384535256E+02   -0.213909262007911245E+02   -0.738475511231555615E+01    1
    0.250840354172011502E+02    0.507324320383270262E+02   -0.213624810261452431E+02   -0.738575511231554405E+01    1
    0.213623680980632358E+02    0.464173916537923290E+02   -0.213623750785840798E+02   -0.738675511231550797E+01    1
    0.216834776317626279E+02    0.468050881803741348E+02   -0.213596136856373917E+02   -0.738775511231547100E+01    1
    0.244316477042230744E+02    0.499140241336887698E+02   -0.213580509686660349E+02   -0.738875511231546955E+01    1
    0.238109851827720860E+02    0.490051859584041480E+02   -0.213209896147568685E+02   -0.738975511231546367E+01    1
    0.239871159675995429E+02    0.491894562418976804E+02   -0.213184997380446717E+02   -0.739075511231551729E+01    1
    0.204023850090599730E+02    0.447441897551641787E+02   -0.213077626002890916E+02   -0.739175511231552207E+01    1
    0.252258053183555369E+02    0.505316479965621639E+02   -0.212984324666365694E+02   -0.739275511231547355E+01    1
    0.185737046548126798E+02    0.420309932264739246E+02   -0.212971905976111486E+02   -0.739375511231546412E+01    1
    0.221997951650637617E+02    0.470402254911062556E+02   -0.212966858990236823E+02   -0.739475511231550620E+01    1
    0.251340612481693881E+02    0.503988587730091240E+02   -0.212951712134279632E+02   -0.739575511231552696E+01    1
    0.227539318282175991E+02    0.475208270261936789E+02   -0.212702154440429467E+02   -0.739675511231546157E+01    1
    0.240035918530271353E+02    0.489369632038105493E+02   -0.212674953902293886E+02   -0.739775511231542993E+01    1
    0.241489990183298744E+02    0.490653611631922857E+02   -0.212609790853185920E+02   -0.739875511231546756E+01    1
    0.243400782048701956E+02    0.492384206981128898E+02   -0.212532271634983019E+02   -0.739975511231552208E+01    1
    0.215633199793478560E+02    0.461263727154226260E+02   -0.212506883483701330E+02   -0.740075511231554106E+01    1
    0.224630834898585583E+02    0.470718109611519751E+02   -0.212468507040060892E+02   -0.740175511231547745E+01    1
    0.231108108111348542E+02    0.477448001059817955E+02   -0.212366317430196219E+02   -0.740275511231546179E+01    1
    0.247484903428135894E+02    0.495442648048236407E+02   -0.212240912783547060E+02   -0.740375511231553673E+01    1
    0.257758136000838860E+02    0.507501785137650856E+02   -0.212224786087743524E+02   -0.740475511231555927E+01    1
    0.206444019062591266E+02    0.446032552947849155E+02   -0.212109449437611381E+02   -0.740575511231556494E+01    1
    0.227367761809488869E+02    0.471562218506143651E+02   -0.212050048897774914E+02   -0.740675511231549688E+01    1
    0.227602806046138610E+02    0.470927113318317083E+02   -0.211878222418048558E+02   -0.740775511231547412E+01    1
    0.212348571728078461E+02    0.452676851958910120E+02   -0.211703573074875813E+02   -0.740875511231551975E+01    1
    0.234416733558372634E+02    0.477141449885147395E+02   -0.211608042061702619E+02   -0.740975511231546591E+01    1
    0.221509377762060744E+02    0.462871562480677312E+02   -0.211582819655127388E+02   -0.741075511231541206E+01    1
    0.256330106879907795E+02    0.501649169653405949E+02   -0.211510777957937925E+02   -0.741175511231545059E+01    1
    0.238945690043159686E+02    0.481360180170738587E+02   -0.211440962044440290E+02   -0.741275511231547846E+01    1
    0.258344054872362712E+02    0.502682605297788427E+02   -0.211271159159862911E+02   -0.741375511231547435E+01    1
    0.187831393183966853E+02    0.414723583688508697E+02   -0.211249850241716359E+02   -0.741475511231549866E+01    1
    0.231109220801569464E+02    0.471061595783563334E+02   -0.211161266862830850E+02   -0.741575511231550433E+01    1
    0.247938094524604367E+02    0.490156896390172889E+02   -0.211158990797978845E+02   -0.741675511231552331E+01    1
    0.209630673977925817E+02    0.444640512902019722E+02   -0.210929074798853762E+02   -0.741775511231548279E+01    1
    0.223694754246866410E+02    0.461007787159835161E+02   -0.210754669485385477E+02   -0.741875511231547513E+01    1
    0.244316179848985122E+02    0.483752488791521031E+02   -0.210741937544692135E+02   -0.741975511231548612E+01    1
    0.215181230390329041E+02    0.451183729105408560E+02   -0.210634391019838070E+02   -0.742075511231548379E+01    1
    0.241251880621691690E+02    0.478963080234176033E+02   -0.210504836006642329E+02   -0.742175511231550722E+01    1
    0.232647191692528956E+02    0.469201448837777946E+02   -0.210478065526004130E+02   -0.742275511231548535E+01    1
    0.222252622521050256E+02    0.458004795106416154E+02   -0.210468526055611989E+02   -0.742375511231551144E+01    1
    0.208918229095302657E+02    0.441243981707824915E+02   -0.210464813673940156E+02   -0.742475511231547003E+01    1
    0.226289220323934259E+02    0.461614702664528096E+02   -0.210327872043103277E+02   -0.742575511231540908E+01    1
    0.223400627014962154E+02    0.458355910169604783E+02   -0.210295837994999495E+02   -0.742675511231544583E+01    1
    0.256708241023040031E+02    0.495020547083295526E+02   -0.210223742983508295E+02   -0.742775511231548702E+01    1
    0.208169299631907343E+02    0.438895771799271230E+02   -0.210216283531221855E+02   -0.742875511231550423E+01    1
    0.213967852159171343E+02    0.446262303517150798E+02   -0.210016274480806899E+02   -0.742975511231553831E+01    1
    0.229889334871182811E+02    0.463315294143072194E+02   -0.209905015090294818E+02   -0.743075511231550490E+01    1
    0.233869137788371546E+02    0.466793510293673890E+02   -0.209751890260448022E+02   -0.743175511231548125E+01    1
    0.218111886337451573E+02    0.449667347437440412E+02   -0.209702828083200217E+02   -0.743275511231551267E+01    1
    0.221860680236360785E+02    0.453168124638074801E+02   -0.209602338700692847E+02   -0.743375511231551922E+01    1
    0.233013166535715150E+02    0.465030399121843416E+02   -0.209585471686834133E+02   -0.743475511231548403E+01    1
    0.230065111035349652E+02    0.460838075310074018E+02   -0.209381655469819563E+02   -0.743575511231544883E+01    1
    0.219847218272081122E+02    0.449856767222456853E+02   -0.209375343058335197E+02   -0.743675511231551578E+01    1
    0.229177416878832645E+02    0.459127358527834843E+02   -0.209233065202994197E+02   -0.743775511231556585E+01    1
    0.203382351370078744E+02    0.426884826973431686E+02   -0.209227182270676764E+02   -0.743875511231553421E+01    1
    0.215846722511078148E+02    0.444790671808216445E+02   -0.209225382421666772E+02   -0.743975511231550968E+01    1
    0.225892838537161111E+02    0.455491308062262377E+02   -0.209210673632936874E+02   -0.744075511231554199E+01    1
    0.223244817188234528E+02    0.452140550214937917E+02   -0.209110545318227246E+02   -0.744175511231554587E+01    1
    0.233973581226149889E+02    0.463158390180680115E+02   -0.209016550949716162E+02   -0.744275511231549114E+01    1
    0.236702971861154374E+02    0.465025189147402926E+02   -0.208810106255242154E+02   -0.744375511231549680E+01    1
    0.241603741367057374E+02    0.470336618536637587E+02   -0.208806850055577797E+02   -0.744475511231554066E+01    1
    0.237941949880235235E+02    0.465065426896430196E+02   -0.208558300298969961E+02   -0.744575511231556142E+01    1
    0.224654092269356767E+02    0.450527830537448892E+02   -0.208501333485022222E+02   -0.744675511231554399E+01    1
    0.212817832370135562E+02    0.435845750423000595E+02   -0.208302765959366205E+02   -0.744775511231552567E+01    1
    0.211097716416247252E+02    0.432587516139624526E+02   -0.208150960506647955E+02   -0.744875511231549581E+01    1
    0.226782687353867516E+02    0.450551880151607378E+02   -0.208060680699938274E+02   -0.744975511231548992E+01    1
    0.204900567798160651E+02    0.422650978458437194E+02   -0.207958020564804507E+02   -0.745075511231549648E+01    1
    0.243799886881497123E+02    0.468115076131669383E+02   -0.207920172157416410E+02   -0.745175511231545418E+01    1
    0.205849371561246208E+02    0.422905243818186705E+02   -0.207739244248121864E+02   -0.745275511231543941E+01    1
    0.247321850105924419E+02    0.470764673758081997E+02   -0.207686766374399845E+02   -0.745375511231547971E+01    1
    0.237051195505570931E+02    0.459592162676136553E+02   -0.207674460942594763E+02   -0.745475511231554666E+01    1
    0.225387132214492958E+02    0.445152997619978024E+02   -0.207293906075810099E+02   -0.745575511231556032E+01    1
    0.206846592746772409E+02    0.421983310930357405E+02   -0.207274761608754474E+02   -0.745675511231547983E+01    1
    0.227146571980202552E+02    0.446731712910716823E+02   -0.207232818278848043E+02   -0.745775511231549615E+01    1
    0.255313279696614615E+02    0.477047158651299625E+02   -0.207189495507282864E+02   -0.745875511231555066E+01    1
    0.242915282680909215E+02    0.462742801683789864E+02   -0.207064007146328848E+02   -0.745975511231552790E+01    1
    0.234982070882586491E+02    0.453729918042702423E+02   -0.206964792245885896E+02   -0.746075511231553978E+01    1
    0.214064257360516201E+02    0.430115383267592506E+02   -0.206832390808607016E+02   -0.746175511231554189E+01    1
    0.240486918478611500E+02    0.457716618395174279E+02   -0.206591776937862441E+02   -0.746275511231552713E+01    1
    0.212151503091938523E+02    0.426017505781970058E+02   -0.206569271495544697E+02   -0.746375511231551858E+01    1
    0.217830814913003827E+02    0.432786285968056603E+02   -0.206462332581800396E+02   -0.746475511231547895E+01    1
    0.232052525498767785E+02    0.446870521515453873E+02   -0.206234046971942071E+02   -0.746575511231549704E+01    1
    0.265494102379059953E+02    0.482346353904124854E+02   -0.206042752291957854E+02   -0.746675511231550182E+01    1
    0.230739512276786769E+02    0.444237018988652181E+02   -0.205997051519980374E+02   -0.746775511231544975E+01    1
    0.255007165321884628E+02    0.470250328334966312E+02   -0.205978869098598558E+02   -0.746875511231542433E+01    1
    0.252472086995058831E+02    0.467112156051867089E+02   -0.205912036614288603E+02   -0.746975511231544154E+01    1
    0.241776016117140706E+02    0.455316587847988856E+02   -0.205856820840575949E+02   -0.747075511231544631E+01    1
    0.257965492679377491E+02    0.472799494400511904E+02   -0.205840381136932287E+02   -0.747175511231540845E+01    1
    0.227549433015666835E+02    0.439479521524755370E+02   -0.205735443533400044E+02   -0.747275511231542211E+01    1
    0.206508599973084692E+02    0.413489843133939345E+02   -0.205689956103430802E+02   -0.747375511231550860E+01    1
    0.238623236838516171E+02    0.451024731849714513E+02   -0.205683558308793231E+02   -0.747475511231551515E+01    1
    0.234034682922808557E+02    0.445239427374536163E+02   -0.205504117302713425E+02   -0.747575511231550927E+01    1
    0.200928893085056650E+02    0.404596788904984166E+02   -0.205491268390493289E+02   -0.747675511231557799E+01    1
    0.207615529534718988E+02    0.413636606253223960E+02   -0.205406444390267140E+02   -0.747775511231553569E+01    1
    0.267374750029440342E+02    0.480499929658874834E+02   -0.205311488986875545E+02   -0.747875511231550938E+01    1
    0.236107131668811334E+02    0.446362874630904614E+02   -0.205289875064978453E+02   -0.747975511231554790E+01    1
    0.224082014129068625E+02    0.433277884270623801E+02   -0.205244215176209188E+02   -0.748075511231551893E+01    1
    0.248444547188477003E+02    0.458728609412618482E+02   -0.205131780482366644E+02   -0.748175511231550594E+01    1
    0.212645066077808238E+02    0.419350180544587161E+02   -0.205119949526265373E+02   -0.748275511231550716E+01    1
    0.233671409629362792E+02    0.441636776566537819E+02   -0.204882167395881005E+02   -0.748375511231543822E+01    1
    0.223020594829894279E+02    0.429981970707811740E+02   -0.204827134161988944E+02   -0.748475511231542434E+01    1
    0.211022046508122827E+02    0.415553086047647540E+02   -0.204825722809850497E+02   -0.748575511231550461E+01    1
    0.219370003867582462E+02    0.425262152523350920E+02   -0.204667882827060588E+02   -0.748675511231553337E+01    1
    0.256474327277128786E+02    0.464753898335463802E+02   -0.204629199235118406E+02   -0.748775511231547330E+01    1
    0.250795186377675101E+02    0.458482484637932330E+02   -0.204596000154672524E+02   -0.748875511231549496E+01    1
    0.240616631155939196E+02    0.447185306310445583E+02   -0.204515160606512012E+02   -0.748975511231547930E+01    1
    0.222455548170913922E+02    0.424637885943065854E+02   -0.203899689344973396E+02   -0.749075511231541569E+01    1
    0.240753841479906150E+02    0.444043180028887079E+02   -0.203874942100564454E+02   -0.749175511231549685E+01    1
    0.238282996488322851E+02    0.441299663309658072E+02   -0.203858404302769713E+02   -0.749275511231552471E+01    1
    0.228728895761565632E+02    0.430222745955170609E+02   -0.203678869444269708E+02   -0.749375511231550373E+01    1
    0.237065839847230713E+02    0.439027044548121026E+02   -0.203664136821437083E+02   -0.749475511231554403E+01    1
    0.180885976461007800E+02    0.367757694757423792E+02   -0.203616722462961981E+02   -0.749575511231555502E+01    1
    0.234028817157310449E+02    0.435356617554766814E+02   -0.203564123250913731E+02   -0.749675511231555092E+01    1
    0.225369648494155008E+02    0.425947078091765050E+02   -0.203546518218510393E+02   -0.749775511231554415E+01    1
    0.237805521669932070E+02    0.438897473905263595E+02   -0.203484548966481285E+02   -0.749875511231554892E+01    1
    0.230841582256922493E+02    0.431311770166128383E+02   -0.203447977947287129E+02   -0.749975511231547554E+01    1
    0.190798106548008946E+02    0.380886009155611163E+02   -0.203413717971047703E+02   -0.750075511231543324E+01    1
    0.219391170598395284E+02    0.418692746894872627E+02   -0.203357006725023197E+02   -0.750175511231542913E+01    1
    0.236306133341742282E+02    0.435602137600276862E+02   -0.203135937929866941E+02   -0.750275511231546410E+01    1
    0.230400277781710763E+02    0.428703666264724319E+02   -0.203034489199263106E+02   -0.750375511231553460E+01    1
    0.239008312708329669E+02    0.437461540263999282E+02   -0.202945894507103972E+02   -0.750475511231552872E+01    1
    0.250325196311507518E+02    0.449116299605096359E+02   -0.202886196069284388E+02   -0.750575511231552905E+01    1
    0.232160575731474310E+02    0.429812506985607712E+02   -0.202882976745388106E+02   -0.750675511231550985E+01    1
    0.242885665290371904E+02    0.440713448149840445E+02   -0.202791128150291797E+02   -0.750775511231553683E+01    1
    0.217937789717459509E+02    0.414246591921426486E+02   -0.202783531166353370E+02   -0.750875511231556203E+01    1
    0.246647038017891127E+02    0.444206829047474443E+02   -0.202684763851164114E+02   -0.750975511231552950E+01    1
    0.222048708683722467E+02    0.418021311438849139E+02   -0.202645701870507828E+02   -0.751075511231546766E+01    1
    0.211453442256553146E+02    0.404882500181892553E+02   -0.202581256350513392E+02   -0.751175511231549642E+01    1
    0.236771370506426742E+02    0.433108374030790841E+02   -0.202557501493038998E+02   -0.751275511231551807E+01    1
    0.211459002811227812E+02    0.403757145702737787E+02   -0.202353401648828211E+02   -0.751375511231551840E+01    1
    0.200317163178967128E+02    0.388547137017525372E+02   -0.202342075838264606E+02   -0.751475511231557114E+01    1
    0.244038803463488279E+02    0.438653414952528635E+02   -0.202144695677301343E+02   -0.751575511231552706E+01    1
    0.216610621508622714E+02    0.409497002454448378E+02   -0.202133076660225477E+02   -0.751675511231552385E+01    1
    0.236933734844257096E+02    0.430009462626511336E+02   -0.201926381338190346E+02   -0.751775511231547622E+01    1
    0.229388143568490719E+02    0.421440915376994951E+02   -0.201827455908478228E+02   -0.751875511231548366E+01    1
    0.248822548465936357E+02    0.441726555590379064E+02   -0.201758197052019845E+02   -0.751975511231552041E+01    1
    0.219890576324625400E+02    0.410657431225818783E+02   -0.201654873510668544E+02   -0.752075511231543548E+01    1
    0.211314281336724754E+02    0.399534573328987435E+02   -0.201545997844817002E+02   -0.752175511231546334E+01    1
    0.235443721950177540E+02    0.425970988153036743E+02   -0.201451577101816071E+02   -0.752275511231550986E+01    1
    0.237629136760532127E+02    0.427534254750800287E+02   -0.201301310702394360E+02   -0.752375511231544980E+01    1
    0.209750678335489447E+02    0.395174271023509931E+02   -0.201073281342083625E+02   -0.752475511231544392E+01    1
    0.225995261299544055E+02    0.414103224327265522E+02   -0.201019025345604341E+02   -0.752575511231551975E+01    1
    0.224834387194099286E+02    0.412616986344634640E+02   -0.200976526784668366E+02   -0.752675511231547034E+01    1
    0.197410092446728775E+02    0.378170738887403175E+02   -0.200959172270007684E+02   -0.752775511231547156E+01    1
    0.262288645396917453E+02    0.451871678319703349E+02   -0.200955118603165310E+02   -0.752875511231556516E+01    1
    0.233293743765200361E+02    0.420857863415944777E+02   -0.200880938914796623E+02   -0.752975511231555572E+01    1
    0.209091008953377653E+02    0.392740747783492594E+02   -0.200739923831554776E+02   -0.753075511231552142E+01    1
    0.209106152989025418E+02    0.392505089475316424E+02   -0.200685558556584596E+02   -0.753175511231551020E+01    1
    0.228525507370776069E+02    0.414826254646822221E+02   -0.200617304026716390E+02   -0.753275511231553363E+01    1
    0.239512260402278798E+02    0.425929075769367884E+02   -0.200598609398438370E+02   -0.753375511231556594E+01    1
    0.220443916452576900E+02    0.405936636171150340E+02   -0.200597821351509893E+02   -0.753475511231554584E+01    1
    0.226620755221306354E+02    0.412613869663496118E+02   -0.200592056051685610E+02   -0.753575511231547779E+01    1
    0.205097193717800295E+02    0.386302940527266614E+02   -0.200512026824572906E+02   -0.753675511231542838E+01    1
    0.234742297205521950E+02    0.419555648911585592E+02   -0.200301854871394305E+02   -0.753775511231542872E+01    1
    0.187444307404596273E+02    0.361036843854508263E+02   -0.200257843160115137E+02   -0.753875511231546458E+01    1
    0.246272578430354763E+02    0.430808635491585648E+02   -0.200140717124949390E+02   -0.753975511231548090E+01    1
    0.249146538208642099E+02    0.433495586774031736E+02   -0.200060451330035143E+02   -0.754075511231548479E+01    1
    0.218693859234651917E+02    0.400776063452546438E+02   -0.199941383026213551E+02   -0.754175511231554108E+01    1
    0.250009925590841959E+02    0.433151123731780530E+02   -0.199815650685614443E+02   -0.754275511231556717E+01    1
    0.219778464981010906E+02    0.401172763532104710E+02   -0.199788111589975053E+02   -0.754375511231553642E+01    1
    0.226741858644305623E+02    0.407995832051141392E+02   -0.199658394087684243E+02   -0.754475511231547902E+01    1
    0.236680162015728826E+02    0.417842730261374200E+02   -0.199523439274041898E+02   -0.754575511231548557E+01    1
    0.240990077339294686E+02    0.422066106880231970E+02   -0.199517092398426215E+02   -0.754675511231548679E+01    1
    0.243295772649352493E+02    0.423469409621889952E+02   -0.199327963305260525E+02   -0.754775511231547114E+01    1
    0.213288237000822036E+02    0.391399318917942622E+02   -0.199283406018858322E+02   -0.754875511231548124E+01    1
    0.260787299057686823E+02    0.441359205874692719E+02   -0.199224755190993825E+02   -0.754975511231550289E+01    1
    0.231357715767067980E+02    0.410418888824648747E+02   -0.199146375479396021E+02   -0.755075511231547303E+01    1
    0.248922794420048383E+02    0.428483963503272278E+02   -0.199145049337443574E+02   -0.755175511231548047E+01    1
    0.247083385196365590E+02    0.425427987870498185E+02   -0.198934436333932396E+02   -0.755275511231556074E+01    1
    0.234824851600705031E+02    0.412124736795262336E+02   -0.198738318847324074E+02   -0.755375511231548025E+01    1
    0.267450802997734591E+02    0.445813129292170700E+02   -0.198724557347219246E+02   -0.755475511231547614E+01    1
    0.237986915935871366E+02    0.415437164116345699E+02   -0.198722049716400022E+02   -0.755575511231551467E+01    1
    0.250288032123388398E+02    0.427592639215281025E+02   -0.198690846539244248E+02   -0.755675511231550256E+01    1
    0.236658314416287858E+02    0.413583871424155447E+02   -0.198631512874167697E+02   -0.755775511231549757E+01    1
    0.215714313861661218E+02    0.390782056119931482E+02   -0.198492636228183592E+02   -0.755875511231549346E+01    1
    0.238360125009353574E+02    0.414352093903847276E+02   -0.198417944276550351E+02   -0.755975511231552844E+01    1
    0.238794587873301403E+02    0.414668041639562333E+02   -0.198386832747479502E+02   -0.756075511231547104E+01    1
    0.237537771042786403E+02    0.412920699943940264E+02   -0.198314137148882281E+02   -0.756175511231544117E+01    1
    0.216920605946842855E+02    0.390894416573500436E+02   -0.198248897141882701E+02   -0.756275511231549391E+01    1
    0.215817491666359125E+02    0.389467096735353735E+02   -0.198191709577855306E+02   -0.756375511231551023E+01    1
    0.234226930600566625E+02    0.407661602887255512E+02   -0.197991351944102405E+02   -0.756475511231551501E+01    1
    0.209669839663083870E+02    0.380584993578783681E+02   -0.197965344654854825E+02   -0.756575511231546471E+01    1
    0.227549050134630129E+02    0.399854316635232792E+02   -0.197852969492116060E+02   -0.756675511231545794E+01    1
    0.212203665877183596E+02    0.383021773052826404E+02   -0.197787293332624969E+02   -0.756775511231552311E+01    1
    0.228853556382007284E+02    0.400655164134948691E+02   -0.197744863403339686E+02   -0.756875511231550568E+01    1
    0.230719954378332410E+02    0.402551222690270620E+02   -0.197723637347398871E+02   -0.756975511231550158E+01    1
    0.242336019980077353E+02    0.414732359384190659E+02   -0.197658202782447248E+02   -0.757075511231553033E+01    1
    0.219009252345754675E+02    0.390266707688674259E+02   -0.197653631616324716E+02   -0.757175511231553777E+01    1
    0.214830025426374149E+02    0.385498232064349224E+02   -0.197592027927392948E+02   -0.757275511231549547E+01    1
    0.207813856854937313E+02    0.376013179616506363E+02   -0.197545878263200514E+02   -0.757375511231540877E+01    1
    0.212269237209939625E+02    0.381962008430467606E+02   -0.197536783508218150E+02   -0.757475511231541798E+01    1
    0.241472901327748737E+02    0.412684436906587919E+02   -0.197428709746363928E+02   -0.757575511231547516E+01    1
    0.240740730324769068E+02    0.411196710098042715E+02   -0.197294988684722306E+02   -0.757675511231545062E+01    1
    0.247287054918659273E+02    0.417798445478629645E+02   -0.197293908211536682E+02   -0.757775511231545629E+01    1
    0.260417265988639564E+02    0.430673340420493389E+02   -0.197195235544781653E+02   -0.757875511231552146E+01    1
    0.208396855531405194E+02    0.374919658068624315E+02   -0.197148986174752316E+02   -0.757975511231548094E+01    1
    0.239170168811634376E+02    0.408013694820651764E+02   -0.197007879853900079E+02   -0.758075511231540933E+01    1
    0.233051539130913845E+02    0.400947201809392055E+02   -0.196899975421737423E+02   -0.758175511231540522E+01    1
    0.236077168625821479E+02    0.403895768236959114E+02   -0.196849502169981676E+02   -0.758275511231547661E+01    1
    0.201324721266734237E+02    0.363526467355019207E+02   -0.196721389901382722E+02   -0.758375511231554267E+01    1
    0.233399157901206493E+02    0.399981588867994375E+02   -0.196608557945391169E+02   -0.758475511231554300E+01    1
    0.202476540739062685E+02    0.364449935324603373E+02   -0.196577651952896666E+02   -0.758575511231554245E+01    1
    0.254316692136411859E+02    0.421291035576571815E+02   -0.196568497882248003E+02   -0.758675511231551436E+01    1
    0.216184009555658392E+02    0.382342647994463647E+02   -0.196563650512810177E+02   -0.758775511231544630E+01    1
    0.192185031250171754E+02    0.350382864782282510E+02   -0.196546384030395345E+02   -0.758875511231545197E+01    1
    0.213525686167555691E+02    0.378927209197125165E+02   -0.196520924708613869E+02   -0.758975511231543987E+01    1
    0.256090054333717880E+02    0.422805031247636833E+02   -0.196514705180614868E+02   -0.759075511231543931E+01    1
    0.195146060815186502E+02    0.354096513159340134E+02   -0.196439386731863692E+02   -0.759175511231549294E+01    1
    0.230863859560598996E+02    0.396677395167232092E+02   -0.196412155224460747E+02   -0.759275511231543465E+01    1
    0.264276902474159350E+02    0.430469736194749544E+02   -0.196363688921918538E+02   -0.759375511231543676E+01    1
    0.247768920525243566E+02    0.413836818128152899E+02   -0.196330015807663898E+02   -0.759475511231546108E+01    1
    0.243825871048574356E+02    0.408298289674465806E+02   -0.196074576607554718E+02   -0.759575511231547740E+01    1
    0.209515284408433686E+02    0.371515870124315910E+02   -0.196067960958010872E+02   -0.759675511231546352E+01    1
    0.237460946387289376E+02    0.401500249899780215E+02   -0.196065946190543912E+02   -0.759775511231540079E+01    1
    0.239096685309611985E+02    0.402642763777796944E+02   -0.195959742226582208E+02   -0.759875511231549883E+01    1
    0.201939550032759563E+02    0.360880777209437014E+02   -0.195935075056063752E+02   -0.759975511231552758E+01    1
    0.253224139516292546E+02    0.416668997448128806E+02   -0.195811264292978393E+02   -0.760075511231548084E+01    1
    0.264804730900617926E+02    0.427728377656508414E+02   -0.195726629213610472E+02   -0.760175511231546697E+01    1
    0.214646745231945104E+02    0.376630762531307326E+02   -0.195712994540308785E+02   -0.760275511231548151E+01    1
    0.238473379768350711E+02    0.400779738345232133E+02   -0.195685707925658932E+02   -0.760375511231552359E+01    1
    0.273817164121977079E+02    0.436558260945372183E+02   -0.195659443916369007E+02   -0.760475511231547596E+01    1
    0.248075026619003971E+02    0.409337307434320294E+02   -0.195375636132092581E+02   -0.760575511231544610E+01    1
    0.228548751420610543E+02    0.389340402143725228E+02   -0.195353372641872163E+02   -0.760675511231548018E+01    1
    0.184634900539728370E+02    0.334162121055607031E+02   -0.195238414443916035E+02   -0.760775511231550894E+01    1
    0.234833205964122094E+02    0.395143708941300744E+02   -0.195199965181534765E+02   -0.760875511231551460E+01    1
    0.225460407179744706E+02    0.385305239615763355E+02   -0.195132944175972796E+02   -0.760975511231547230E+01    1
    0.283486436752601172E+02    0.441556068480338482E+02   -0.195077259497856410E+02   -0.761075511231546376E+01    1
    0.265884741940663325E+02    0.425424312977812491E+02   -0.195023547791859713E+02   -0.761175511231550495E+01    1
    0.222792876123332100E+02    0.381778263796181037E+02   -0.194961590809084839E+02   -0.761275511231549196E+01    1
    0.219285962984756395E+02    0.378114628376651112E+02   -0.194948018297114487E+02   -0.761375511231547719E+01    1
    0.202993660882571270E+02    0.357567373018146029E+02   -0.194864764589459760E+02   -0.761475511231550328E+01    1
    0.251973169426908576E+02    0.410410422616182871E+02   -0.194757868999973027E+02   -0.761575511231548941E+01    1
    0.232850156012710734E+02    0.390995313310656769E+02   -0.194754606559876500E+02   -0.761675511231545155E+01    1
    0.252926593220426170E+02    0.411255368828127601E+02   -0.194719556594544798E+02   -0.761775511231544922E+01    1
    0.243120612489633388E+02    0.400786340497735978E+02   -0.194681329166783073E+02   -0.761875511231547176E+01    1
    0.244358647319432301E+02    0.401111781180558111E+02   -0.194486133701348791E+02   -0.761975511231548897E+01    1
    0.258584767871199368E+02    0.415259048115160070E+02   -0.194392918872784435E+02   -0.762075511231545732E+01    1
    0.204639048990879218E+02    0.357580351436618429E+02   -0.194383226422395197E+02   -0.762175511231548164E+01    1
    0.226569696354588146E+02    0.382989685030003386E+02   -0.194381995688135625E+02   -0.762275511231553615E+01    1
    0.201746962785528900E+02    0.352454434351569716E+02   -0.194142852856808830E+02   -0.762375511231551695E+01    1
    0.214519031394831217E+02    0.368548184951257269E+02   -0.193963124638756241E+02   -0.762475511231546932E+01    1
    0.236244388748827845E+02    0.390754351992782247E+02   -0.193959235627259439E+02   -0.762575511231547409E+01    1
    0.193681646608264515E+02    0.340399995542677587E+02   -0.193903383338186188E+02   -0.762675511231547443E+01    1
    0.229582826908525881E+02    0.383671252187993304E+02   -0.193858434024858965E+02   -0.762775511231544545E+01    1
    0.256985392101112424E+02    0.410862434416527904E+02   -0.193785961030258953E+02   -0.762875511231545111E+01    1
    0.244191765825043987E+02    0.396989846043019483E+02   -0.193600298058375664E+02   -0.762975511231547276E+01    1
    0.163024585919904546E+02    0.287984024295877461E+02   -0.193375139878016284E+02   -0.763075511231546333E+01    1
    0.272600460018369972E+02    0.424033916599843153E+02   -0.193345232741645958E+02   -0.763175511231546189E+01    1
    0.239504226856170668E+02    0.391154403601608678E+02   -0.193328691557195640E+02   -0.763275511231547910E+01    1
    0.205215520244467484E+02    0.353418698281728396E+02   -0.193323696724118683E+02   -0.763375511231549275E+01    1
    0.228754903664127021E+02    0.379372837204039399E+02   -0.193111369550481236E+02   -0.763475511231550819E+01    1
    0.211956275608656881E+02    0.360932783918584477E+02   -0.192998632482279504E+02   -0.763575511231549875E+01    1
    0.196420743542029079E+02    0.339748841772869099E+02   -0.192906513902553165E+02   -0.763675511231551596E+01    1
    0.216296146923095627E+02    0.365502117573445986E+02   -0.192819522742982024E+02   -0.763775511231552340E+01    1
    0.243767345332735736E+02    0.392954868429472626E+02   -0.192772733405343359E+02   -0.763875511231550419E+01    1
    0.271650219236233212E+02    0.420272066914787530E+02   -0.192764330272408060E+02   -0.763975511231546101E+01    1
    0.249515341774124728E+02    0.398296952936174407E+02   -0.192750366383726721E+02   -0.764075511231547644E+01    1
    0.231828918291574517E+02    0.380015803871155669E+02   -0.192567686949048635E+02   -0.764175511231547855E+01    1
    0.241225845873241305E+02    0.389115163784430109E+02   -0.192527049483873895E+02   -0.764275511231547000E+01    1
    0.217199486807991065E+02    0.364946836636869065E+02   -0.192484444087556454E+02   -0.764375511231547122E+01    1
    0.218509911346176864E+02    0.365453634533353124E+02   -0.192297071378922055E+02   -0.764475511231546090E+01    1
    0.199951289448799621E+02    0.341734028105227168E+02   -0.192295398273609628E+02   -0.764575511231549054E+01    1
    0.235368795030474054E+02    0.382082481548491586E+02   -0.192228856712957104E+02   -0.764675511231550775E+01    1
    0.249679807181216269E+02    0.395967219723237633E+02   -0.192186816052050595E+02   -0.764775511231547700E+01    1
    0.241520809380984929E+02    0.387489279617952889E+02   -0.192121215912881276E+02   -0.764875511231542937E+01    1
    0.213525332564368782E+02    0.358647465844348616E+02   -0.192019388403604090E+02   -0.764975511231546612E+01    1
    0.234893084452514564E+02    0.380036225110257391E+02   -0.191892625775234080E+02   -0.765075511231546823E+01    1
    0.198478625065318077E+02    0.337922420108060351E+02   -0.191842060796910339E+02   -0.765175511231543748E+01    1
    0.234215169909559364E+02    0.378814951280242127E+02   -0.191779347459263292E+02   -0.765275511231544669E+01    1
    0.213157707101021785E+02    0.356918405576897371E+02   -0.191734269309384047E+02   -0.765375511231545591E+01    1
    0.261748087341472626E+02    0.405340047580080594E+02   -0.191679230554691387E+02   -0.765475511231549088E+01    1
    0.238150968135246650E+02    0.382011689258168445E+02   -0.191597158054092205E+02   -0.765575511231552497E+01    1
    0.243134625756723608E+02    0.386741927391510316E+02   -0.191593825804961000E+02   -0.765675511231553330E+01    1
    0.208955227664162706E+02    0.350728856695287234E+02   -0.191586303597466880E+02   -0.765775511231549633E+01    1
    0.223604549086249378E+02    0.366949606632963921E+02   -0.191509803196427626E+02   -0.765875511231545225E+01    1
    0.241251671503659999E+02    0.384377668900974641E+02   -0.191449273294826021E+02   -0.765975511231544459E+01    1
    0.236523200985727975E+02    0.379044926255328036E+02   -0.191318037840738135E+02   -0.766075511231545558E+01    1
    0.231926665056982948E+02    0.374286180997810476E+02   -0.191299451505837155E+02   -0.766175511231546658E+01    1
    0.231942137697193758E+02    0.374053220712112449E+02   -0.191245007290306539E+02   -0.766275511231545714E+01    1
    0.213485522623765647E+02    0.354965600650966735E+02   -0.191205327200669188E+02   -0.766375511231546280E+01    1
    0.233105212797726367E+02    0.374615514531893155E+02   -0.191110933729682522E+02   -0.766475511231545870E+01    1
    0.247338777620432317E+02    0.388578443381797527E+02   -0.191082791794056064E+02   -0.766575511231546969E+01    1
    0.231077597775909389E+02    0.372398076957036182E+02   -0.191073782301148398E+02   -0.766675511231545936E+01    1
    0.219082678703022751E+02    0.360155381303850888E+02   -0.190962852897240865E+02   -0.766775511231544105E+01    1
    0.218205031934772329E+02    0.359261185101544385E+02   -0.190962211153015957E+02   -0.766875511231548135E+01    1
    0.224891795517290127E+02    0.364989539820229822E+02   -0.190723492004831066E+02   -0.766975511231551899E+01    1
    0.219476213034879706E+02    0.359156694328281603E+02   -0.190646241616745087E+02   -0.767075511231548024E+01    1
    0.246042401107228059E+02    0.385288111934457405E+02   -0.190620322848563504E+02   -0.767175511231546281E+01    1
    0.224679122649696694E+02    0.364173481055852690E+02   -0.190585720530190308E+02   -0.767275511231548890E+01    1
    0.189178053666019288E+02    0.320010056315175007E+02   -0.190533049027797183E+02   -0.767375511231545282E+01    1
    0.256480365161353738E+02    0.394825991770554268E+02   -0.190471039613759707E+02   -0.767475511231546914E+01    1
    0.201129774246541118E+02    0.334146258544140764E+02   -0.190175039224271991E+02   -0.767575511231552099E+01    1
    0.267831414857664640E+02    0.403772403485027951E+02   -0.190032299184174462E+02   -0.767675511231551422E+01    1
    0.223677514014210495E+02    0.360244974257176480E+02   -0.189927531874528412E+02   -0.767775511231551899E+01    1
    0.224933145919317994E+02    0.361328369835033385E+02   -0.189884195706175909E+02   -0.767875511231552466E+01    1
    0.231620258822390070E+02    0.367458564018343594E+02   -0.189831980137149472E+02   -0.767975511231550367E+01    1
    0.239754218998800006E+02    0.375379717418774774E+02   -0.189810430156977930E+02   -0.768075511231546848E+01    1
    0.216068615635984891E+02    0.351909526846244916E+02   -0.189780016648557357E+02   -0.768175511231546793E+01    1
    0.248891041939222433E+02    0.384000038789293967E+02   -0.189700847814937426E+02   -0.768275511231547270E+01    1
    0.239053650722902233E+02    0.373685359302507791E+02   -0.189595196148159921E+02   -0.768375511231548636E+01    1
    0.212692028710203260E+02    0.346818817567890392E+02   -0.189579293172021153E+02   -0.768475511231549113E+01    1
    0.239652318840751342E+02    0.374012750374940453E+02   -0.189534756571989718E+02   -0.768575511231544350E+01    1
    0.233810642304553475E+02    0.366773537407451329E+02   -0.189178940331722636E+02   -0.768675511231545272E+01    1
    0.203379855898395405E+02    0.332562007655558887E+02   -0.189169803133227425E+02   -0.768775511231548325E+01    1
    0.229677609832023180E+02    0.362709988913294907E+02   -0.189108715867585353E+02   -0.768875511231546938E+01    1
    0.236282144408360644E+02    0.368289928580780384E+02   -0.188986716720041272E+02   -0.768975511231543685E+01    1
    0.237891579577705947E+02    0.369671911313399306E+02   -0.188955261273637696E+02   -0.769075511231544340E+01    1
    0.257366396186131396E+02    0.388610587063390440E+02   -0.188913776331423087E+02   -0.769175511231545173E+01    1
    0.222934190854834782E+02    0.354872467221152306E+02   -0.188882804230016745E+02   -0.769275511231545561E+01    1
    0.203985216013962543E+02    0.331748367807886311E+02   -0.188783562727508247E+02   -0.769375511231547549E+01    1
    0.225469076609725292E+02    0.356658744172191575E+02   -0.188708419562266272E+02   -0.769475511231549714E+01    1
    0.252364674386833023E+02    0.381631779782670009E+02   -0.188397044892675147E+02   -0.769575511231547083E+01    1
    0.257541664986965131E+02    0.386417165256477801E+02   -0.188392134987023141E+02   -0.769675511231543208E+01    1
    0.228012268557562940E+02    0.357477547960725417E+02   -0.188311432380301298E+02   -0.769775511231543863E+01    1
    0.201317309883228361E+02    0.325908231644211028E+02   -0.188174201750559646E+02   -0.769875511231545140E+01    1
    0.276343051888699307E+02    0.402620813063154799E+02   -0.188111240033682847E+02   -0.769975511231545084E+01    1
    0.191420703290697674E+02    0.311338572042879136E+02   -0.188040650862379657E+02   -0.770075511231543874E+01    1
    0.211041136752893124E+02    0.336734913666175188E+02   -0.187737798027484324E+02   -0.770175511231543553E+01    1
    0.227535047050976367E+02    0.354416664352243203E+02   -0.187728251283900924E+02   -0.770275511231548027E+01    1
    0.279005267348809483E+02    0.402677238947050924E+02   -0.187667305231751591E+02   -0.770375511231550814E+01    1
    0.243119742054873313E+02    0.368744814968758376E+02   -0.187569522690126753E+02   -0.770475511231546850E+01    1
    0.235195186599798873E+02    0.361221191626681701E+02   -0.187513506180184955E+02   -0.770575511231545285E+01    1
    0.228874728991894649E+02    0.354675604615506543E+02   -0.187481562043243670E+02   -0.770675511231544075E+01    1
    0.221208628288234408E+02    0.346662943031743254E+02   -0.187408658750254382E+02   -0.770775511231542598E+01    1
    0.242278476109759637E+02    0.367121300656328913E+02   -0.187372771745841185E+02   -0.770875511231547961E+01    1
    0.243673440653734517E+02    0.368237400672353772E+02   -0.187326305068765073E+02   -0.770975511231549593E+01    1
    0.233510615628386944E+02    0.358672771434488311E+02   -0.187325589145591884E+02   -0.771075511231544208E+01    1
    0.235480951694443625E+02    0.359391096660476563E+02   -0.187037947873291017E+02   -0.771175511231548150E+01    1
    0.222301170265493688E+02    0.346210931231398220E+02   -0.187036079824023034E+02   -0.771275511231553867E+01    1
    0.221902380978710454E+02    0.345392546585574465E+02   -0.186924759575802142E+02   -0.771375511231548394E+01    1
    0.225395416198429750E+02    0.348216492285229151E+02   -0.186810190322083116E+02   -0.771475511231543987E+01    1
    0.240025678443674835E+02    0.362788139548589683E+02   -0.186783276788596737E+02   -0.771575511231547662E+01    1
    0.240843786612153288E+02    0.363212076536198580E+02   -0.186708938502929485E+02   -0.771675511231547961E+01    1
    0.233267184850605567E+02    0.355606375852833239E+02   -0.186692393472410778E+02   -0.771775511231546396E+01    1
    0.273251823284817021E+02    0.393726744565213593E+02   -0.186672330328188032E+02   -0.771875511231544653E+01    1
    0.260656761372325079E+02    0.381293503585066986E+02   -0.186531596232276335E+02   -0.771975511231544687E+01    1
    0.242352366658061626E+02    0.363674486450285031E+02   -0.186491067876423848E+02   -0.772075511231548539E+01    1
    0.220286179871417040E+02    0.341803761781475473E+02   -0.186462616838687936E+02   -0.772175511231551859E+01    1
    0.236725169786029888E+02    0.357177601805313785E+02   -0.186259394843289314E+02   -0.772275511231550116E+01    1
    0.218526552656689148E+02    0.338207079898545615E+02   -0.186032622365303659E+02   -0.772375511231545087E+01    1
    0.244196771218271991E+02    0.363424872853428909E+02   -0.186018808884061890E+02   -0.772475511231544321E+01    1
    0.230572061472691843E+02    0.348677621540845095E+02   -0.185738441495529614E+02   -0.772575511231548528E+01    1
    0.236751102204267241E+02    0.354862652001447429E+02   -0.185732969768584582E+02   -0.772675511231551848E+01    1
    0.238530565931158414E+02    0.356610737979132395E+02   -0.185722875444568878E+02   -0.772775511231547796E+01    1
    0.261173998251655455E+02    0.378149004733448990E+02   -0.185714077225378666E+02   -0.772875511231547740E+01    1
    0.276757132960850818E+02    0.390978101787951431E+02   -0.185449252072116444E+02   -0.772975511231549905E+01    1
    0.255897761865508571E+02    0.371112312394485926E+02   -0.185292147443941317E+02   -0.773075511231545232E+01    1
    0.230541035656665017E+02    0.346532833223616734E+02   -0.185199214748859653E+02   -0.773175511231542423E+01    1
    0.239595949629702005E+02    0.355073004719483833E+02   -0.185135618233604369E+02   -0.773275511231542900E+01    1
    0.214566810262914984E+02    0.329488308860400849E+02   -0.184917779447524104E+02   -0.773375511231546753E+01    1
    0.270302242696496116E+02    0.383147961611342183E+02   -0.184891265581631679E+02   -0.773475511231546520E+01    1
    0.246309186846245396E+02    0.360697823374842272E+02   -0.184872236492880262E+02   -0.773575511231545843E+01    1
    0.184813962486708760E+02    0.287135868367536347E+02   -0.184839087149440076E+02   -0.773675511231546764E+01    1
    0.235606421625827380E+02    0.348932885824003733E+02   -0.184641241140777801E+02   -0.773775511231543600E+01    1
    0.231978386824322627E+02    0.345631182022002363E+02   -0.184634631920968388E+02   -0.773875511231547808E+01    1
    0.254325256265247823E+02    0.366634217108796037E+02   -0.184587629726114031E+02   -0.773975511231549884E+01    1
    0.264741081152172804E+02    0.376163725536816855E+02   -0.184514029979569329E+02   -0.774075511231544855E+01    1
    0.200980859772245601E+02    0.309387613995882234E+02   -0.184480104157520444E+02   -0.774175511231544800E+01    1
    0.247483526687176472E+02    0.359472223405336280E+02   -0.184333780455351821E+02   -0.774275511231546876E+01    1
    0.213086853548532922E+02    0.324758768437253380E+02   -0.184218041214893056E+02   -0.774375511231545843E+01    1
    0.229370485143689820E+02    0.341137718619931007E+02   -0.184195096432511569E+02   -0.774475511231547209E+01    1
    0.234684622280419717E+02    0.346132502509016646E+02   -0.184134367722498986E+02   -0.774575511231547420E+01    1
    0.250649870478192121E+02    0.361468015757091194E+02   -0.184098705341503006E+02   -0.774675511231546743E+01    1
    0.247119465123227222E+02    0.357910673119673888E+02   -0.184068707458382619E+02   -0.774775511231549352E+01    1
    0.245067008865577236E+02    0.355811751184573808E+02   -0.184064651939957429E+02   -0.774875511231550007E+01    1
    0.240249739410403542E+02    0.350780497474404456E+02   -0.184021866571235755E+02   -0.774975511231547287E+01    1
    0.233637996627715196E+02    0.344552996418586019E+02   -0.183999261077129823E+02   -0.775075511231549452E+01    1
    0.217126195793076313E+02    0.328160183982486231E+02   -0.183912791637818707E+02   -0.775175511231548953E+01    1
    0.242262536226490326E+02    0.352260130215515304E+02   -0.183899883516916383E+02   -0.775275511231547920E+01    1
    0.239882863698922968E+02    0.349742689172902246E+02   -0.183858114029878088E+02   -0.775375511231551684E+01    1
    0.225090962562166297E+02    0.335466242782752460E+02   -0.183821174669333409E+02   -0.775475511231549230E+01    1
    0.214229348665428674E+02    0.324301174521436408E+02   -0.183750407706445849E+02   -0.775575511231545356E+01    1
    0.242186540824001071E+02    0.350999967647711841E+02   -0.183634095388743930E+02   -0.775675511231547876E+01    1
    0.252140440206551197E+02    0.360853538352906114E+02   -0.183615821069303777E+02   -0.775775511231548087E+01    1
    0.217620235668107433E+02    0.326994126578014814E+02   -0.183508245815603139E+02   -0.775875511231546078E+01    1
    0.234816366593893804E+02    0.343584359831307609E+02   -0.183501712693842727E+02   -0.775975511231544957E+01    1
    0.217846656431052139E+02    0.327109257709624757E+02   -0.183481732873630747E+02   -0.776075511231550053E+01    1
    0.236439356648979064E+02    0.344849546303035908E+02   -0.183419554799302951E+02   -0.776175511231549553E+01    1
    0.214314708856323648E+02    0.322578068510488549E+02   -0.183298009458029050E+02   -0.776275511231553761E+01    1
    0.216865951696000963E+02    0.325088764496906322E+02   -0.183224656181249905E+02   -0.776375511231548732E+01    1
    0.233670189672787671E+02    0.340997374933439232E+02   -0.183167260745472440E+02   -0.776475511231542548E+01    1
    0.213373022447576126E+02    0.320774580036744013E+02   -0.183144062558105674E+02   -0.776575511231545068E+01    1
    0.220120265321364812E+02    0.327740886408499392E+02   -0.183087525079504694E+02   -0.776675511231548477E+01    1
    0.246013569064473749E+02    0.352246293221068854E+02   -0.183051149980123853E+02   -0.776775511231546822E+01    1
    0.232761809916702944E+02    0.339375444765421364E+02   -0.183001574615226552E+02   -0.776875511231548987E+01    1
    0.226143251123957718E+02    0.333175807769333971E+02   -0.182962345216977589E+02   -0.776975511231552396E+01    1
    0.226764163602631896E+02    0.333633866861440325E+02   -0.182935465157631079E+02   -0.777075511231549232E+01    1
    0.238324100261031937E+02    0.344277239914269302E+02   -0.182851382816055832E+02   -0.777175511231546334E+01    1
    0.191575531225712368E+02    0.288576286747456408E+02   -0.182818151128712145E+02   -0.777275511231545391E+01    1
    0.232173601038349204E+02    0.337424960584247557E+02   -0.182658836121437886E+02   -0.777375511231549066E+01    1
    0.230121450001227821E+02    0.335450220022240444E+02   -0.182624562971422648E+02   -0.777475511231548300E+01    1
    0.193746394181411823E+02    0.289769836070627385E+02   -0.182318077137074290E+02   -0.777575511231547978E+01    1
    0.224114246813883859E+02    0.328373234723000778E+02   -0.182279787465357295E+02   -0.777675511231547389E+01    1
    0.232426531815073183E+02    0.335914114514122417E+02   -0.182201466684467945E+02   -0.777775511231546623E+01    1
    0.192376480033655177E+02    0.287045949790808272E+02   -0.182191259133128618E+02   -0.777875511231546568E+01    1
    0.235989013542434662E+02    0.339030844463457299E+02   -0.182177109697680528E+02   -0.777975511231541894E+01    1
    0.231203945252868621E+02    0.334641950398054178E+02   -0.182153905370453124E+02   -0.778075511231548145E+01    1
    0.279777037371456530E+02    0.378366056161035687E+02   -0.182056220987630510E+02   -0.778175511231547556E+01    1
    0.200802319365652160E+02    0.299444153877517607E+02   -0.182040964210250458E+02   -0.778275511231543060E+01    1
    0.197659627191051861E+02    0.294220363701193257E+02   -0.181889134648163555E+02   -0.778375511231544159E+01    1
    0.206353809716955290E+02    0.306119014970787724E+02   -0.181882354651362910E+02   -0.778475511231547301E+01    1
    0.224343826259807990E+02    0.326838897250264395E+02   -0.181850995762987786E+02   -0.778575511231549022E+01    1
    0.229988745789067508E+02    0.331864572922137739E+02   -0.181717510137983957E+02   -0.778675511231545769E+01    1
    0.227584795019857964E+02    0.328990663211832697E+02   -0.181595900121642053E+02   -0.778775511231546957E+01    1
    0.218108608841500811E+02    0.319485982169805816E+02   -0.181532889957696000E+02   -0.778875511231548590E+01    1
    0.237943972146856844E+02    0.338237809632228235E+02   -0.181509063124661161E+02   -0.778975511231546225E+01    1
    0.201504513987720841E+02    0.297917073154894751E+02   -0.181423258341314302E+02   -0.779075511231548390E+01    1
    0.229191964795283241E+02    0.329515936622430914E+02   -0.181337796649898166E+02   -0.779175511231549578E+01    1
    0.204758245958774943E+02    0.301658299979485456E+02   -0.181293022763680831E+02   -0.779275511231550233E+01    1
    0.234903374790116821E+02    0.334335585293899342E+02   -0.181199271204302228E+02   -0.779375511231550178E+01    1
    0.175443925160349394E+02    0.232021455425253258E+02   -0.181144613540093005E+02   -0.779475511231548257E+01    1
    0.243656470205421627E+02    0.342130311786110113E+02   -0.181127155593444407E+02   -0.779575511231549179E+01    1
    0.247244272516060697E+02    0.345261459907240393E+02   -0.181023724550635841E+02   -0.779675511231549745E+01    1
    0.206551363810882549E+02    0.302497462977910629E+02   -0.180913074502996665E+02   -0.779775511231552265E+01    1
    0.226319028301717680E+02    0.324923161737903712E+02   -0.180911410784756370E+02   -0.779875511231551144E+01    1
    0.202852082383537287E+02    0.297520463850609325E+02   -0.180878668033815089E+02   -0.779975511231546115E+01    1
    0.213141707853248228E+02    0.310246896327072115E+02   -0.180666055406387933E+02   -0.780075511231548901E+01    1
    0.249861023787894894E+02    0.345546380384456882E+02   -0.180488466262660303E+02   -0.780175511231549379E+01    1
    0.201248455521640395E+02    0.293125074907936245E+02   -0.180441946314542854E+02   -0.780275511231549324E+01    1
    0.215339197896623702E+02    0.311824262606571878E+02   -0.180332803839871225E+02   -0.780375511231548646E+01    1
    0.236864888103781404E+02    0.332645341013081932E+02   -0.180289024101687971E+02   -0.780475511231545482E+01    1
    0.211207539761819802E+02    0.305795763967330139E+02   -0.180201374227485687E+02   -0.780575511231549424E+01    1
    0.252148620470709588E+02    0.346218840742479230E+02   -0.180131286102258699E+02   -0.780675511231547681E+01    1
    0.234696321956413883E+02    0.329834399965425078E+02   -0.180096540526857218E+02   -0.780775511231545583E+01    1
    0.224769535578280895E+02    0.320139753954691031E+02   -0.180064946484699604E+02   -0.780875511231546238E+01    1
    0.249324762516218073E+02    0.342772162030131966E+02   -0.179974043726679831E+02   -0.780975511231543607E+01    1
    0.240691805065065161E+02    0.334807181016025268E+02   -0.179962359922902131E+02   -0.781075511231542574E+01    1
    0.189692546810549061E+02    0.272899845796929661E+02   -0.179925258248411772E+02   -0.781175511231545716E+01    1
    0.236763424039259931E+02    0.331011621600840513E+02   -0.179887376675072161E+02   -0.781275511231545838E+01    1
    0.233365976126285695E+02    0.327614020501180150E+02   -0.179877058009945650E+02   -0.781375511231546671E+01    1
    0.270055314514845719E+02    0.361128064924846512E+02   -0.179760241426579519E+02   -0.781475511231549103E+01    1
    0.225110462165142629E+02    0.319170606406119930E+02   -0.179744642245782096E+02   -0.781575511231550912E+01    1
    0.237180635294498465E+02    0.330460248145093942E+02   -0.179654310729357967E+02   -0.781675511231553788E+01    1
    0.228265144371717632E+02    0.321475321598995407E+02   -0.179539539373878050E+02   -0.781775511231549203E+01    1
    0.244027939955009998E+02    0.335777574166918882E+02   -0.179434146874641947E+02   -0.781875511231545861E+01    1
    0.194469310086756622E+02    0.277358374459672063E+02   -0.179317330415236036E+02   -0.781975511231549181E+01    1
    0.211645198971680912E+02    0.301488333499921985E+02   -0.178984595081811193E+02   -0.782075511231547260E+01    1
    0.224174438307889439E+02    0.314966497203300513E+02   -0.178945323493837591E+02   -0.782175511231545251E+01    1
    0.245076727306584488E+02    0.333947860856740206E+02   -0.178707104177632488E+02   -0.782275511231544485E+01    1
    0.236673105723154933E+02    0.325463365088014953E+02   -0.178568696228418311E+02   -0.782375511231542564E+01    1
    0.245639557552168561E+02    0.333369972352501591E+02   -0.178423021350890849E+02   -0.782475511231547038E+01    1
    0.249404299995915366E+02    0.336622701748775128E+02   -0.178395235523477567E+02   -0.782575511231547249E+01    1
    0.261178984717085072E+02    0.347440671269879289E+02   -0.178376601801337245E+02   -0.782675511231542576E+01    1
    0.232028688338792364E+02    0.320120635209199449E+02   -0.178293766945561387E+02   -0.782775511231541898E+01    1
    0.249865342124385386E+02    0.336598443662094979E+02   -0.178281128511929516E+02   -0.782875511231542820E+01    1
    0.179836373254518094E+02    0.203427643005099839E+02   -0.178178343812988977E+02   -0.782975511231545429E+01    1
    0.258256757550512752E+02    0.343834810745484560E+02   -0.178176260106359834E+02   -0.783075511231545196E+01    1
    0.261337623324901109E+02    0.346113755904556513E+02   -0.178004825651499310E+02   -0.783175511231547006E+01    1
    0.241137873645236560E+02    0.327527716521117611E+02   -0.178003851691234622E+02   -0.783275511231550681E+01    1
    0.193798581823759939E+02    0.270079335066540516E+02   -0.177937252191697368E+02   -0.783375511231551513E+01    1
    0.245634846902715580E+02    0.331174845856376763E+02   -0.177845926245798971E+02   -0.783475511231553412E+01    1
    0.233982035201634098E+02    0.319936053257592050E+02   -0.177775027977991584E+02   -0.783575511231548560E+01    1
    0.253088041816572442E+02    0.337316388438317176E+02   -0.177714927456575111E+02   -0.783675511231544775E+01    1
    0.227661245741333111E+02    0.313434582090416924E+02   -0.177696206094140301E+02   -0.783775511231544453E+01    1
    0.206596939436896712E+02    0.288735392810372353E+02   -0.177640317127081566E+02   -0.783875511231544930E+01    1
    0.184513108310694172E+02    0.226297870548104285E+02   -0.177555742050020307E+02   -0.783975511231544608E+01    1
    0.191302561872669337E+02    0.263293883280608725E+02   -0.177497903688178091E+02   -0.784075511231543754E+01    1
    0.249290428322091486E+02    0.332555065109895196E+02   -0.177355998772944226E+02   -0.784175511231543609E+01    1
    0.223587993181385905E+02    0.307845321717725149E+02   -0.177289601894211977E+02   -0.784275511231546751E+01    1
    0.234310349447882302E+02    0.317737211455543260E+02   -0.177161122803008482E+02   -0.784375511231549982E+01    1
    0.242695543231646944E+02    0.325422110873335697E+02   -0.177127806697230348E+02   -0.784475511231550815E+01    1
    0.242786068122716152E+02    0.325198546101188910E+02   -0.177052667197467848E+02   -0.784575511231547917E+01    1
    0.264590138322435386E+02    0.344941511655437054E+02   -0.176987446612167680E+02   -0.784675511231547684E+01    1
    0.242467745374561439E+02    0.324451286910004200E+02   -0.176940209932965793E+02   -0.784775511231550293E+01    1
    0.213849922125196485E+02    0.296163312026479915E+02   -0.176933125601368282E+02   -0.784875511231549439E+01    1
    0.233627157205851645E+02    0.315988055572392774E+02   -0.176901787863667259E+02   -0.784975511231546363E+01    1
    0.220638185035144758E+02    0.303101323346625797E+02   -0.176855073583468645E+02   -0.785075511231542844E+01    1
    0.236642834509849145E+02    0.318795882647210860E+02   -0.176853963581174192E+02   -0.785175511231547851E+01    1
    0.229988792759165115E+02    0.312001959949097127E+02   -0.176734657711520633E+02   -0.785275511231549661E+01    1
    0.233895718074672487E+02    0.315362434896780393E+02   -0.176685120454199662E+02   -0.785375511231550405E+01    1
    0.263213293187528876E+02    0.342431746021597974E+02   -0.176681520209177165E+02   -0.785475511231552659E+01    1
    0.190213596229216506E+02    0.256728410756923502E+02   -0.176512776168876613E+02   -0.785575511231551538E+01    1
    0.236397996992689272E+02    0.317103455278955799E+02   -0.176502729715753404E+02   -0.785675511231549351E+01    1
    0.226165364675163936E+02    0.306887672271281815E+02   -0.176416528589321047E+02   -0.785775511231547785E+01    1
    0.215720551178830782E+02    0.296408180825184857E+02   -0.176406368418417685E+02   -0.785875511231548529E+01    1
    0.245704451721908441E+02    0.324859060445233609E+02   -0.176280170396655222E+02   -0.785975511231545454E+01    1
    0.247862241110324426E+02    0.325958225499298848E+02   -0.176033140959667485E+02   -0.786075511231546198E+01    1
    0.218796166548279984E+02    0.297519533498030668E+02   -0.175922250377872693E+02   -0.786175511231550495E+01    1
    0.238647029470634600E+02    0.316553006714570131E+02   -0.175826830179271880E+02   -0.786275511231550261E+01    1
    0.223904939217121033E+02    0.302194508688199761E+02   -0.175821466578118972E+02   -0.786375511231550917E+01    1
    0.231685372396236389E+02    0.310014819876323813E+02   -0.175816417336724484E+02   -0.786475511231549529E+01    1
    0.248703117238390305E+02    0.325388896238784042E+02   -0.175698261626787904E+02   -0.786575511231549385E+01    1
    0.220141446932502554E+02    0.297908839534573566E+02   -0.175686675253977818E+02   -0.786675511231552704E+01    1
    0.238838135594695373E+02    0.315975060852120109E+02   -0.175641014811213054E+02   -0.786775511231553093E+01    1
    0.226945770158974014E+02    0.303572243651609988E+02   -0.175412815564613673E+02   -0.786875511231549929E+01    1
    0.242483057045923687E+02    0.318061951023126710E+02   -0.175267676114902109E+02   -0.786975511231548452E+01    1
    0.201529334806407121E+02    0.270626389718071820E+02   -0.175235538574541359E+02   -0.787075511231545200E+01    1
    0.222445816229138522E+02    0.298086071700809505E+02   -0.175162133274936771E+02   -0.787175511231542036E+01    1
    0.225741689188173318E+02    0.301140396072458181E+02   -0.175106747858390968E+02   -0.787275511231546332E+01    1
    0.245001952350935213E+02    0.319510023686214879E+02   -0.175015529881664023E+02   -0.787375511231549297E+01    1
    0.235574511125600345E+02    0.309641981080423321E+02   -0.174766376998583297E+02   -0.787475511231547021E+01    1
    0.202711376944308412E+02    0.270272483597147186E+02   -0.174755747254494977E+02   -0.787575511231548475E+01    1
    0.267917542548343519E+02    0.339139350414095091E+02   -0.174739839829104504E+02   -0.787675511231552772E+01    1
    0.233137184592169220E+02    0.306993174253702570E+02   -0.174721555545051395E+02   -0.787775511231549697E+01    1
    0.240847321970342065E+02    0.314010405095921890E+02   -0.174674285411930050E+02   -0.787875511231548487E+01    1
    0.226187536553309485E+02    0.299763869541176255E+02   -0.174655985664566806E+02   -0.787975511231548431E+01    1
    0.242166363272762837E+02    0.314677148048279101E+02   -0.174527234127846320E+02   -0.788075511231546422E+01    1
    0.229911188823115431E+02    0.302296374032254391E+02   -0.174366335362635567E+02   -0.788175511231551074E+01    1
    0.205682636313870724E+02    0.273748096322069863E+02   -0.174363255159050716E+02   -0.788275511231553772E+01    1
    0.252871323477259971E+02    0.323316768457949593E+02   -0.174180408889408618E+02   -0.788375511231550163E+01    1
    0.226851309902619178E+02    0.298482380099083571E+02   -0.174175731392861159E+02   -0.788475511231547621E+01    1
    0.235842319980878230E+02    0.307265116312446729E+02   -0.174122261952516553E+02   -0.788575511231550408E+01    1
    0.191788012516357895E+02    0.238616213720190586E+02   -0.174027983292273341E+02   -0.788675511231552129E+01    1
    0.263239299546139307E+02    0.331976815883577814E+02   -0.173968276045767993E+02   -0.788775511231550563E+01    1
    0.247200878030744633E+02    0.316750432992980855E+02   -0.173818665154078786E+02   -0.788875511231547399E+01    1
    0.208818730954862488E+02    0.275499681754200942E+02   -0.173677382656875707E+02   -0.788975511231548143E+01    1
    0.256106655184682062E+02    0.324190829083861800E+02   -0.173653448503145071E+02   -0.789075511231547289E+01    1
    0.255629627990246959E+02    0.323233269314014322E+02   -0.173510268269365469E+02   -0.789175511231543059E+01    1
    0.229169566738097004E+02    0.296932062362231832E+02   -0.173223983925502019E+02   -0.789275511231544424E+01    1
    0.234937665574918420E+02    0.302309779372696532E+02   -0.173135576928175183E+02   -0.789375511231549343E+01    1
    0.231411130063473500E+02    0.298694801393030858E+02   -0.173109011752475546E+02   -0.789475511231551419E+01    1
    0.235824144463547754E+02    0.303063732162979740E+02   -0.173104119967136150E+02   -0.789575511231547811E+01    1
    0.231863490266138577E+02    0.298343968125841208E+02   -0.172911768327713631E+02   -0.789675511231545979E+01    1
    0.236376451331273856E+02    0.302608422550448388E+02   -0.172856676769233850E+02   -0.789775511231549210E+01    1
    0.203339266910932892E+02    0.262409283155146618E+02   -0.172754965275500041E+02   -0.789875511231548977E+01    1
    0.243967973368377784E+02    0.309566296898148821E+02   -0.172703737466463281E+02   -0.789975511231546790E+01    1
    0.237061636781277514E+02    0.302221302842465356E+02   -0.172593676359067878E+02   -0.790075511231547267E+01    1
    0.209319626000663135E+02    0.271440866883065226E+02   -0.172575158881322359E+02   -0.790175511231550143E+01    1
    0.243605291704829376E+02    0.308545095390175774E+02   -0.172529087444123022E+02   -0.790275511231550176E+01    1
    0.219773676781962202E+02    0.284845362215741034E+02   -0.172507683840172668E+02   -0.790375511231544792E+01    1
    0.211420436188837897E+02    0.274451022651339933E+02   -0.172487888097485040E+02   -0.790475511231541006E+01    1
    0.206036315853492304E+02    0.265267775463011120E+02   -0.172409018600885844E+02   -0.790575511231541039E+01    1
    0.253665040798496193E+02    0.317239565861214672E+02   -0.172390243153391545E+02   -0.790675511231541606E+01    1
    0.257238638440474894E+02    0.320149290068622392E+02   -0.172313262847310789E+02   -0.790775511231541461E+01    1
    0.239497720604200168E+02    0.303210500221732282E+02   -0.172241165193398977E+02   -0.790875511231541584E+01    1
    0.208535388012912293E+02    0.268256363041548411E+02   -0.172167516318089540E+02   -0.790975511231544637E+01    1
    0.220034973392719735E+02    0.283551685058224514E+02   -0.172124929367824180E+02   -0.791075511231547779E+01    1
    0.243174971109338856E+02    0.306224005259290202E+02   -0.172073151682428325E+02   -0.791175511231549677E+01    1
    0.210130652132092273E+02    0.270419200198802834E+02   -0.172072517754815344E+02   -0.791275511231550688E+01    1
    0.195286923695062882E+02    0.232801417068268499E+02   -0.172055840896530299E+02   -0.791375511231545303E+01    1
    0.212322940270863967E+02    0.273496294835112614E+02   -0.171929759136788789E+02   -0.791475511231544360E+01    1
    0.247808796239840419E+02    0.309912607656080716E+02   -0.171882359844760764E+02   -0.791575511231544926E+01    1
    0.254265204315706086E+02    0.315008999036233313E+02   -0.171713502756207319E+02   -0.791675511231545315E+01    1
    0.192622215252236870E+02    0.201076487171006342E+02   -0.171612407562826306E+02   -0.791775511231544993E+01    1
    0.233777735067329075E+02    0.294838718702912033E+02   -0.171518623440175055E+02   -0.791875511231544404E+01    1
    0.245047749103670576E+02    0.305677240456318948E+02   -0.171484030094093214E+02   -0.791975511231544882E+01    1
    0.248329238708302604E+02    0.308323912756986758E+02   -0.171323909895801982E+02   -0.792075511231541185E+01    1
    0.214431111487934913E+02    0.273919158655890556E+02   -0.171285131113676634E+02   -0.792175511231543883E+01    1
    0.224150606359185893E+02    0.284331925248323003E+02   -0.171254781338316420E+02   -0.792275511231548890E+01    1
    0.208605350138116208E+02    0.264206251254779154E+02   -0.171204504859910394E+02   -0.792375511231545016E+01    1
    0.218053511490828100E+02    0.277279610852520690E+02   -0.171085441679649435E+02   -0.792475511231544605E+01    1
    0.271413772612886603E+02    0.328025036932353231E+02   -0.171064740581683523E+02   -0.792575511231544905E+01    1
    0.222029187062417215E+02    0.281269948841416557E+02   -0.171049692652572212E+02   -0.792675511231543428E+01    1
    0.198417198473878607E+02    0.187507248293529756E+02   -0.170853844410383680E+02   -0.792775511231545416E+01    1
    0.241661811121722820E+02    0.299523187329075284E+02   -0.170808955654986754E+02   -0.792875511231548646E+01    1
    0.244633716444217093E+02    0.302455426068886730E+02   -0.170803241349071264E+02   -0.792975511231550634E+01    1
    0.253439056896334698E+02    0.310497486794135895E+02   -0.170702953452528092E+02   -0.793075511231548802E+01    1
    0.231048922087502717E+02    0.289258514293392395E+02   -0.170677995805804166E+02   -0.793175511231548125E+01    1
    0.248566944585512601E+02    0.305874936971774645E+02   -0.170674398456771961E+02   -0.793275511231545316E+01    1
    0.211858577247257145E+02    0.266961126181529238E+02   -0.170629295709973654E+02   -0.793375511231544461E+01    1
    0.250069826917091014E+02    0.307150032433632880E+02   -0.170615534053730613E+02   -0.793475511231549113E+01    1
    0.231018307926730628E+02    0.288735359366488495E+02   -0.170558974868408448E+02   -0.793575511231546571E+01    1
    0.243136249949532015E+02    0.299827877798588496E+02   -0.170524769601625650E+02   -0.793675511231546782E+01    1
    0.237870795829912680E+02    0.294688499152217176E+02   -0.170453821789422477E+02   -0.793775511231550812E+01    1
    0.199497892803955068E+02    0.223513307385865510E+02   -0.170384131855455898E+02   -0.793875511231551201E+01    1
    0.251941099161496744E+02    0.308018190207248139E+02   -0.170382459259455707E+02   -0.793975511231547149E+01    1
    0.215386175191041929E+02    0.271400024404861746E+02   -0.170340997516448596E+02   -0.794075511231544429E+01    1
    0.230932436672589141E+02    0.287478889363290619E+02   -0.170276458210264074E+02   -0.794175511231547571E+01    1
    0.222376525354027095E+02    0.278485915267386659E+02   -0.170273198126353194E+02   -0.794275511231544140E+01    1
    0.209763173660999733E+02    0.261615320264512796E+02   -0.170181148164589224E+02   -0.794375511231543552E+01    1
    0.192870933171031709E+02    0.176699219555281175E+02   -0.170097359327013820E+02   -0.794475511231546072E+01    1
    0.233771122980295800E+02    0.288651606400360770E+02   -0.169832833271136963E+02   -0.794575511231550102E+01    1
    0.202823923333097298E+02    0.181998444604731020E+02   -0.169740277054414932E+02   -0.794675511231552267E+01    1
    0.220957234395067843E+02    0.274811319872649058E+02   -0.169731520834646936E+02   -0.794775511231547327E+01    1
    0.239975545133791250E+02    0.293850734621689149E+02   -0.169695618745270345E+02   -0.794875511231543719E+01    1
    0.240312662391309644E+02    0.293945118890794852E+02   -0.169638004151410691E+02   -0.794975511231547838E+01    1
    0.216186920210273392E+02    0.269254259217425869E+02   -0.169620763309218141E+02   -0.795075511231548315E+01    1
    0.219749550333366734E+02    0.272929244938415536E+02   -0.169567223162156537E+02   -0.795175511231547016E+01    1
    0.205111755724273621E+02    0.248794829142346856E+02   -0.169497620905630271E+02   -0.795275511231551402E+01    1
    0.221851127595110391E+02    0.274438835032559432E+02   -0.169411083221281871E+02   -0.795375511231550458E+01    1
    0.251939967498239632E+02    0.303785706532468502E+02   -0.169353639688574589E+02   -0.795475511231546761E+01    1
    0.235687369753943265E+02    0.288553410750861268E+02   -0.169318651228040373E+02   -0.795575511231547772E+01    1
    0.214707584512151968E+02    0.265793859318705579E+02   -0.169303073158423132E+02   -0.795675511231550292E+01    1
    0.246488591982859333E+02    0.297524650437213332E+02   -0.169098523879250315E+02   -0.795775511231548283E+01    1
    0.254998441723002820E+02    0.305461534803444259E+02   -0.169014252585566709E+02   -0.795875511231548494E+01    1
    0.207697698242825872E+02    0.251239004919389970E+02   -0.168922411385695987E+02   -0.795975511231546751E+01    1
    0.225208101121180668E+02    0.275758428371727575E+02   -0.168877318961342340E+02   -0.796075511231543409E+01    1
    0.218298670923344176E+02    0.268516070963883102E+02   -0.168869955632367876E+02   -0.796175511231543620E+01    1
    0.234597078012994515E+02    0.285433462701463867E+02   -0.168844067897672048E+02   -0.796275511231541078E+01    1
    0.205187656018797213E+02    0.180120016230774880E+02   -0.168795126220547225E+02   -0.796375511231541822E+01    1
    0.209487199614764172E+02    0.254212411760807377E+02   -0.168714927598898541E+02   -0.796475511231548605E+01    1
    0.237270341888324552E+02    0.287617930556172290E+02   -0.168688410857365518E+02   -0.796575511231551925E+01    1
    0.224191525821184463E+02    0.273804939303085142E+02   -0.168650086881544645E+02   -0.796675511231546896E+01    1
    0.211122876754632784E+02    0.256249604802312909E+02   -0.168540752900867012E+02   -0.796775511231548439E+01    1
    0.196681585328138908E+02    0.206597757584359236E+02   -0.168523524298886542E+02   -0.796875511231551403E+01    1
    0.221260730909459689E+02    0.270312163134627284E+02   -0.168467803517816677E+02   -0.796975511231546729E+01    1
    0.222731901659510179E+02    0.271171901952572796E+02   -0.168269155487292572E+02   -0.797075511231544809E+01    1
    0.213799109813068497E+02    0.259163626370885787E+02   -0.168167490586852573E+02   -0.797175511231544043E+01    1
    0.252962667815801190E+02    0.299948715098470231E+02   -0.168165338786411915E+02   -0.797275511231546119E+01    1
    0.218721015459335462E+02    0.265700777543210016E+02   -0.168108878860480111E+02   -0.797375511231548284E+01    1
    0.204113647895909196E+02    0.224298041016887666E+02   -0.168051262589486932E+02   -0.797475511231551248E+01    1
    0.258784830129514383E+02    0.304973332287789134E+02   -0.167982291474998853E+02   -0.797575511231550571E+01    1
    0.233410641900999387E+02    0.280344341060901492E+02   -0.167909906949354450E+02   -0.797675511231545542E+01    1
    0.212230435696191044E+02    0.254998071463725964E+02   -0.167867599746690885E+02   -0.797775511231546197E+01    1
    0.241521968160504734E+02    0.288407846413088897E+02   -0.167794826139188906E+02   -0.797875511231549606E+01    1
    0.246759324108520026E+02    0.293049781778007343E+02   -0.167788678176598260E+02   -0.797975511231547596E+01    1
    0.228383532843900525E+02    0.274573177944918818E+02   -0.167769993285309944E+02   -0.798075511231542833E+01    1
    0.216411598584574847E+02    0.261352542034311455E+02   -0.167757004190778680E+02   -0.798175511231540735E+01    1
    0.234727011288540339E+02    0.280889527158034475E+02   -0.167708229609557442E+02   -0.798275511231549473E+01    1
    0.249951338046806342E+02    0.295531149655043137E+02   -0.167686651533815834E+02   -0.798375511231546930E+01    1
    0.226478795988903947E+02    0.272484576066917015E+02   -0.167664649935795893E+02   -0.798475511231546253E+01    1
    0.241047080812696066E+02    0.286626957489471685E+02   -0.167487580744311835E+02   -0.798575511231546376E+01    1
    0.205595252461835010E+02    0.233654131724245069E+02   -0.167466163514545485E+02   -0.798675511231548452E+01    1
    0.208756195063202590E+02    0.181652958174643295E+02   -0.167423827680859780E+02   -0.798775511231547863E+01    1
    0.205302436011248304E+02    0.220155939863179420E+02   -0.167277728582479810E+02   -0.798875511231549851E+01    1
    0.203596756408175068E+02    0.192014256186262742E+02   -0.167265514805828097E+02   -0.798975511231545443E+01    1
    0.214975942130896875E+02    0.256831209935756597E+02   -0.167241993109112457E+02   -0.799075511231543700E+01    1
    0.204065215903621997E+02    0.218187605385913344E+02   -0.167228458886060913E+02   -0.799175511231547375E+01    1
    0.206063286986828196E+02    0.227904248103127784E+02   -0.167202867911675881E+02   -0.799275511231544478E+01    1
    0.246494235331746054E+02    0.290637668956007289E+02   -0.167181433700978488E+02   -0.799375511231540603E+01    1
    0.201479255816178870E+02    0.199277645588783976E+02   -0.167167993310028784E+02   -0.799475511231543301E+01    1
    0.231785068366229048E+02    0.275435196126682058E+02   -0.167122807844913019E+02   -0.799575511231544667E+01    1
    0.214787429936941621E+02    0.255434290319998745E+02   -0.167017459584120829E+02   -0.799675511231546299E+01    1
    0.258209273574264913E+02    0.299823691211984489E+02   -0.166833314749144499E+02   -0.799775511231550951E+01    1
    0.222462544009068246E+02    0.264458152246003770E+02   -0.166800685707432486E+02   -0.799875511231546010E+01    1
    0.230112757364600284E+02    0.272716333750787747E+02   -0.166778215136493770E+02   -0.799975511231544534E+01    1
    0.214314693380721977E+02    0.253407240653241068E+02   -0.166765137741344063E+02   -0.800075511231552028E+01    1
    0.206374090518772633E+02    0.220691212292468428E+02   -0.166753915173659415E+02   -0.800175511231550018E+01    1
    0.203742240742642373E+02    0.216396782469800968E+02   -0.166724595075406263E+02   -0.800275511231545345E+01    1
    0.208266476551945630E+02    0.236858917251976777E+02   -0.166722182860157417E+02   -0.800375511231546000E+01    1
    0.229571165612873962E+02    0.271824079110217838E+02   -0.166662133772344312E+02   -0.800475511231542924E+01    1
    0.218650399981342005E+02    0.258979119715232962E+02   -0.166645055622337566E+02   -0.800575511231544468E+01    1
    0.211163430022546521E+02    0.180721894939846486E+02   -0.166580163846501144E+02   -0.800675511231551162E+01    1
    0.237397625640780525E+02    0.278559262726873129E+02   -0.166460684428409884E+02   -0.800775511231546666E+01    1
    0.182891566460607677E+02    0.168854283820447044E+02   -0.166410673524326747E+02   -0.800875511231548032E+01    1
    0.211780339639680690E+02    0.180932271214210161E+02   -0.166312264868906681E+02   -0.800975511231547443E+01    1
    0.231123586821675424E+02    0.271947443862149001E+02   -0.166291327335126802E+02   -0.801075511231544901E+01    1
    0.236552729146697978E+02    0.276935437476238242E+02   -0.166279102187932502E+02   -0.801175511231548754E+01    1
    0.228950615031236673E+02    0.269719295953872198E+02   -0.166227788450891261E+02   -0.801275511231550475E+01    1
    0.209528644221650460E+02    0.237099691801128003E+02   -0.166185659759964288E+02   -0.801375511231549176E+01    1
    0.207865900554840302E+02    0.224750985797159117E+02   -0.166159390789234997E+02   -0.801475511231543258E+01    1
    0.228617912659651878E+02    0.268855975278498818E+02   -0.166122085515799149E+02   -0.801575511231547644E+01    1
    0.207644244404420029E+02    0.230655930986606208E+02   -0.166099699564612457E+02   -0.801675511231550963E+01    1
    0.220495405909611790E+02    0.258658148075593104E+02   -0.166074233253733894E+02   -0.801775511231549487E+01    1
    0.221238772784282709E+02    0.259457413975925313E+02   -0.166039198085217521E+02   -0.801875511231546945E+01    1
    0.215570143201729145E+02    0.251872844897352124E+02   -0.165993957266486341E+02   -0.801975511231546356E+01    1
    0.257814461860371367E+02    0.296406738778687924E+02   -0.165987969704269673E+02   -0.802075511231548788E+01    1
    0.233177013704290772E+02    0.272709030483045218E+02   -0.165974093616989116E+02   -0.802175511231546245E+01    1
    0.212185776833455719E+02    0.177656905461639774E+02   -0.165803666721870222E+02   -0.802275511231546190E+01    1
    0.245077461129924643E+02    0.283726966056700647E+02   -0.165770231547723057E+02   -0.802375511231545957E+01    1
    0.218782524298490912E+02    0.254326744130171747E+02   -0.165633098000944798E+02   -0.802475511231541283E+01    1
    0.219471374016514851E+02    0.255086291937948602E+02   -0.165604633735425537E+02   -0.802575511231543359E+01    1
    0.215173095921445530E+02    0.248443411248104553E+02   -0.165509419536136235E+02   -0.802675511231544725E+01    1
    0.240401747774359187E+02    0.277668460974141524E+02   -0.165483307515233555E+02   -0.802775511231544137E+01    1
    0.197186215182609068E+02    0.170070077013734888E+02   -0.165437240351676245E+02   -0.802875511231547101E+01    1
    0.253698632795701045E+02    0.290551772563062762E+02   -0.165382584340710217E+02   -0.802975511231548822E+01    1
    0.202652745156389820E+02    0.206926973250372264E+02   -0.165328201221596309E+02   -0.803075511231550365E+01    1
    0.243520085503142099E+02    0.280253229290687891E+02   -0.165323295038793532E+02   -0.803175511231550843E+01    1
    0.210010028507489430E+02    0.228657254541857426E+02   -0.165229435039764674E+02   -0.803275511231546524E+01    1
    0.210936673387532494E+02    0.234547131709862313E+02   -0.165178198080858962E+02   -0.803375511231548955E+01    1
    0.208425556393510050E+02    0.192578414129323896E+02   -0.165133403318356073E+02   -0.803475511231549433E+01    1
    0.212554243300112873E+02    0.238936979916924486E+02   -0.165086006681882154E+02   -0.803575511231545470E+01    1
    0.231105529770167273E+02    0.266689091087527217E+02   -0.164952909426448358E+02   -0.803675511231548434E+01    1
    0.254540033388602822E+02    0.289556322165990707E+02   -0.164900327814114576E+02   -0.803775511231550333E+01    1
    0.209694099479207914E+02    0.192092490977486499E+02   -0.164830160785573199E+02   -0.803875511231548323E+01    1
    0.218490841677723999E+02    0.250271345202319146E+02   -0.164811059105796467E+02   -0.803975511231544893E+01    1
    0.215463122256606177E+02    0.244512924957030329E+02   -0.164701703764743534E+02   -0.804075511231548390E+01    1
    0.230543273730451368E+02    0.264847690746201962E+02   -0.164688361126852243E+02   -0.804175511231546203E+01    1
    0.245483861007088890E+02    0.279612014028604321E+02   -0.164671998373164499E+02   -0.804275511231539753E+01    1
    0.233539787062876734E+02    0.267796222267264774E+02   -0.164542756555959109E+02   -0.804375511231544138E+01    1
    0.211518841010496104E+02    0.231952348762236724E+02   -0.164539355890828141E+02   -0.804475511231545148E+01    1
    0.220777082100521227E+02    0.251485269632309674E+02   -0.164431760963298927E+02   -0.804575511231541718E+01    1
    0.222833734740334641E+02    0.253765851457995026E+02   -0.164414896153627410E+02   -0.804675511231546636E+01    1
    0.216102654004163561E+02    0.184110531028819189E+02   -0.164200508996284711E+02   -0.804775511231551199E+01    1
    0.208765004889497376E+02    0.171868765728212587E+02   -0.164171758251562458E+02   -0.804875511231551499E+01    1
    0.224017590459950782E+02    0.253873996010317526E+02   -0.164116480449538606E+02   -0.804975511231547891E+01    1
    0.209265019725789436E+02    0.194531777380135154E+02   -0.164020068997349959E+02   -0.805075511231545526E+01    1
    0.207635595548892198E+02    0.196127566799726551E+02   -0.164019187049504502E+02   -0.805175511231544938E+01    1
    0.236296982460089779E+02    0.268643053824301568E+02   -0.163991781311623726E+02   -0.805275511231542396E+01    1
    0.232335859395610917E+02    0.263704147874134343E+02   -0.163943556659239675E+02   -0.805375511231546781E+01    1
    0.227623185464127324E+02    0.257646715269696074E+02   -0.163925930603665222E+02   -0.805475511231545305E+01    1
    0.206342701295316573E+02    0.203404635451614197E+02   -0.163911593244017197E+02   -0.805575511231546137E+01    1
    0.224707751026408644E+02    0.253717027043000485E+02   -0.163896798809284938E+02   -0.805675511231552655E+01    1
    0.205796938827630171E+02    0.211536534248209165E+02   -0.163896232372334190E+02   -0.805775511231546027E+01    1
    0.235610753425768493E+02    0.267406067302276362E+02   -0.163893109108758601E+02   -0.805875511231545971E+01    1
    0.264722511124571938E+02    0.293998404726410207E+02   -0.163632510815838472E+02   -0.805975511231549469E+01    1
    0.218569593301815992E+02    0.180186071263860157E+02   -0.163519313201724366E+02   -0.806075511231548170E+01    1
    0.256379351472014960E+02    0.285815605023151029E+02   -0.163418458308892092E+02   -0.806175511231545983E+01    1
    0.234535801646696456E+02    0.263813092161096137E+02   -0.163372817677909303E+02   -0.806275511231541131E+01    1
    0.239249482019822821E+02    0.269083610133931863E+02   -0.163351581604452925E+02   -0.806375511231544095E+01    1
    0.241403807085540834E+02    0.270899369496229347E+02   -0.163312437687052814E+02   -0.806475511231550790E+01    1
    0.237371657743436053E+02    0.266847104545798821E+02   -0.163290502709316812E+02   -0.806575511231550912E+01    1
    0.206264805738177799E+02    0.208159354387650559E+02   -0.163260043511019681E+02   -0.806675511231546594E+01    1
    0.208994662742369570E+02    0.199094184931642104E+02   -0.163203317039682823E+02   -0.806775511231541920E+01    1
    0.211068922347389432E+02    0.194891117340407583E+02   -0.163170474285515610E+02   -0.806875511231544529E+01    1
    0.213791035742100775E+02    0.224631833583773677E+02   -0.163160817891226984E+02   -0.806975511231546250E+01    1
    0.216751387911782452E+02    0.237358051410431230E+02   -0.163138259362317122E+02   -0.807075511231542109E+01    1
    0.213530104882161638E+02    0.220584022199441847E+02   -0.163130766016657596E+02   -0.807175511231546494E+01    1
    0.222259937271551458E+02    0.247102610837010772E+02   -0.163119978181549037E+02   -0.807275511231549991E+01    1
    0.233052434134539581E+02    0.260701952827904755E+02   -0.163093108750800582E+02   -0.807375511231545495E+01    1
    0.218712588369258398E+02    0.175988331129363225E+02   -0.163071565058566286E+02   -0.807475511231545262E+01    1
    0.250368953911031227E+02    0.278015389450726182E+02   -0.163024593598377869E+02   -0.807575511231546450E+01    1
    0.238058515420438326E+02    0.266359560204163621E+02   -0.162995022962563816E+02   -0.807675511231547638E+01    1
    0.241447525904792819E+02    0.269745996234217316E+02   -0.162971343479443753E+02   -0.807775511231549537E+01    1
    0.206802802851553906E+02    0.210117513977598414E+02   -0.162958768938214504E+02   -0.807875511231545396E+01    1
    0.226852953741792689E+02    0.252049903747325708E+02   -0.162866005811162928E+02   -0.807975511231548005E+01    1
    0.234571278373990246E+02    0.261582106677454398E+02   -0.162865793860394099E+02   -0.808075511231553811E+01    1
    0.207267577305728530E+02    0.210539475389652502E+02   -0.162839447654784841E+02   -0.808175511231552157E+01    1
    0.218671708400891838E+02    0.239186612886170877E+02   -0.162787462971886256E+02   -0.808275511231550858E+01    1
    0.209178434307445507E+02    0.201054949508810203E+02   -0.162775250253375816E+02   -0.808375511231550803E+01    1
    0.227766907245558237E+02    0.252650163710710949E+02   -0.162775024187716468E+02   -0.808475511231544353E+01    1
    0.269641273969264148E+02    0.295204211553132829E+02   -0.162761482025733919E+02   -0.808575511231543231E+01    1
    0.207506553968180896E+02    0.207305709379095333E+02   -0.162737510071389089E+02   -0.808675511231551170E+01    1
    0.214387178655409159E+02    0.171657352365193709E+02   -0.162731872460113465E+02   -0.808775511231554489E+01    1
    0.230757052253037784E+02    0.255930058398765254E+02   -0.162721743673351682E+02   -0.808875511231549282E+01    1
    0.233055433798846252E+02    0.258793351282589370E+02   -0.162695914162120800E+02   -0.808975511231541589E+01    1
    0.204879700354917915E+02    0.168085890166233334E+02   -0.162656605296766088E+02   -0.809075511231546862E+01    1
    0.233378390962737186E+02    0.258724761320225625E+02   -0.162594557926244185E+02   -0.809175511231553735E+01    1
    0.211258755693390370E+02    0.169391920766851989E+02   -0.162526587511293776E+02   -0.809275511231551370E+01    1
    0.209849541863522546E+02    0.213260870185354570E+02   -0.162477720932305765E+02   -0.809375511231547051E+01    1
    0.210150021251795458E+02    0.199884891588250575E+02   -0.162452208252427610E+02   -0.809475511231548417E+01    1
    0.208164327831410816E+02    0.207088983745895021E+02   -0.162426902960786776E+02   -0.809575511231544986E+01    1
    0.211803283507983764E+02    0.168701599624840419E+02   -0.162105560000327280E+02   -0.809675511231544398E+01    1
    0.216993420920644944E+02    0.230568974420316835E+02   -0.162082723815188743E+02   -0.809775511231544876E+01    1
    0.216365432194025971E+02    0.192314007926466957E+02   -0.162070251476240870E+02   -0.809875511231544642E+01    1
    0.252932354069256640E+02    0.276238229954957859E+02   -0.161854501960577011E+02   -0.809975511231550271E+01    1
    0.209107453232885128E+02    0.210406621041418944E+02   -0.161844844940814312E+02   -0.810075511231550216E+01    1
    0.225549047687367690E+02    0.245424428186253110E+02   -0.161842263922249820E+02   -0.810175511231550161E+01    1
    0.239736778263015111E+02    0.263236090858980774E+02   -0.161840102575267011E+02   -0.810275511231546197E+01    1
    0.246465538410363401E+02    0.270270111198071561E+02   -0.161823496182086544E+02   -0.810375511231542411E+01    1
    0.232171787446396465E+02    0.253602426092604816E+02   -0.161796080146309968E+02   -0.810475511231542889E+01    1
    0.255882429597539272E+02    0.278500949148080181E+02   -0.161737789483214875E+02   -0.810575511231540702E+01    1
    0.253957282209461503E+02    0.276610998995070680E+02   -0.161696214067889770E+02   -0.810675511231546686E+01    1
    0.211866786810993801E+02    0.213702118595201824E+02   -0.161628832855924998E+02   -0.810775511231552137E+01    1
    0.217850697936212754E+02    0.226134975665835292E+02   -0.161622492325393452E+02   -0.810875511231546753E+01    1
    0.264144480617795168E+02    0.286163399039309923E+02   -0.161621773726657416E+02   -0.810975511231547053E+01    1
    0.234843483040893020E+02    0.255434118516812028E+02   -0.161518429159844494E+02   -0.811075511231548951E+01    1
    0.221741926809622036E+02    0.185755626717949056E+02   -0.161431235161988305E+02   -0.811175511231547297E+01    1
    0.275849928920755012E+02    0.295197931673226854E+02   -0.161422181839920569E+02   -0.811275511231544399E+01    1
    0.218985173732133589E+02    0.230041572661283915E+02   -0.161415932979692691E+02   -0.811375511231540791E+01    1
    0.208284991414571721E+02    0.167231748923253072E+02   -0.161399705271743379E+02   -0.811475511231544289E+01    1
    0.225331965023743273E+02    0.242418843814973251E+02   -0.161379637871780375E+02   -0.811575511231551694E+01    1
    0.252959416272918602E+02    0.274276400847130866E+02   -0.161289064294571851E+02   -0.811675511231547908E+01    1
    0.220043817129629602E+02    0.190062554686094565E+02   -0.161288285591607803E+02   -0.811775511231544478E+01    1
    0.230208085714646025E+02    0.249606106212952312E+02   -0.161265542336793040E+02   -0.811875511231549574E+01    1
    0.210087071325903274E+02    0.208358868498145533E+02   -0.161245495006923285E+02   -0.811975511231551117E+01    1
    0.234274484058841885E+02    0.253370382045673743E+02   -0.161138996964455679E+02   -0.812075511231553016E+01    1
    0.218541654694965040E+02    0.192364712142004244E+02   -0.161058085555256127E+02   -0.812175511231546920E+01    1
    0.215836137205129610E+02    0.195617364309908375E+02   -0.160998368969896966E+02   -0.812275511231541003E+01    1
    0.223808962103297695E+02    0.181745106595119488E+02   -0.160947585663560098E+02   -0.812375511231549474E+01    1
    0.258303732575597174E+02    0.277742935698063782E+02   -0.160898295293550433E+02   -0.812475511231546754E+01    1
    0.224147223970963871E+02    0.238093774229640545E+02   -0.160884269100065147E+02   -0.812575511231541014E+01    1
    0.244509641885005351E+02    0.264356231996521522E+02   -0.160808941045085625E+02   -0.812675511231547532E+01    1
    0.222938842946609235E+02    0.234866860178700456E+02   -0.160806055054505777E+02   -0.812775511231549608E+01    1
    0.220332388761967053E+02    0.224805192872960760E+02   -0.160780001815163622E+02   -0.812875511231546000E+01    1
    0.223774924552150658E+02    0.183694201635929026E+02   -0.160740974970040789E+02   -0.812975511231542036E+01    1
    0.245610248169592502E+02    0.265295295467598962E+02   -0.160723896853343611E+02   -0.813075511231538961E+01    1
    0.220670983886375289E+02    0.225814625146118289E+02   -0.160712312069077612E+02   -0.813175511231544057E+01    1
    0.247969177944416899E+02    0.267605534895142405E+02   -0.160678793476980530E+02   -0.813275511231551285E+01    1
    0.238717392904656371E+02    0.256369992425992343E+02   -0.160671723755618849E+02   -0.813375511231551052E+01    1
    0.229496473106324181E+02    0.244726486812751531E+02   -0.160545584433188324E+02   -0.813475511231548509E+01    1
    0.223369244543178738E+02    0.187466332326455181E+02   -0.160495838047753310E+02   -0.813575511231544724E+01    1
    0.224968838390542452E+02    0.181580977762882299E+02   -0.160439007677190659E+02   -0.813675511231546444E+01    1
    0.241208355309270388E+02    0.258428444023920392E+02   -0.160428529661255261E+02   -0.813775511231546211E+01    1
    0.237231634493984558E+02    0.253773448972261626E+02   -0.160419337796019263E+02   -0.813875511231542070E+01    1
    0.252045576908884392E+02    0.270074179051360090E+02   -0.160331140415231452E+02   -0.813975511231546456E+01    1
    0.224887520658145910E+02    0.183024204840339522E+02   -0.160311730570025759E+02   -0.814075511231548177E+01    1
    0.213204739018683895E+02    0.203725910728376114E+02   -0.160301952703030501E+02   -0.814175511231550608E+01    1
    0.215954559721265014E+02    0.215365207319687855E+02   -0.160268194616349078E+02   -0.814275511231552152E+01    1
    0.247512189680307841E+02    0.265336408063644100E+02   -0.160223496834826094E+02   -0.814375511231546412E+01    1
    0.223518942888385226E+02    0.231978520212438184E+02   -0.160208422596994566E+02   -0.814475511231541027E+01    1
    0.230455314195534626E+02    0.244401278405351547E+02   -0.160204223704623594E+02   -0.814575511231538840E+01    1
    0.251713602645729715E+02    0.269020751752953693E+02   -0.160117938735937777E+02   -0.814675511231546778E+01    1
    0.231168374174864830E+02    0.244517715656813479E+02   -0.160013138123152174E+02   -0.814775511231547434E+01    1
    0.222683495657370756E+02    0.223839470230863036E+02   -0.159995503912522423E+02   -0.814875511231546668E+01    1
    0.222983609740375606E+02    0.172320126281752550E+02   -0.159925741658092289E+02   -0.814975511231554606E+01    1
    0.237713649681649350E+02    0.252405853123553214E+02   -0.159905243528623959E+02   -0.815075511231556327E+01    1
    0.231218954845297446E+02    0.243148703549617267E+02   -0.159759277912566802E+02   -0.815175511231550409E+01    1
    0.229950908612408718E+02    0.240877737872360704E+02   -0.159733654242342098E+02   -0.815275511231549288E+01    1
    0.215718794876985100E+02    0.199096231707315177E+02   -0.159715158847248908E+02   -0.815375511231549410E+01    1
    0.249535817888465132E+02    0.265064198288419242E+02   -0.159621503295044995E+02   -0.815475511231541184E+01    1
    0.224010788200883049E+02    0.224562633290260365E+02   -0.159603455219299608E+02   -0.815575511231538108E+01    1
    0.223633714495239957E+02    0.221468745789905661E+02   -0.159598705593723142E+02   -0.815675511231547290E+01    1
    0.235471508490139136E+02    0.248795899047812306E+02   -0.159574959836661083E+02   -0.815775511231549899E+01    1
    0.224809994622300309E+02    0.229230909941863068E+02   -0.159534327484654828E+02   -0.815875511231540607E+01    1
    0.262585191453996174E+02    0.276611748110793201E+02   -0.159478429070753478E+02   -0.815975511231545525E+01    1
    0.229760563754316500E+02    0.239569452972292041E+02   -0.159455340916228359E+02   -0.816075511231546002E+01    1
    0.214789498389336302E+02    0.203959975435695675E+02   -0.159451140391439115E+02   -0.816175511231545414E+01    1
    0.220889074464337369E+02    0.167462593360621028E+02   -0.159449973244175016E+02   -0.816275511231549622E+01    1
    0.224277452381240572E+02    0.221132935026636055E+02   -0.159313926593294628E+02   -0.816375511231548501E+01    1
    0.254706080211933532E+02    0.268887249723235264E+02   -0.159313010800166648E+02   -0.816475511231543827E+01    1
    0.224890853357328311E+02    0.189559001352891450E+02   -0.159287077071055005E+02   -0.816575511231539863E+01    1
    0.262518796122299634E+02    0.275399651514848323E+02   -0.159152842287889147E+02   -0.816675511231543538E+01    1
    0.222616342455446308E+02    0.218619608844535129E+02   -0.159075843304511224E+02   -0.816775511231544549E+01    1
    0.207673448529614113E+02    0.164748568294081075E+02   -0.159029025531750605E+02   -0.816875511231544671E+01    1
    0.228314750961439437E+02    0.234186386434500058E+02   -0.159004888404846234E+02   -0.816975511231547635E+01    1
    0.228881947341847720E+02    0.235339504314601022E+02   -0.158989884969070765E+02   -0.817075511231549534E+01    1
    0.211599203547666974E+02    0.165259820115140954E+02   -0.158989568884509840E+02   -0.817175511231548413E+01    1
    0.219279833360301524E+02    0.166565355674889801E+02   -0.158913924901321604E+02   -0.817275511231544094E+01    1
    0.237282410123399927E+02    0.248204287843038429E+02   -0.158913824763266618E+02   -0.817375511231548302E+01    1
    0.241261329914922626E+02    0.252250872953089846E+02   -0.158869232975629764E+02   -0.817475511231554286E+01    1
    0.214828887631133938E+02    0.208103712306673039E+02   -0.158836002762546347E+02   -0.817575511231547480E+01    1
    0.226804663334195524E+02    0.226976737539032207E+02   -0.158814861393501818E+02   -0.817675511231543872E+01    1
    0.215921666339246663E+02    0.204879762048045144E+02   -0.158812190355641007E+02   -0.817775511231541330E+01    1
    0.266954963619731238E+02    0.278036601489519768E+02   -0.158762760102837444E+02   -0.817875511231539143E+01    1
    0.228411946995263335E+02    0.232560269679878182E+02   -0.158742637895133178E+02   -0.817975511231547436E+01    1
    0.226842677249601792E+02    0.225094841482886387E+02   -0.158728901101615492E+02   -0.818075511231547736E+01    1
    0.220477176518949278E+02    0.215258735362566114E+02   -0.158615189942544266E+02   -0.818175511231542352E+01    1
    0.249041714743235616E+02    0.259711679799930941E+02   -0.158599792933874557E+02   -0.818275511231544428E+01    1
    0.227275085637425747E+02    0.225170163890006165E+02   -0.158595344311138149E+02   -0.818375511231547925E+01    1
    0.222774404348091934E+02    0.217449529614809478E+02   -0.158593868578782597E+02   -0.818475511231547692E+01    1
    0.218106109241160198E+02    0.165959724360071590E+02   -0.158571513302662925E+02   -0.818575511231549058E+01    1
    0.217997184467299263E+02    0.201478585555505916E+02   -0.158560744711761892E+02   -0.818675511231547404E+01    1
    0.227920899574635136E+02    0.229071346924780954E+02   -0.158544723937896137E+02   -0.818775511231549125E+01    1
    0.220404117885378916E+02    0.214992818290817667E+02   -0.158544533810805071E+02   -0.818875511231550490E+01    1
    0.226038700787424212E+02    0.167621712516362784E+02   -0.158476806800167243E+02   -0.818975511231548126E+01    1
    0.235730558878786844E+02    0.243174202869642784E+02   -0.158430366819856658E+02   -0.819075511231548603E+01    1
    0.227747208693905243E+02    0.224620749032516116E+02   -0.158424789863909385E+02   -0.819175511231548370E+01    1
    0.223827105479187800E+02    0.192969765649589320E+02   -0.158423455843863223E+02   -0.819275511231544051E+01    1
    0.229747840805235555E+02    0.180972759010700699E+02   -0.158344448692463651E+02   -0.819375511231542042E+01    1
    0.230931511974569084E+02    0.175543263801019336E+02   -0.158304682353823534E+02   -0.819475511231548026E+01    1
    0.228568982511864363E+02    0.186073016758257843E+02   -0.158299810154492544E+02   -0.819575511231547615E+01    1
    0.229906590768943673E+02    0.232688332712331594E+02   -0.158289198360024681E+02   -0.819675511231545606E+01    1
    0.235386697011392840E+02    0.241609855730193992E+02   -0.158260128202468966E+02   -0.819775511231546439E+01    1
    0.218400261434080889E+02    0.203005965206283037E+02   -0.158198630018372608E+02   -0.819875511231543896E+01    1
    0.229540810454791497E+02    0.174035045190008084E+02   -0.158195025138633998E+02   -0.819975511231540466E+01    1
    0.221087075638063020E+02    0.166216548189412450E+02   -0.158180419858222425E+02   -0.820075511231548404E+01    1
    0.235621856677414350E+02    0.241108080910311067E+02   -0.158103753753394152E+02   -0.820175511231548349E+01    1
    0.229566005963775375E+02    0.230427715499059360E+02   -0.158079152986035858E+02   -0.820275511231539767E+01    1
    0.231924070059601455E+02    0.175743822145664694E+02   -0.158018925090767457E+02   -0.820375511231541665E+01    1
    0.219186667880081778E+02    0.202388296314997937E+02   -0.158007523558726053E+02   -0.820475511231540899E+01    1
    0.249718083061022611E+02    0.257656949148061400E+02   -0.157998171068679074E+02   -0.820575511231543331E+01    1
    0.233124301622043433E+02    0.179118817303243141E+02   -0.157982020349913768E+02   -0.820675511231543275E+01    1
    0.234773192725134692E+02    0.239479999571853277E+02   -0.157952950018304534E+02   -0.820775511231543398E+01    1
    0.220112080177117839E+02    0.213015247185701995E+02   -0.157930311079766614E+02   -0.820875511231544763E+01    1
    0.225081972943876494E+02    0.169378689593491956E+02   -0.157918135961488275E+02   -0.820975511231546129E+01    1
    0.251575449719486457E+02    0.259620584632377245E+02   -0.157907061669230107E+02   -0.821075511231544830E+01    1
    0.229072489573112605E+02    0.187671203930285806E+02   -0.157892281600437823E+02   -0.821175511231546373E+01    1
    0.226083041099130710E+02    0.218593044590549894E+02   -0.157871834824870163E+02   -0.821275511231553779E+01    1
    0.221781701893160559E+02    0.196824729368872511E+02   -0.157829792448600763E+02   -0.821375511231547328E+01    1
    0.228444332430223866E+02    0.172155331923275234E+02   -0.157821781556699712E+02   -0.821475511231546385E+01    1
    0.228025155052693762E+02    0.168200648964101980E+02   -0.157793715563513501E+02   -0.821575511231547040E+01    1
    0.228909692041515918E+02    0.188829246541632187E+02   -0.157760034659488593E+02   -0.821675511231542544E+01    1
    0.251067754364507323E+02    0.258202461382562376E+02   -0.157752107687690177E+02   -0.821775511231544620E+01    1
    0.231008845446601931E+02    0.229832429301533807E+02   -0.157601508340234702E+02   -0.821875511231551670E+01    1
    0.227975509219126309E+02    0.190330682299266165E+02   -0.157591073481315185E+02   -0.821975511231548772E+01    1
    0.221358048009324015E+02    0.197983860604087845E+02   -0.157572718760759614E+02   -0.822075511231549072E+01    1
    0.236396245241683509E+02    0.239623599492370438E+02   -0.157511878373445473E+02   -0.822175511231552392E+01    1
    0.231136169803372624E+02    0.227300614411646258E+02   -0.157462355942385841E+02   -0.822275511231544876E+01    1
    0.231757580241193537E+02    0.174224774419763655E+02   -0.157450327271129833E+02   -0.822375511231540735E+01    1
    0.228202434489711479E+02    0.190493284396538556E+02   -0.157425142504950539E+02   -0.822475511231540146E+01    1
    0.229630977534364398E+02    0.220699902418895846E+02   -0.157398239062733438E+02   -0.822575511231539735E+01    1
    0.233948646623436396E+02    0.235098271514479791E+02   -0.157358506044477480E+02   -0.822675511231543233E+01    1
    0.222494867422970302E+02    0.213647549326729909E+02   -0.157313925259619243E+02   -0.822775511231550460E+01    1
    0.244527580962732891E+02    0.249561654807895934E+02   -0.157246890555949239E+02   -0.822875511231547030E+01    1
    0.234917418171184877E+02    0.236429201420441863E+02   -0.157242547000012429E+02   -0.822975511231545909E+01    1
    0.230901281553629190E+02    0.186542379634194972E+02   -0.157196509580692787E+02   -0.823075511231545676E+01    1
    0.232174401153072907E+02    0.227853476431518693E+02   -0.157157620248293739E+02   -0.823175511231540824E+01    1
    0.254661251647914533E+02    0.259474718533888513E+02   -0.157058350918216352E+02   -0.823275511231542190E+01    1
    0.234742339101497599E+02    0.234383876885912592E+02   -0.157007944026940756E+02   -0.823375511231546220E+01    1
    0.231060358491845221E+02    0.168606019234829958E+02   -0.156962716386332417E+02   -0.823475511231544743E+01    1
    0.234840478217939186E+02    0.179853139428175233E+02   -0.156945086757409538E+02   -0.823575511231546109E+01    1
    0.224997697914398032E+02    0.215035010982321353E+02   -0.156929220763092925E+02   -0.823675511231553870E+01    1
    0.211620467690696756E+02    0.163148571008373580E+02   -0.156913836216866507E+02   -0.823775511231546176E+01    1
    0.233227318829124002E+02    0.181172741342185617E+02   -0.156824747843663097E+02   -0.823875511231537772E+01    1
    0.230944289464402743E+02    0.169110352023088595E+02   -0.156766811011537008E+02   -0.823975511231538960E+01    1
    0.232083530477772868E+02    0.186235828459524448E+02   -0.156699956710892732E+02   -0.824075511231544233E+01    1
    0.239490097330352114E+02    0.239766468940073310E+02   -0.156639683774929974E+02   -0.824175511231542934E+01    1
    0.234252714800511512E+02    0.180819047004976241E+02   -0.156637472446966157E+02   -0.824275511231540392E+01    1
    0.255285505117650082E+02    0.258335408766053796E+02   -0.156636082034520143E+02   -0.824375511231546909E+01    1
    0.236736641428761736E+02    0.235822876620374018E+02   -0.156585625268083941E+02   -0.824475511231546321E+01    1
    0.235398232116454587E+02    0.232573387651237375E+02   -0.156546058250394342E+02   -0.824575511231548397E+01    1
    0.224909404005635203E+02    0.213803198753242718E+02   -0.156515367124621250E+02   -0.824675511231546920E+01    1
    0.225973771192674491E+02    0.214808174407744161E+02   -0.156501915813508568E+02   -0.824775511231540115E+01    1
    0.224083792614882213E+02    0.198546357559185367E+02   -0.156426724306181661E+02   -0.824875511231541836E+01    1
    0.238726986260126388E+02    0.177849258174395146E+02   -0.156369235511705291E+02   -0.824975511231549241E+01    1
    0.220689133620757900E+02    0.164249968908627650E+02   -0.156339552709974630E+02   -0.825075511231553271E+01    1
    0.234002049504016405E+02    0.182141439796072007E+02   -0.156299535767712428E+02   -0.825175511231549308E+01    1
    0.231132470017748126E+02    0.190095954343668687E+02   -0.156265050302655748E+02   -0.825275511231547831E+01    1
    0.233440529836668560E+02    0.184936591083416992E+02   -0.156237341275216863E+02   -0.825375511231541914E+01    1
    0.245707396839635379E+02    0.246870609805841745E+02   -0.156222735552016232E+02   -0.825475511231539905E+01    1
    0.259093243360947589E+02    0.261033423432693148E+02   -0.156202733744198135E+02   -0.825575511231543047E+01    1
    0.233147368308530005E+02    0.186880422535381427E+02   -0.156150484462452717E+02   -0.825675511231546189E+01    1
    0.233722344586398734E+02    0.184974410602894253E+02   -0.156106826145062723E+02   -0.825775511231547554E+01    1
    0.234140447876770210E+02    0.221989158807355551E+02   -0.156102736053184614E+02   -0.825875511231549808E+01    1
    0.236175411615772717E+02    0.229896589912426421E+02   -0.155982661848777884E+02   -0.825975511231547976E+01    1
    0.232298505985509642E+02    0.219098556014563393E+02   -0.155971004545993441E+02   -0.826075511231540638E+01    1
    0.234637707698754241E+02    0.182944752730121429E+02   -0.155924620669140186E+02   -0.826175511231540938E+01    1
    0.241846090795214792E+02    0.239573639558896048E+02   -0.155900894544328228E+02   -0.826275511231543547E+01    1
    0.225488671204189686E+02    0.199489631295204219E+02   -0.155859210411122007E+02   -0.826375511231546511E+01    1
    0.227501716493463988E+02    0.195358121563862994E+02   -0.155835732819147630E+02   -0.826475511231551074E+01    1
    0.230874684927617153E+02    0.165864642326531921E+02   -0.155732548083048243E+02   -0.826575511231550841E+01    1
    0.235119408355977733E+02    0.221545998608291548E+02   -0.155687207311364233E+02   -0.826675511231542082E+01    1
    0.252810609060911133E+02    0.252153588021847845E+02   -0.155631369793484406E+02   -0.826775511231545757E+01    1
    0.212629749523971014E+02    0.161953393568189981E+02   -0.155608410621563280E+02   -0.826875511231553340E+01    1
    0.257400306011932472E+02    0.256514504498061058E+02   -0.155552427437035892E+02   -0.826975511231547600E+01    1
    0.222183100852570270E+02    0.163748648421613332E+02   -0.155530544545406268E+02   -0.827075511231547011E+01    1
    0.239153570651716123E+02    0.233683856489133461E+02   -0.155527135726105268E+02   -0.827175511231550509E+01    1
    0.238486156725739704E+02    0.231830268529027705E+02   -0.155474628586709827E+02   -0.827275511231548499E+01    1
    0.246162285493541901E+02    0.243775809568586936E+02   -0.155472554105485123E+02   -0.827375511231544891E+01    1
    0.240205439198160953E+02    0.179168684201459669E+02   -0.155334381707628069E+02   -0.827475511231545191E+01    1
    0.239675995360893701E+02    0.233240915626430443E+02   -0.155301552110059919E+02   -0.827575511231546734E+01    1
    0.225497489567196361E+02    0.164185216369152478E+02   -0.155246930802589542E+02   -0.827675511231548455E+01    1
    0.239260977887234070E+02    0.231322859773075713E+02   -0.155161213535934177E+02   -0.827775511231551420E+01    1
    0.232069563856552534E+02    0.165497607983525512E+02   -0.155119607619275293E+02   -0.827875511231547279E+01    1
    0.238410250478076158E+02    0.225385204522688127E+02   -0.155108714264670144E+02   -0.827975511231540473E+01    1
    0.239103326264413631E+02    0.230320116437956663E+02   -0.155084053147641221E+02   -0.828075511231548056E+01    1
    0.226343280866333991E+02    0.205577928738229403E+02   -0.155023074694655634E+02   -0.828175511231555816E+01    1
    0.272958907982603591E+02    0.269993059075588953E+02   -0.154987861437406842E+02   -0.828275511231550432E+01    1
    0.212777090898516938E+02    0.161311298922755419E+02   -0.154963286263232920E+02   -0.828375511231542383E+01    1
    0.228037051507686570E+02    0.200176743192178179E+02   -0.154916792871000055E+02   -0.828475511231543038E+01    1
    0.274096521786472032E+02    0.270517162275649632E+02   -0.154897398802617907E+02   -0.828575511231543160E+01    1
    0.239726454864057033E+02    0.169326623997647623E+02   -0.154792230683951715E+02   -0.828675511231545237E+01    1
    0.241268891048981153E+02    0.233063422695927542E+02   -0.154779553005233161E+02   -0.828775511231552819E+01    1
    0.240566340443980735E+02    0.231406495553299543E+02   -0.154765758599632051E+02   -0.828875511231547968E+01    1
    0.230351269401246199E+02    0.194869267801402799E+02   -0.154753093788740763E+02   -0.828975511231547202E+01    1
    0.227941891959602572E+02    0.203850360436073608E+02   -0.154705475757017883E+02   -0.829075511231544660E+01    1
    0.241671014249017126E+02    0.233412132015086300E+02   -0.154703193471598244E+02   -0.829175511231546558E+01    1
    0.239948570722370853E+02    0.169475666307738280E+02   -0.154680025131273098E+02   -0.829275511231548634E+01    1
    0.241543076172051592E+02    0.232838927603229422E+02   -0.154662548126838075E+02   -0.829375511231546625E+01    1
    0.234022854703030418E+02    0.165438641030634486E+02   -0.154645321097596948E+02   -0.829475511231547458E+01    1
    0.240061497412442257E+02    0.226164514360207960E+02   -0.154624004308917726E+02   -0.829575511231547402E+01    1
    0.210780186382426180E+02    0.160610556475072883E+02   -0.154554879498478837E+02   -0.829675511231548235E+01    1
    0.240335887914465758E+02    0.225496602578255398E+02   -0.154512624940583549E+02   -0.829775511231545693E+01    1
    0.227165234462230003E+02    0.210346287676692434E+02   -0.154476278234322333E+02   -0.829875511231546881E+01    1
    0.242550448487662038E+02    0.179224133215148171E+02   -0.154441575435178287E+02   -0.829975511231547536E+01    1
    0.242074710718322308E+02    0.232100349882614516E+02   -0.154393241544414366E+02   -0.830075511231548013E+01    1
    0.235685346911659117E+02    0.165467825597566645E+02   -0.154319228639508523E+02   -0.830175511231548846E+01    1
    0.251624289561671475E+02    0.245802417447165844E+02   -0.154312923847554302E+02   -0.830275511231549501E+01    1
    0.259570510032602257E+02    0.254075742967001297E+02   -0.154289346055346872E+02   -0.830375511231548913E+01    1
    0.251028789243203931E+02    0.244970893973512709E+02   -0.154263354960274963E+02   -0.830475511231545305E+01    1
    0.239537605904525677E+02    0.181684581414048800E+02   -0.154220912454648946E+02   -0.830575511231547203E+01    1
    0.240392815115256084E+02    0.223212738216244517E+02   -0.154210720701220723E+02   -0.830675511231550701E+01    1
    0.241925994124958486E+02    0.227929359684312942E+02   -0.154111872855272463E+02   -0.830775511231545494E+01    1
    0.206926992134003278E+02    0.159611425857749598E+02   -0.154110458920690370E+02   -0.830875511231542241E+01    1
    0.230680831895450034E+02    0.201784252895226714E+02   -0.154027682058365993E+02   -0.830975511231545028E+01    1
    0.238577861613798952E+02    0.171691002541724522E+02   -0.154009974888338057E+02   -0.831075511231544972E+01    1
    0.238950489987768115E+02    0.165863330190505955E+02   -0.154007417334969077E+02   -0.831175511231542963E+01    1
    0.263748206024936884E+02    0.257241264565177872E+02   -0.153999428389119881E+02   -0.831275511231544328E+01    1
    0.242672947995897204E+02    0.229129851716181321E+02   -0.153926033686688459E+02   -0.831375511231546582E+01    1
    0.242242127957636804E+02    0.225026786191756969E+02   -0.153901247444091673E+02   -0.831475511231545639E+01    1
    0.249806254680231881E+02    0.240836872290209136E+02   -0.153898323647774617E+02   -0.831575511231546827E+01    1
    0.243637153971091891E+02    0.232010505037469805E+02   -0.153894541082695433E+02   -0.831675511231547659E+01    1
    0.231593532918721365E+02    0.213041613786291357E+02   -0.153888276319455173E+02   -0.831775511231543874E+01    1
    0.248123623646530511E+02    0.238807972350392568E+02   -0.153877790798228382E+02   -0.831875511231545595E+01    1
    0.243244918599274342E+02    0.231007148056808163E+02   -0.153875893096653851E+02   -0.831975511231549625E+01    1
    0.230556414307486861E+02    0.203228232839442953E+02   -0.153875646015882950E+02   -0.832075511231550102E+01    1
    0.215319981104401137E+02    0.160539389458867525E+02   -0.153867488826778391E+02   -0.832175511231550047E+01    1
    0.229002255246465083E+02    0.210255603735963348E+02   -0.153799278994428583E+02   -0.832275511231550169E+01    1
    0.261574744445703260E+02    0.254201251489355613E+02   -0.153771982788588772E+02   -0.832375511231547982E+01    1
    0.259488900429608762E+02    0.252051295755823475E+02   -0.153762038869879980E+02   -0.832475511231544196E+01    1
    0.241914601064354393E+02    0.180946616059413401E+02   -0.153746512426808710E+02   -0.832575511231542187E+01    1
    0.251180560061710629E+02    0.242205048792395736E+02   -0.153741393775535897E+02   -0.832675511231542487E+01    1
    0.234331258445750770E+02    0.215162701743153484E+02   -0.153687971160890786E+02   -0.832775511231542254E+01    1
    0.229979019843595438E+02    0.206554356636564442E+02   -0.153608750607693256E+02   -0.832875511231541132E+01    1
    0.239483547271261799E+02    0.165545857015451929E+02   -0.153586525264937652E+02   -0.832975511231541255E+01    1
    0.236672055932180676E+02    0.216922763984768636E+02   -0.153554726287841756E+02   -0.833075511231541554E+01    1
    0.245723819222892885E+02    0.178797027526096990E+02   -0.153507557181377567E+02   -0.833175511231542565E+01    1
    0.258913473879442577E+02    0.250423643919446839E+02   -0.153493546813081476E+02   -0.833275511231547483E+01    1
    0.242257254762127374E+02    0.166036873878644755E+02   -0.153472237406973733E+02   -0.833375511231549737E+01    1
    0.220101846345810905E+02    0.161103102826607696E+02   -0.153406076045934618E+02   -0.833475511231544708E+01    1
    0.243991642782432727E+02    0.225706129644699054E+02   -0.153384098886010225E+02   -0.833575511231541100E+01    1
    0.230155061851426481E+02    0.210186871762337972E+02   -0.153370978635069228E+02   -0.833675511231543531E+01    1
    0.231585876242537836E+02    0.204323535813916983E+02   -0.153360635932635514E+02   -0.833775511231546851E+01    1
    0.235840471558917919E+02    0.164389314237189232E+02   -0.153241640240110382E+02   -0.833875511231546973E+01    1
    0.235015597199496682E+02    0.214388716148626344E+02   -0.153171765920118954E+02   -0.833975511231547628E+01    1
    0.199686610779930760E+02    0.158134069607025811E+02   -0.153154512535428342E+02   -0.834075511231547573E+01    1
    0.227109502310376783E+02    0.162339304624707808E+02   -0.153113401706219943E+02   -0.834175511231546984E+01    1
    0.232795703103357532E+02    0.203166308081397062E+02   -0.153100415906913678E+02   -0.834275511231547284E+01    1
    0.246767753242513486E+02    0.178933956245862156E+02   -0.153051866564383996E+02   -0.834375511231544564E+01    1
    0.234107176045497241E+02    0.195115519551639380E+02   -0.152987359195709569E+02   -0.834475511231542555E+01    1
    0.242974273013357731E+02    0.165660895111804010E+02   -0.152956540667830811E+02   -0.834575511231544809E+01    1
    0.245852206452679312E+02    0.228916636840789600E+02   -0.152931012020971178E+02   -0.834675511231544753E+01    1
    0.243064877763873568E+02    0.173108188725392758E+02   -0.152827028309462012E+02   -0.834775511231541678E+01    1
    0.243502169010072791E+02    0.221342304360703679E+02   -0.152815406696625473E+02   -0.834875511231541800E+01    1
    0.233703667751090158E+02    0.201314286401673961E+02   -0.152794445860967496E+02   -0.834975511231545475E+01    1
    0.233633801631465836E+02    0.200782449238518872E+02   -0.152771219540761525E+02   -0.835075511231547551E+01    1
    0.240621526769928984E+02    0.218156969715627298E+02   -0.152752046281166365E+02   -0.835175511231549272E+01    1
    0.247094035529468030E+02    0.179294886528755733E+02   -0.152738826899288380E+02   -0.835275511231551526E+01    1
    0.251430193247643210E+02    0.167213158412775158E+02   -0.152662390428175705E+02   -0.835375511231550050E+01    1
    0.241166408290429644E+02    0.218259119010872205E+02   -0.152612396591927535E+02   -0.835475511231545731E+01    1
    0.230267883980002956E+02    0.162487834607004800E+02   -0.152587106456469055E+02   -0.835575511231545320E+01    1
    0.277426071794155042E+02    0.264664074691681286E+02   -0.152584281383663658E+02   -0.835675511231549528E+01    1
    0.244949033732460251E+02    0.222668160838835618E+02   -0.152573853583867667E+02   -0.835775511231546986E+01    1
    0.233483264138472535E+02    0.205329547466750277E+02   -0.152555991559737887E+02   -0.835875511231543555E+01    1
    0.246510132959106443E+02    0.175489093235205615E+02   -0.152540465840443158E+02   -0.835975511231544033E+01    1
    0.232720237761679378E+02    0.210182126964186793E+02   -0.152472919054643388E+02   -0.836075511231547175E+01    1
    0.234761834570644510E+02    0.196535901410825566E+02   -0.152433570454241387E+02   -0.836175511231550850E+01    1
    0.247661522983819111E+02    0.229440131617884830E+02   -0.152391024894827822E+02   -0.836275511231545998E+01    1
    0.225294500827268109E+02    0.161094578321497863E+02   -0.152296777073505556E+02   -0.836375511231546298E+01    1
    0.244757828109719142E+02    0.219941711584911772E+02   -0.152123316124915604E+02   -0.836475511231546598E+01    1
    0.227449666050924719E+02    0.161340337736477828E+02   -0.152077573122076686E+02   -0.836575511231546720E+01    1
    0.241852172078501049E+02    0.217069482426038540E+02   -0.151874988634647412E+02   -0.836675511231550750E+01    1
    0.246071361119484848E+02    0.220825446233277489E+02   -0.151856896470882106E+02   -0.836775511231549629E+01    1
    0.259318753974214182E+02    0.244314509163435574E+02   -0.151822018154428235E+02   -0.836875511231550817E+01    1
    0.236101577348475011E+02    0.210959529578920311E+02   -0.151571482329397877E+02   -0.836975511231548275E+01    1
    0.239761898930089146E+02    0.214534385159846686E+02   -0.151568167267657561E+02   -0.837075511231546088E+01    1
    0.247401700634367252E+02    0.165125244614636912E+02   -0.151503530693089665E+02   -0.837175511231546388E+01    1
    0.238451638937997608E+02    0.193997108776532095E+02   -0.151497220371346906E+02   -0.837275511231543845E+01    1
    0.234980666702789875E+02    0.209198920585091166E+02   -0.151491570632892110E+02   -0.837375511231543079E+01    1
    0.237034558263296447E+02    0.197554094282848638E+02   -0.151434518904968574E+02   -0.837475511231546044E+01    1
    0.243357322601648320E+02    0.217173914000395136E+02   -0.151414946652509617E+02   -0.837575511231547232E+01    1
    0.248083830113807799E+02    0.222075661294598596E+02   -0.151412700436827006E+02   -0.837675511231544334E+01    1
    0.237422510843331729E+02    0.196905261110011871E+02   -0.151352944734009256E+02   -0.837775511231544989E+01    1
    0.245069957740788453E+02    0.183301589461668861E+02   -0.151331684319522886E+02   -0.837875511231548131E+01    1
    0.259766293718976762E+02    0.242533326210927278E+02   -0.151313619991694974E+02   -0.837975511231550207E+01    1
    0.250929169390819915E+02    0.227518006701985698E+02   -0.151308268162316626E+02   -0.838075511231550863E+01    1
    0.247282956848855733E+02    0.219957667131635866E+02   -0.151283613230270202E+02   -0.838175511231546899E+01    1
    0.250954373251687919E+02    0.226870667860432960E+02   -0.151275677000054607E+02   -0.838275511231544357E+01    1
    0.235989219144095124E+02    0.208487815365548705E+02   -0.151240493349867648E+02   -0.838375511231546611E+01    1
    0.239945633586866442E+02    0.192994541182677466E+02   -0.151223966268178724E+02   -0.838475511231547266E+01    1
    0.258623629531626982E+02    0.167271431243305173E+02   -0.151197839517057773E+02   -0.838575511231549164E+01    1
    0.237896868908375545E+02    0.204433245792463190E+02   -0.151144859608209146E+02   -0.838675511231551951E+01    1
    0.237815917870072084E+02    0.200783508257544163E+02   -0.151135114387181435E+02   -0.838775511231551363E+01    1
    0.202479347625078887E+02    0.156739465129199473E+02   -0.151044885736873038E+02   -0.838875511231546156E+01    1
    0.238151576256530859E+02    0.204589822073374137E+02   -0.151034504758911297E+02   -0.838975511231543436E+01    1
    0.241436867760746487E+02    0.214602139030172410E+02   -0.151010098894623379E+02   -0.839075511231546756E+01    1
    0.252048186193857369E+02    0.228009496558961047E+02   -0.150982415168359090E+02   -0.839175511231549187E+01    1
    0.250186508417003637E+02    0.223259028653044602E+02   -0.150926716031129349E+02   -0.839275511231546822E+01    1
    0.245927191926204003E+02    0.217975463159984209E+02   -0.150895471741736014E+02   -0.839375511231543037E+01    1
    0.238973828245891120E+02    0.202655713160460067E+02   -0.150860734367730647E+02   -0.839475511231543692E+01    1
    0.239813013655852956E+02    0.194281542612599374E+02   -0.150787977030666909E+02   -0.839575511231544347E+01    1
    0.239331855595442988E+02    0.195458302200960290E+02   -0.150763931447704138E+02   -0.839675511231548022E+01    1
    0.254020451613600962E+02    0.232585383568902380E+02   -0.150763652171092577E+02   -0.839775511231547611E+01    1
    0.253527999667552137E+02    0.177338401573449502E+02   -0.150738184260732311E+02   -0.839875511231543292E+01    1
    0.253464345734566798E+02    0.177232135259946659E+02   -0.150718187393181360E+02   -0.839975511231543237E+01    1
    0.264423477771535431E+02    0.244880231114721703E+02   -0.150574475468258875E+02   -0.840075511231544425E+01    1
    0.245650007926091938E+02    0.188794460121136112E+02   -0.150325501857907451E+02   -0.840175511231545258E+01    1
    0.240476850592236779E+02    0.195626579805930376E+02   -0.150300012366175366E+02   -0.840275511231545380E+01    1
    0.228867907170706246E+02    0.159724902108587550E+02   -0.150227545910085372E+02   -0.840375511231545147E+01    1
    0.254103865447761770E+02    0.226486090729023957E+02   -0.150210790786730843E+02   -0.840475511231546335E+01    1
    0.245736491305623019E+02    0.189040185603491153E+02   -0.150193344809674763E+02   -0.840575511231545036E+01    1
    0.232027530061441567E+02    0.160265697187111265E+02   -0.150081077828405469E+02   -0.840675511231544803E+01    1
    0.261481784665491723E+02    0.238806284752012097E+02   -0.150020582654548527E+02   -0.840775511231549366E+01    1
    0.243013068206067757E+02    0.162597255055991532E+02   -0.150003699705459379E+02   -0.840875511231550909E+01    1
    0.257120218612806894E+02    0.233586401208619598E+02   -0.149977775267432953E+02   -0.840975511231548367E+01    1
    0.233211080952119332E+02    0.160339786253749104E+02   -0.149921585380455333E+02   -0.841075511231547068E+01    1
    0.256708433068425741E+02    0.172298869448828533E+02   -0.149915034623208587E+02   -0.841175511231546480E+01    1
    0.222989126724103315E+02    0.157658095265374563E+02   -0.149892480548802425E+02   -0.841275511231546247E+01    1
    0.240732700793774796E+02    0.198540333674249183E+02   -0.149887894069837895E+02   -0.841375511231546191E+01    1
    0.241502877408507608E+02    0.195828921252093267E+02   -0.149879385206945326E+02   -0.841475511231545958E+01    1
    0.241278157837185567E+02    0.201576489731188246E+02   -0.149862072157324082E+02   -0.841575511231545548E+01    1
    0.249347997698265083E+02    0.163812982536763627E+02   -0.149835956109439863E+02   -0.841675511231543894E+01    1
    0.247386269555213971E+02    0.187025186104893848E+02   -0.149821261167402042E+02   -0.841775511231546680E+01    1
    0.240178976675102867E+02    0.209811798379078276E+02   -0.149750932355034294E+02   -0.841875511231546447E+01    1
    0.232703433877203310E+02    0.159838606043572895E+02   -0.149743645852296154E+02   -0.841975511231547280E+01    1
    0.231899174710308600E+02    0.159614154775376242E+02   -0.149734905254052766E+02   -0.842075511231547047E+01    1
    0.253088929970911032E+02    0.221858796108511491E+02   -0.149701506308189476E+02   -0.842175511231542373E+01    1
    0.256654428569019011E+02    0.228796993499173098E+02   -0.149597734399356828E+02   -0.842275511231542140E+01    1
    0.253692456523075123E+02    0.164498408505774378E+02   -0.149579295860412831E+02   -0.842375511231541196E+01    1
    0.258779250668787917E+02    0.233802576023446065E+02   -0.149555814281765009E+02   -0.842475511231540253E+01    1
    0.250916510500817758E+02    0.218638335404005879E+02   -0.149511966223673269E+02   -0.842575511231544638E+01    1
    0.260090013380441292E+02    0.171663483431729880E+02   -0.149477246580887275E+02   -0.842675511231546182E+01    1
    0.239906986860661888E+02    0.161123122520252799E+02   -0.149474047980880176E+02   -0.842775511231541685E+01    1
    0.253252750912854800E+02    0.220781251181417666E+02   -0.149449875192647319E+02   -0.842875511231545538E+01    1
    0.241301402672646716E+02    0.208222043894183777E+02   -0.149437277624247535E+02   -0.842975511231551344E+01    1
    0.255429695699221284E+02    0.224421536922671159E+02   -0.149391234637937380E+02   -0.843075511231551289E+01    1
    0.255124742905617836E+02    0.174331450538633241E+02   -0.149378229799779110E+02   -0.843175511231548747E+01    1
    0.218709942809868139E+02    0.156564717150623824E+02   -0.149373059167807103E+02   -0.843275511231544606E+01    1
    0.241988913607317713E+02    0.207281772600688541E+02   -0.149330592824677399E+02   -0.843375511231545083E+01    1
    0.232067135173266657E+02    0.158796846821662072E+02   -0.149322691646348016E+02   -0.843475511231547159E+01    1
    0.254394588950121658E+02    0.221885873747246158E+02   -0.149272023330006025E+02   -0.843575511231546216E+01    1
    0.258872759639296248E+02    0.232399249740778444E+02   -0.149248984692905449E+02   -0.843675511231548114E+01    1
    0.260305929591417389E+02    0.172118472360326606E+02   -0.149237658891841818E+02   -0.843775511231549658E+01    1
    0.245877454507839452E+02    0.213883610455249382E+02   -0.149218913259331654E+02   -0.843875511231545516E+01    1
    0.269856976952699483E+02    0.245273180015914676E+02   -0.149199496232740767E+02   -0.843975511231546882E+01    1
    0.267953510033252549E+02    0.242971984940619308E+02   -0.149133797624470894E+02   -0.844075511231549669E+01    1
    0.240679042478919953E+02    0.160388354460357547E+02   -0.149027589563903007E+02   -0.844175511231546771E+01    1
    0.258686322100180952E+02    0.229183515766725030E+02   -0.148990475522891810E+02   -0.844275511231547782E+01    1
    0.256287568805087318E+02    0.223710523363459899E+02   -0.148976200162536809E+02   -0.844375511231546305E+01    1
    0.244034512007089468E+02    0.195330350539389812E+02   -0.148950715222585028E+02   -0.844475511231545717E+01    1
    0.221637008139418548E+02    0.156419052798989533E+02   -0.148811379878379793E+02   -0.844575511231546372E+01    1
    0.244511637790842826E+02    0.203172759118138337E+02   -0.148758442208328212E+02   -0.844675511231545251E+01    1
    0.244548584304611651E+02    0.211240131867604930E+02   -0.148746222528394032E+02   -0.844775511231549103E+01    1
    0.252187023585020036E+02    0.183448813504333650E+02   -0.148676956698920950E+02   -0.844875511231547982E+01    1
    0.244528379173845458E+02    0.196137338479568903E+02   -0.148673319752497335E+02   -0.844975511231547927E+01    1
    0.255294594379567705E+02    0.220120582550701869E+02   -0.148650861780103654E+02   -0.845075511231551246E+01    1
    0.243794004949742309E+02    0.208411873694289831E+02   -0.148551343489957812E+02   -0.845175511231550303E+01    1
    0.251474610198245614E+02    0.162001725384651678E+02   -0.148475808895840800E+02   -0.845275511231545984E+01    1
    0.244176620875440484E+02    0.209254381999255656E+02   -0.148302906199172728E+02   -0.845375511231542021E+01    1
    0.246290120357710443E+02    0.193937194070465999E+02   -0.148226925814232313E+02   -0.845475511231544630E+01    1
    0.257039082352187691E+02    0.220933005543552028E+02   -0.148220523901984880E+02   -0.845575511231549193E+01    1
    0.249118808116409660E+02    0.213964315504680300E+02   -0.148139217735494153E+02   -0.845675511231546828E+01    1
    0.236495044433616108E+02    0.157406527928103195E+02   -0.148115945696731899E+02   -0.845775511231543575E+01    1
    0.246081274182801053E+02    0.201062324282095091E+02   -0.147953802679242763E+02   -0.845875511231547961E+01    1
    0.251866163009597237E+02    0.186279697570811749E+02   -0.147943801483300419E+02   -0.845975511231550570E+01    1
    0.261519379781651438E+02    0.227391323788066231E+02   -0.147912291710358268E+02   -0.846075511231550159E+01    1
    0.243985586514460024E+02    0.158829682303585074E+02   -0.147878830018090390E+02   -0.846175511231547794E+01    1
    0.247176227714793413E+02    0.204940338250848662E+02   -0.147868792403650104E+02   -0.846275511231545252E+01    1
    0.254865233467515537E+02    0.161526302727836892E+02   -0.147834507332751119E+02   -0.846375511231546795E+01    1
    0.247415979558621082E+02    0.211441033556009046E+02   -0.147830360445032767E+02   -0.846475511231544608E+01    1
    0.262308972894375891E+02    0.174504002260389370E+02   -0.147803060620256304E+02   -0.846575511231544908E+01    1
    0.260584339100849789E+02    0.224827750844416627E+02   -0.147755506154409453E+02   -0.846675511231549294E+01    1
    0.239458788681231098E+02    0.157347258797219034E+02   -0.147725605278400369E+02   -0.846775511231546929E+01    1
    0.247095587628295377E+02    0.202769356723147496E+02   -0.147722290434464192E+02   -0.846875511231547939E+01    1
    0.255243833295968621E+02    0.183190505363776097E+02   -0.147713641935507471E+02   -0.846975511231549838E+01    1
    0.247159484017730513E+02    0.206505378318314996E+02   -0.147658167067024415E+02   -0.847075511231544986E+01    1
    0.246897738275845597E+02    0.207216089407597188E+02   -0.147649794830108991E+02   -0.847175511231545642E+01    1
    0.242717034051638727E+02    0.157984416432341757E+02   -0.147631200352435847E+02   -0.847275511231545408E+01    1
    0.211848133163117254E+02    0.155200640066398101E+02   -0.147590543552020712E+02   -0.847375511231544820E+01    1
    0.221098343318133814E+02    0.155549575151461337E+02   -0.147517114656197972E+02   -0.847475511231544765E+01    1
    0.241521105871601414E+02    0.157350196805180449E+02   -0.147475314415368057E+02   -0.847575511231546486E+01    1
    0.236870297757456285E+02    0.156765654554288929E+02   -0.147429502050961840E+02   -0.847675511231545187E+01    1
    0.248376788516303222E+02    0.205176107430820522E+02   -0.147424099138359423E+02   -0.847775511231542289E+01    1
    0.218798279788118570E+02    0.155230086092358164E+02   -0.147149880950983416E+02   -0.847875511231546319E+01    1
    0.254107621765281095E+02    0.185729995762503570E+02   -0.147028186779301429E+02   -0.847975511231545731E+01    1
    0.246079948984941979E+02    0.157480713747302179E+02   -0.146981698359075601E+02   -0.848075511231541945E+01    1
    0.254508661016605728E+02    0.159638350729065728E+02   -0.146979999406843600E+02   -0.848175511231542956E+01    1
    0.248509426518179737E+02    0.209210407338907913E+02   -0.146822116651582544E+02   -0.848275511231542900E+01    1
    0.192273543966291740E+02    0.153789628362250745E+02   -0.146784153765813326E+02   -0.848375511231542312E+01    1
    0.249723979596454733E+02    0.207075367429383164E+02   -0.146700636888100888E+02   -0.848475511231547941E+01    1
    0.249182493395974731E+02    0.198657896089876544E+02   -0.146610666937349698E+02   -0.848575511231545399E+01    1
    0.262814761627142666E+02    0.160981848757101353E+02   -0.146606801585046771E+02   -0.848675511231540014E+01    1
    0.251366197026300924E+02    0.192023272745633733E+02   -0.146599647175008272E+02   -0.848775511231542801E+01    1
    0.252964720191451704E+02    0.158011164068978402E+02   -0.146395788346709477E+02   -0.848875511231543634E+01    1
    0.251178909530822558E+02    0.193473755270421393E+02   -0.146393396490852581E+02   -0.848975511231544999E+01    1
    0.252912924282350993E+02    0.191115756922789011E+02   -0.146272126711629795E+02   -0.849075511231547964E+01    1
    0.234515215423773888E+02    0.155713351649564018E+02   -0.146263609466734543E+02   -0.849175511231545599E+01    1
    0.251269681904096167E+02    0.206699259050691708E+02   -0.146223983106566724E+02   -0.849275511231543234E+01    1
    0.250808156391824006E+02    0.196496202330148577E+02   -0.146215564613029247E+02   -0.849375511231544778E+01    1
    0.263788944164404171E+02    0.220961331493501056E+02   -0.145997989886682866E+02   -0.849475511231545610E+01    1
    0.252498886684263795E+02    0.211177491391974996E+02   -0.145997833568985982E+02   -0.849575511231546265E+01    1
    0.255948260746944278E+02    0.157868047550471360E+02   -0.145965669450100535E+02   -0.849675511231545855E+01    1
    0.252523240161814790E+02    0.193267649808386253E+02   -0.145899560045906096E+02   -0.849775511231547753E+01    1
    0.251657541654577841E+02    0.201836009800033906E+02   -0.145881377822799827E+02   -0.849875511231546987E+01    1
    0.241147568596075246E+02    0.155927406880910624E+02   -0.145753247274486437E+02   -0.849975511231543379E+01    1
    0.257275559160021494E+02    0.214602286831458322E+02   -0.145716002144678516E+02   -0.850075511231547942E+01    1
    0.252391874221166397E+02    0.207716206906577092E+02   -0.145701285711640196E+02   -0.850175511231549130E+01    1
    0.259390047155454795E+02    0.158027212650960411E+02   -0.145623529233607236E+02   -0.850275511231546410E+01    1
    0.253331511683792527E+02    0.193223721400906534E+02   -0.145594599981259396E+02   -0.850375511231544046E+01    1
    0.246494475617462001E+02    0.156225640183049972E+02   -0.145515072019816625E+02   -0.850475511231543102E+01    1
    0.211528243088421206E+02    0.153918599021579841E+02   -0.145488912107695469E+02   -0.850575511231542691E+01    1
    0.263583219035692302E+02    0.158712975536695318E+02   -0.145439507531112877E+02   -0.850675511231545123E+01    1
    0.264152429137828868E+02    0.218770922949810149E+02   -0.145195676929370556E+02   -0.850775511231550574E+01    1
    0.220776794185602121E+02    0.154111799755795413E+02   -0.145159656703132676E+02   -0.850875511231548920E+01    1
    0.244561485342438978E+02    0.155794384645361870E+02   -0.145156958592171037E+02   -0.850975511231547621E+01    1
    0.201302857006340545E+02    0.153268738316855995E+02   -0.145125871430562707E+02   -0.851075511231544368E+01    1
    0.271464152120410809E+02    0.229923278330906484E+02   -0.145095366961215557E+02   -0.851175511231539694E+01    1
    0.254442713726537413E+02    0.207564706321514301E+02   -0.145023629096074362E+02   -0.851275511231545146E+01    1
    0.254248380138115024E+02    0.208454467849524008E+02   -0.144967887327552827E+02   -0.851375511231548110E+01    1
    0.245414327922128415E+02    0.155357391711536330E+02   -0.144454941756864095E+02   -0.851475511231545568E+01    1
    0.223325032059992452E+02    0.153775030222442961E+02   -0.144425572053481392E+02   -0.851575511231545335E+01    1
    0.232294226326057967E+02    0.154137350264774966E+02   -0.144368614149463319E+02   -0.851675511231543680E+01    1
    0.256990030394047082E+02    0.206186634779846578E+02   -0.144247135567714242E+02   -0.851775511231547533E+01    1
    0.265291121474696538E+02    0.217015944800376879E+02   -0.144094183689273585E+02   -0.851875511231552274E+01    1
    0.191986001864522962E+02    0.152123366016170678E+02   -0.143920367822252615E+02   -0.851975511231549731E+01    1
    0.256572578093360875E+02    0.197727543511210264E+02   -0.143883082512324538E+02   -0.852075511231547722E+01    1
    0.258895848785175495E+02    0.211034753680185752E+02   -0.143773387751408848E+02   -0.852175511231549976E+01    1
    0.268822744888843346E+02    0.218702049582597233E+02   -0.143640120821543462E+02   -0.852275511231549032E+01    1
    0.263177224971661765E+02    0.156280057025854067E+02   -0.143575116577729389E+02   -0.852375511231546490E+01    1
    0.232886315649642164E+02    0.153654499449570245E+02   -0.143555843138971202E+02   -0.852475511231546434E+01    1
    0.280186207406428842E+02    0.173957845743439243E+02   -0.143519002313903155E+02   -0.852575511231547978E+01    1
    0.259089130000074874E+02    0.207958555708698896E+02   -0.143393871555235979E+02   -0.852675511231545613E+01    1
    0.251844640416390817E+02    0.155031915727801781E+02   -0.143235790472685345E+02   -0.852775511231542716E+01    1
    0.269634711438297288E+02    0.217935067624132195E+02   -0.143058545610097720E+02   -0.852875511231544614E+01    1
    0.270697600843444768E+02    0.181715850670837753E+02   -0.142979811182251666E+02   -0.852975511231544381E+01    1
    0.251709003741591957E+02    0.154781631162654172E+02   -0.142911136312753833E+02   -0.853075511231544148E+01    1
    0.258275996486780848E+02    0.155339563604080322E+02   -0.142882323877491970E+02   -0.853175511231546935E+01    1
    0.215714839431780945E+02    0.152468854879522802E+02   -0.142817702650735523E+02   -0.853275511231551143E+01    1
    0.262054264014759823E+02    0.190081269117995824E+02   -0.142723341916960464E+02   -0.853375511231549133E+01    1
    0.237370091705563162E+02    0.153210312174915764E+02   -0.142493654047655056E+02   -0.853475511231548367E+01    1
    0.231562537008513658E+02    0.152929067121759026E+02   -0.142461532183016999E+02   -0.853575511231551154E+01    1
    0.269867503501645629E+02    0.183459104079579589E+02   -0.142369185274108236E+02   -0.853675511231546480E+01    1
    0.225705989628935164E+02    0.152546799782557265E+02   -0.142246621171344199E+02   -0.853775511231545359E+01    1
    0.206068398933399131E+02    0.151713517845671682E+02   -0.142246494640686443E+02   -0.853875511231546014E+01    1
    0.260623252808392856E+02    0.198987698270261291E+02   -0.142214208593439331E+02   -0.853975511231547202E+01    1
    0.266074663227153678E+02    0.212862147119921801E+02   -0.142123324002469822E+02   -0.854075511231548568E+01    1
    0.247122498122819927E+02    0.153769221486549519E+02   -0.142084646169457098E+02   -0.854175511231543183E+01    1
    0.232736595683027190E+02    0.152698013012007863E+02   -0.142002527661880578E+02   -0.854275511231546147E+01    1
    0.276807371591693645E+02    0.220049343737234295E+02   -0.141893834028728456E+02   -0.854375511231551599E+01    1
    0.263497420500183281E+02    0.207371211479114166E+02   -0.141887008754068713E+02   -0.854475511231546747E+01    1
    0.263233943131099295E+02    0.208979663939330536E+02   -0.141857233438648134E+02   -0.854575511231540652E+01    1
    0.210818611487961078E+02    0.151580111092960124E+02   -0.141703520287985150E+02   -0.854675511231542195E+01    1
    0.265560927348195470E+02    0.211289337343614569E+02   -0.141642916783075776E+02   -0.854775511231546226E+01    1
    0.220364569807082908E+02    0.151794660964294543E+02   -0.141393554130530834E+02   -0.854875511231547769E+01    1
    0.201773575583510549E+02    0.151007001651093216E+02   -0.141389461421697860E+02   -0.854975511231548602E+01    1
    0.263754056959438081E+02    0.202185483906133214E+02   -0.141315094121951379E+02   -0.855075511231549790E+01    1
    0.281485589746961047E+02    0.222556188401479709E+02   -0.141186007133752014E+02   -0.855175511231545826E+01    1
    0.256804533378047530E+02    0.153882083534975589E+02   -0.141080682816490803E+02   -0.855275511231544350E+01    1
    0.212292625359405100E+02    0.151246942610527384E+02   -0.141060739367610868E+02   -0.855375511231545538E+01    1
    0.265719593174394042E+02    0.209070020773604597E+02   -0.141010210117631001E+02   -0.855475511231541752E+01    1
    0.272120551115858369E+02    0.214731343978133005E+02   -0.140934581456806090E+02   -0.855575511231545960E+01    1
    0.264830403916464689E+02    0.196550356283529588E+02   -0.140880298913116437E+02   -0.855675511231548747E+01    1
    0.274089300159856748E+02    0.183573958347918946E+02   -0.140812728685517516E+02   -0.855775511231547270E+01    1
    0.238731595567582744E+02    0.152180272317445393E+02   -0.140742974345991883E+02   -0.855875511231544550E+01    1
    0.270586718032140894E+02    0.186615406367540508E+02   -0.140487762093028259E+02   -0.855975511231542185E+01    1
    0.189429195194217499E+02    0.149893941081771978E+02   -0.140424447144131381E+02   -0.856075511231548170E+01    1
    0.198894045936584902E+02    0.150250561178231141E+02   -0.140357672043653015E+02   -0.856175511231547226E+01    1
    0.223805517823957523E+02    0.151122902439943321E+02   -0.140064336379507619E+02   -0.856275511231544328E+01    1
    0.216305658571222885E+02    0.150674571687230063E+02   -0.139858161274768307E+02   -0.856375511231543207E+01    1
    0.236241574579941549E+02    0.151475902380137146E+02   -0.139774391173649857E+02   -0.856475511231545283E+01    1
    0.269465841338292158E+02    0.209152866250729161E+02   -0.139745656241700651E+02   -0.856575511231550735E+01    1
    0.268160121487449601E+02    0.199600854945983741E+02   -0.139423597791997658E+02   -0.856675511231550502E+01    1
    0.270293337960454458E+02    0.198111174397023326E+02   -0.138670254306911520E+02   -0.856775511231547959E+01    1
    0.214115624662482951E+02    0.149699068507771358E+02   -0.138433628165205018E+02   -0.856875511231544351E+01    1
    0.233521371507276427E+02    0.150491534322340659E+02   -0.138374162670684484E+02   -0.856975511231546250E+01    1
    0.214638458300799009E+02    0.149418799793448152E+02   -0.137947613327664218E+02   -0.857075511231550458E+01    1
    0.236125521065227737E+02    0.150195039467458358E+02   -0.137718543722282121E+02   -0.857175511231551646E+01    1
    0.264679804722313463E+02    0.151596755180105909E+02   -0.137079566360841660E+02   -0.857275511231548926E+01    1
    0.226838343068040658E+02    0.149184528304369657E+02   -0.136736189207968728E+02   -0.857375511231546561E+01    1
    0.208381523709728995E+02    0.148054158631060453E+02   -0.136183477518958842E+02   -0.857475511231545795E+01    1
    0.256406651495351134E+02    0.149951625677659770E+02   -0.135861923046738422E+02   -0.857575511231545384E+01    1
    0.239333639625715868E+02    0.148915886885803914E+02   -0.135454378709410470E+02   -0.857675511231547993E+01    1
    0.237320205530077502E+02    0.148706205812581693E+02   -0.135257837070378493E+02   -0.857775511231546695E+01    1
    0.230607827263914196E+02    0.148292246376116932E+02   -0.135056359906258354E+02   -0.857875511231545573E+01    1
    0.207824425667924899E+02    0.147169207258233090E+02   -0.134811903106778477E+02   -0.857975511231545518E+01    1
    0.230594468862291322E+02    0.148056205406733525E+02   -0.134682374115622903E+02   -0.858075511231544752E+01    1
    0.197125376294608046E+02    0.146620608467404168E+02   -0.134633109929305856E+02   -0.858175511231544519E+01    1
    0.222771420192472576E+02    0.147645540532069077E+02   -0.134561948274157750E+02   -0.858275511231543398E+01    1
    0.249006661550821988E+02    0.148728710768222445E+02   -0.134499270677065255E+02   -0.858375511231543342E+01    1
    0.199627331592714903E+02    0.146580645164607422E+02   -0.134380376456832700E+02   -0.858475511231542399E+01    1
    0.236267566838179697E+02    0.148104304635050568E+02   -0.134373587172687294E+02   -0.858575511231542521E+01    1
    0.197141162681464550E+02    0.146480234656101782E+02   -0.134330207106519008E+02   -0.858675511231541755E+01    1
    0.217928230654544386E+02    0.147262335551357584E+02   -0.134282964891800578E+02   -0.858775511231541167E+01    1
    0.274171423665886103E+02    0.150366782553480149E+02   -0.134270639882589240E+02   -0.858875511231545552E+01    1
    0.200970089803131806E+02    0.146534971211782850E+02   -0.134192795298030649E+02   -0.858975511231547983E+01    1
    0.256313538833957466E+02    0.148802183261185128E+02   -0.134120145526199472E+02   -0.859075511231544020E+01    1
    0.214163678558392157E+02    0.146977993337749222E+02   -0.134086179408135440E+02   -0.859175511231540412E+01    1
    0.228252350111379698E+02    0.147577021561624377E+02   -0.134081599314344366E+02   -0.859275511231539113E+01    1
    0.243431294043255946E+02    0.147781565325511242E+02   -0.133377855786223360E+02   -0.859375511231544920E+01    1
    0.252927806971789586E+02    0.148082348314194050E+02   -0.133211133135394544E+02   -0.859475511231550016E+01    1
    0.231875052060907478E+02    0.147079595228683893E+02   -0.133050443742658295E+02   -0.859575511231549960E+01    1
    0.229924169570159833E+02    0.146971600370524378E+02   -0.133011785037552297E+02   -0.859675511231549372E+01    1
    0.194019668588654710E+02    0.145497066393429240E+02   -0.132432100309314578E+02   -0.859775511231548606E+01    1
    0.258739297056223840E+02    0.147549607326053938E+02   -0.131980706228567328E+02   -0.859875511231549794E+01    1
    0.235659176872251983E+02    0.145983148875134550E+02   -0.130566383093817802E+02   -0.859975511231550271E+01    1
    0.234248189817846466E+02    0.145753305266396485E+02   -0.130129896714369728E+02   -0.860075511231548973E+01    1
    0.218972894037439332E+02    0.145302287807196056E+02   -0.130108813852973313E+02   -0.860175511231547141E+01    1
    0.221784365513702184E+02    0.145312513148577072E+02   -0.129944831983931710E+02   -0.860275511231548151E+01    1
    0.220021081071165661E+02    0.145193135243552423E+02   -0.129787254299063939E+02   -0.860375511231549339E+01    1
    0.217420532986263950E+02    0.145075876823957390E+02   -0.129690431677557534E+02   -0.860475511231549639E+01    1
    0.227308517196256226E+02    0.145320008753138303E+02   -0.129593935771352609E+02   -0.860575511231550294E+01    1
    0.220720207060485620E+02    0.145110243966386765E+02   -0.129549780789330011E+02   -0.860675511231545620E+01    1
    0.214354930690757044E+02    0.144851676480934763E+02   -0.129425505974191779E+02   -0.860775511231547341E+01    1
    0.243269619856804589E+02    0.145555842441692604E+02   -0.129074410390883276E+02   -0.860875511231545332E+01    1
    0.245255322829519287E+02    0.145560953273121640E+02   -0.128954202572212200E+02   -0.860975511231538349E+01    1
    0.207616792437879951E+02    0.143979912100936165E+02   -0.128162400041158211E+02   -0.861075511231541491E+01    1
    0.239077215179152880E+02    0.144938407845107093E+02   -0.127936993211609931E+02   -0.861175511231548185E+01    1
    0.200989904963766435E+02    0.143575544066628247E+02   -0.127911275700110352E+02   -0.861275511231545110E+01    1
    0.250057525163521248E+02    0.145170552387862521E+02   -0.127741528088309675E+02   -0.861375511231542745E+01    1
    0.244822354277171428E+02    0.144739245685123148E+02   -0.127102709190352652E+02   -0.861475511231544466E+01    1
    0.233171166741370826E+02    0.144268699538442107E+02   -0.126798547625106242E+02   -0.861575511231546898E+01    1
    0.232186574382716771E+02    0.144163080391438871E+02   -0.126622975710238599E+02   -0.861675511231547375E+01    1
    0.245937036604376118E+02    0.144356053648490938E+02   -0.126157440647485615E+02   -0.861775511231543057E+01    1
    0.220102195859056025E+02    0.143237686217116060E+02   -0.125316262226239878E+02   -0.861875511231547264E+01    1
    0.234795782056612126E+02    0.143525737089986851E+02   -0.125006382243353507E+02   -0.861975511231550584E+01    1
    0.228394084223193836E+02    0.142946755562327272E+02   -0.124117837385837628E+02   -0.862075511231551239E+01    1
    0.244046706319262263E+02    0.143302848011811790E+02   -0.123900136698585559E+02   -0.862175511231547453E+01    1
    0.233044494392466284E+02    0.142967513040530179E+02   -0.123861736080024460E+02   -0.862275511231545444E+01    1
    0.249132959227618116E+02    0.143263224017431323E+02   -0.123480248111100508E+02   -0.862375511231543079E+01    1
    0.263922192486557634E+02    0.143714575545500534E+02   -0.123448379476035193E+02   -0.862475511231538405E+01    1
    0.239831522095879741E+02    0.142955300705056736E+02   -0.123392983093354225E+02   -0.862575511231544390E+01    1
    0.231995946412089857E+02    0.142536817266071996E+02   -0.122962627174072487E+02   -0.862675511231550374E+01    1
    0.215714068844712976E+02    0.141876567085809704E+02   -0.122538777132654122E+02   -0.862775511231545167E+01    1
    0.223273039175865620E+02    0.142084196075588114E+02   -0.122514087165198831E+02   -0.862875511231539960E+01    1
    0.265649948692172266E+02    0.142719597372816871E+02   -0.121029292470027308E+02   -0.862975511231545589E+01    1
    0.242398432428096768E+02    0.141850723682181101E+02   -0.120760311725712643E+02   -0.863075511231548553E+01    1
    0.262147634722884817E+02    0.142341420844299797E+02   -0.120431049355645854E+02   -0.863175511231542103E+01    1
    0.234876780559574065E+02    0.141100174097934747E+02   -0.119579540391465464E+02   -0.863275511231541692E+01    1
    0.212909320306684151E+02    0.140388829650205302E+02   -0.119516995313255556E+02   -0.863375511231546433E+01    1
    0.247465834220204428E+02    0.141295286699936753E+02   -0.119159919042102604E+02   -0.863475511231545845E+01    1
    0.230534411210612546E+02    0.140549562590506802E+02   -0.118642208002300897E+02   -0.863575511231544191E+01    1
    0.231892153958020621E+02    0.140480918541880300E+02   -0.118404787554540381E+02   -0.863675511231543958E+01    1
    0.256023384342156461E+02    0.141022356296935012E+02   -0.117899320015662870E+02   -0.863775511231546211E+01    1
    0.232033367842562512E+02    0.140117379318935740E+02   -0.117597848809812362E+02   -0.863875511231550242E+01    1
    0.188720153748838975E+02    0.138338031241085595E+02   -0.117543627138310072E+02   -0.863975511231546101E+01    1
    0.239743987261690208E+02    0.140265392314986812E+02   -0.117411315188523613E+02   -0.864075511231544802E+01    1
    0.238077682722421606E+02    0.140059621495218671E+02   -0.117072747219885951E+02   -0.864175511231548121E+01    1
    0.208753705660948299E+02    0.138642898015788134E+02   -0.116122508026903812E+02   -0.864275511231547888E+01    1
    0.249574165012415783E+02    0.139819189298624842E+02   -0.115677981018394149E+02   -0.864375511231549254E+01    1
    0.237555752247567398E+02    0.139411556707751689E+02   -0.115658754971313691E+02   -0.864475511231547245E+01    1
    0.221555121637411858E+02    0.138911490805249098E+02   -0.115628179853128916E+02   -0.864575511231542393E+01    1
    0.235541748014511718E+02    0.139301478644366021E+02   -0.115562206955287454E+02   -0.864675511231540739E+01    1
    0.240124054124575537E+02    0.139377271823758360E+02   -0.115391719206097072E+02   -0.864775511231545835E+01    1
    0.263597826769124346E+02    0.140017772156117122E+02   -0.115081950329297200E+02   -0.864875511231550398E+01    1
    0.225547349604717446E+02    0.138574850527671547E+02   -0.114648110957806946E+02   -0.864975511231544303E+01    1
    0.232855140354442618E+02    0.138475595213559011E+02   -0.113922492162148270E+02   -0.865075511231538741E+01    1
    0.277810445862855353E+02    0.139875774546302125E+02   -0.113725090131902089E+02   -0.865175511231541527E+01    1
    0.221902655917118850E+02    0.137945505722819899E+02   -0.113517753949344993E+02   -0.865275511231541650E+01    1
    0.247119672589207191E+02    0.138461572298206086E+02   -0.112843701280904671E+02   -0.865375511231540528E+01    1
    0.231540534531056750E+02    0.137857648764879990E+02   -0.112652503518251716E+02   -0.865475511231544736E+01    1
    0.248615429435351096E+02    0.138257021478836606E+02   -0.112283377727971221E+02   -0.865575511231548944E+01    1
    0.250855362950533447E+02    0.138303784500864282E+02   -0.112222614822610325E+02   -0.865675511231544625E+01    1
    0.262515890350445780E+02    0.138576206081254227E+02   -0.111970276074629300E+02   -0.865775511231543682E+01    1
    0.225689862219507233E+02    0.136842407009636293E+02   -0.110849603633056670E+02   -0.865875511231545758E+01    1
    0.213456685011277614E+02    0.136384700190461885E+02   -0.110781870724034004E+02   -0.865975511231547301E+01    1
    0.202927817649294937E+02    0.135831717867369726E+02   -0.110564723158757499E+02   -0.866075511231548489E+01    1
    0.206275840611553960E+02    0.135506720664699021E+02   -0.109437565226375746E+02   -0.866175511231545592E+01    1
    0.229957838528237097E+02    0.136240774175300743E+02   -0.109230036029541377E+02   -0.866275511231546780E+01    1
    0.227604961129505838E+02    0.135994184224325245E+02   -0.108744781126312038E+02   -0.866375511231547790E+01    1
    0.197312454501131711E+02    0.134805998728364234E+02   -0.108645534970895632E+02   -0.866475511231548268E+01    1
    0.260811391684198455E+02    0.136895562711171870E+02   -0.108429292128938535E+02   -0.866575511231551232E+01    1
    0.256134466084821213E+02    0.136721419291896620E+02   -0.108388507472696052E+02   -0.866675511231547446E+01    1
    0.248109991819127700E+02    0.136287277967579090E+02   -0.108026207789260038E+02   -0.866775511231546858E+01    1
    0.242026743805262932E+02    0.136086056541468547E+02   -0.107966353253821570E+02   -0.866875511231546625E+01    1
    0.226085636757740573E+02    0.135632463141739805E+02   -0.107843595710119438E+02   -0.866975511231547280E+01    1
    0.241324241000476789E+02    0.135964982742848690E+02   -0.107679268728729198E+02   -0.867075511231552376E+01    1
    0.221696282658649082E+02    0.135284318222201438E+02   -0.107188668499504480E+02   -0.867175511231552143E+01    1
    0.258860971449787876E+02    0.136244774691389008E+02   -0.107165806565908106E+02   -0.867275511231548357E+01    1
    0.246597921710873500E+02    0.135876708436528109E+02   -0.107057081581631071E+02   -0.867375511231544749E+01    1
    0.214420715360491414E+02    0.134732864252359850E+02   -0.106760207688664437E+02   -0.867475511231548602E+01    1
    0.269433126184944314E+02    0.136123876054320956E+02   -0.106116573528615330E+02   -0.867575511231544994E+01    1
    0.194916074382233475E+02    0.133629873568734023E+02   -0.106064829004657426E+02   -0.867675511231545826E+01    1
    0.236536320497373538E+02    0.135167172432938241E+02   -0.105808559570198621E+02   -0.867775511231549679E+01    1
    0.230635341041626312E+02    0.134984388361968133E+02   -0.105722534467781610E+02   -0.867875511231548913E+01    1
    0.253269435632157993E+02    0.135540792529030352E+02   -0.105653280579355329E+02   -0.867975511231546371E+01    1
    0.236612728839978352E+02    0.135079601121867370E+02   -0.105561606853700596E+02   -0.868075511231546848E+01    1
    0.239326935210684866E+02    0.135035486336516843E+02   -0.105248018852119554E+02   -0.868175511231549280E+01    1
    0.253445745511660085E+02    0.135380771969859328E+02   -0.105199987461524334E+02   -0.868275511231546382E+01    1
    0.225224183611829680E+02    0.134555114855644256E+02   -0.104923372304480775E+02   -0.868375511231548636E+01    1
    0.232281656295014614E+02    0.134501666099999877E+02   -0.104279238919529007E+02   -0.868475511231544317E+01    1
    0.215109561059045298E+02    0.133697120517626029E+02   -0.104230940341760814E+02   -0.868575511231539288E+01    1
    0.238763253305068446E+02    0.134625309957704626E+02   -0.104161806742085368E+02   -0.868675511231541186E+01    1
    0.248839065685327867E+02    0.134157412690118996E+02   -0.102181783867473879E+02   -0.868775511231542552E+01    1
    0.243951239411630389E+02    0.133943524682855024E+02   -0.101942510740384904E+02   -0.868875511231545516E+01    1
    0.188470832877953072E+02    0.131530153494091344E+02   -0.101905135000571683E+02   -0.868975511231545106E+01    1
    0.245489709671825374E+02    0.133902984215628127E+02   -0.101725822074280536E+02   -0.869075511231546116E+01    1
    0.223470876784553134E+02    0.132957978583847858E+02   -0.101355735199448240E+02   -0.869175511231545705E+01    1
    0.214854452635233315E+02    0.132381410032406706E+02   -0.101172035819366855E+02   -0.869275511231542097E+01    1
    0.249529583823899905E+02    0.133770989792745869E+02   -0.101089070303391537E+02   -0.869375511231542930E+01    1
    0.242764795687345796E+02    0.133513981488298974E+02   -0.100864850803083765E+02   -0.869475511231548026E+01    1
    0.204914673843601562E+02    0.131721865630202899E+02   -0.100600857806141075E+02   -0.869575511231549747E+01    1
    0.243369699854604100E+02    0.133262211391096717E+02   -0.100146255730748042E+02   -0.869675511231548981E+01    1
    0.208091368667199461E+02    0.131495288724444848E+02   -0.997705448534871131E+01   -0.869775511231547327E+01    1
    0.245910618753120289E+02    0.133087118137156004E+02   -0.995023176778594021E+01   -0.869875511231546916E+01    1
    0.201065147612449238E+02    0.131082157350175681E+02   -0.994918809912730673E+01   -0.869975511231549881E+01    1
    0.241784377737703480E+02    0.132911307113595090E+02   -0.993157282729372959E+01   -0.870075511231550003E+01    1
    0.218521894452776451E+02    0.131745886724845391E+02   -0.992244833222224010E+01   -0.870175511231549770E+01    1
    0.233358479671415395E+02    0.132439027915467804E+02   -0.988074218582586994E+01   -0.870275511231543497E+01    1
    0.221687500895807794E+02    0.131508121462910506E+02   -0.982497100026117032E+01   -0.870375511231541310E+01    1
    0.210922765683706359E+02    0.130935933954765922E+02   -0.982129172665445971E+01   -0.870475511231545340E+01    1
    0.227670334044790117E+02    0.131840387585905194E+02   -0.982030903568599634E+01   -0.870575511231549015E+01    1
    0.234618257146870448E+02    0.132220115953707626E+02   -0.981349138685117772E+01   -0.870675511231545052E+01    1
    0.244733250260085562E+02    0.132405221216098123E+02   -0.977673078673654850E+01   -0.870775511231542332E+01    1
    0.175876501253904394E+02    0.128158382665766410E+02   -0.977173843494220051E+01   -0.870875511231549382E+01    1
    0.272281718221192826E+02    0.132889225528284420E+02   -0.971751303857017845E+01   -0.870975511231548616E+01    1
    0.240527032271528007E+02    0.132002622434568782E+02   -0.969882394406811521E+01   -0.871075511231546962E+01    1
    0.282502819490450463E+02    0.132894435502724946E+02   -0.966037058156934769E+01   -0.871175511231549926E+01    1
    0.238304490568406955E+02    0.131554541718929769E+02   -0.961238982744051818E+01   -0.871275511231545963E+01    1
    0.226656710448851619E+02    0.130656627706731161E+02   -0.956454640222000130E+01   -0.871375511231546795E+01    1
    0.227730985350178088E+02    0.130612141074369781E+02   -0.954019841277881042E+01   -0.871475511231546562E+01    1
    0.236937220591840969E+02    0.131134955138419738E+02   -0.953573430379682918E+01   -0.871575511231546329E+01    1
    0.223019812253998353E+02    0.129648663499426462E+02   -0.938604616637675804E+01   -0.871675511231545741E+01    1
    0.240998144884946264E+02    0.130695188404767269E+02   -0.938311934254829616E+01   -0.871775511231542666E+01    1
    0.242063667239745257E+02    0.130662081029113182E+02   -0.936166798729717620E+01   -0.871875511231542255E+01    1
    0.247636640792048297E+02    0.130841333432124216E+02   -0.934738605849658910E+01   -0.871975511231539180E+01    1
    0.221752457748398406E+02    0.129381803019703181E+02   -0.934308317535189481E+01   -0.872075511231542855E+01    1
    0.255846937331358504E+02    0.131025018692391679E+02   -0.934032830314054685E+01   -0.872175511231544220E+01    1
    0.231488011033393306E+02    0.129916795557074600E+02   -0.933442110114790680E+01   -0.872275511231540790E+01    1
    0.218304242914471196E+02    0.129106392063331139E+02   -0.932697153705732518E+01   -0.872375511231544287E+01    1
    0.238890678114181938E+02    0.130305655084593770E+02   -0.932383611658841005E+01   -0.872475511231547607E+01    1
    0.248020391191946175E+02    0.130519105816503149E+02   -0.926156996626969686E+01   -0.872575511231541334E+01    1
    0.212714146966657580E+02    0.128128436687366847E+02   -0.917239775886071484E+01   -0.872675511231538792E+01    1
    0.226727353202727642E+02    0.128815769797851996E+02   -0.915221526997954982E+01   -0.872775511231542467E+01    1
    0.217226041991084742E+02    0.128216652423513597E+02   -0.914357077663651552E+01   -0.872875511231543655E+01    1
    0.217469419327434679E+02    0.128094214550651646E+02   -0.911338761688319465E+01   -0.872975511231547863E+01    1
    0.240835999176807434E+02    0.129320579107036320E+02   -0.908016866799000688E+01   -0.873075511231549051E+01    1
    0.225472133753492123E+02    0.128393389727137510E+02   -0.907539862398005148E+01   -0.873175511231547219E+01    1
    0.226820635843803409E+02    0.128426877358387532E+02   -0.906528337474471257E+01   -0.873275511231547164E+01    1
    0.281533315395460519E+02    0.130543927348970232E+02   -0.905663673101841304E+01   -0.873375511231542490E+01    1
    0.225498371648971698E+02    0.128308169430931667E+02   -0.905631959725817559E+01   -0.873475511231540303E+01    1
    0.231101599416362440E+02    0.128600858352180083E+02   -0.904806860990460216E+01   -0.873575511231544866E+01    1
    0.209414180888679162E+02    0.127293061732348907E+02   -0.901864768266489492E+01   -0.873675511231547652E+01    1
    0.245226197326365813E+02    0.129196675451368623E+02   -0.899615993032349159E+01   -0.873775511231545465E+01    1
    0.246498796577905175E+02    0.129177928676002676E+02   -0.897563860891016496E+01   -0.873875511231548963E+01    1
    0.217349308835122983E+02    0.127421197547901421E+02   -0.896716856321878275E+01   -0.873975511231547131E+01    1
    0.213566532764568215E+02    0.127056608165940492E+02   -0.892912885200671980E+01   -0.874075511231542635E+01    1
    0.223037391008656769E+02    0.127202612125240719E+02   -0.884648907038271659E+01   -0.874175511231542757E+01    1
    0.242086552096120755E+02    0.128171639749595236E+02   -0.881314940799926738E+01   -0.874275511231542346E+01    1
    0.206794051522555051E+02    0.125856876456661766E+02   -0.879585253894155805E+01   -0.874375511231539981E+01    1
    0.247499163525561308E+02    0.128113993205050321E+02   -0.873171389174072132E+01   -0.874475511231539038E+01    1
    0.231486855856306484E+02    0.126798248563728730E+02   -0.865166188774266232E+01   -0.874575511231547154E+01    1
    0.271311794437088416E+02    0.128544944162202235E+02   -0.861052340688184970E+01   -0.874675511231549940E+01    1
    0.203425064239722175E+02    0.124053584773356658E+02   -0.858000867840138248E+01   -0.874775511231545977E+01    1
    0.211422501679551225E+02    0.124850310784836775E+02   -0.856191725913485868E+01   -0.874875511231545921E+01    1
    0.210502243879073774E+02    0.124371605450778198E+02   -0.850677635840811774E+01   -0.874975511231547820E+01    1
    0.227169533629038121E+02    0.125811922239849405E+02   -0.849527894024878272E+01   -0.875075511231543857E+01    1
    0.212846334474179955E+02    0.124364097309179780E+02   -0.846596931840947597E+01   -0.875175511231539005E+01    1
    0.225599413851208084E+02    0.125347426790655447E+02   -0.842682133146570322E+01   -0.875275511231541969E+01    1
    0.233393771649583108E+02    0.125841716220548552E+02   -0.842375280595385689E+01   -0.875375511231547421E+01    1
    0.234391219802449129E+02    0.125814429482062433E+02   -0.840553655021537516E+01   -0.875475511231544168E+01    1
    0.224590944060058142E+02    0.124692130234341843E+02   -0.831999386847184930E+01   -0.875575511231542691E+01    1
    0.214452820352983764E+02    0.123533378203435333E+02   -0.831716552622807370E+01   -0.875675511231546899E+01    1
    0.279629292789123838E+02    0.127489298032973295E+02   -0.830524454485840380E+01   -0.875775511231547199E+01    1
    0.250198324990559051E+02    0.126197526418390868E+02   -0.828992294991159895E+01   -0.875875511231545012E+01    1
    0.249797235840322251E+02    0.126136861572782966E+02   -0.828214882942935837E+01   -0.875975511231544957E+01    1
    0.225733027287406109E+02    0.124517773472558471E+02   -0.827423752559559844E+01   -0.876075511231546145E+01    1
    0.228385381437803261E+02    0.124351821736012838E+02   -0.821151469262788858E+01   -0.876175511231549464E+01    1
    0.245236827237417181E+02    0.125450680241769827E+02   -0.820212830367987600E+01   -0.876275511231550297E+01    1
    0.202661491595411896E+02    0.121153964429976213E+02   -0.816835665180469839E+01   -0.876375511231546156E+01    1
    0.235008027756303655E+02    0.124550850273459393E+02   -0.816589993440332940E+01   -0.876475511231546101E+01    1
    0.198321597727292485E+02    0.120569592049247998E+02   -0.815596504843826509E+01   -0.876575511231543558E+01    1
    0.238114122976663189E+02    0.124580643997784684E+02   -0.813314156266020483E+01   -0.876675511231543503E+01    1
    0.248908239431015197E+02    0.125286756396455079E+02   -0.812756060350026566E+01   -0.876775511231543270E+01    1
    0.241125466772310730E+02    0.124472656990745616E+02   -0.807695195666352106E+01   -0.876875511231543392E+01    1
    0.240360349931078403E+02    0.124332652265467534E+02   -0.806126812176523622E+01   -0.876975511231545291E+01    1
    0.191611028834542907E+02    0.118906863331097110E+02   -0.805232934870581119E+01   -0.877075511231543814E+01    1
    0.218765275592601860E+02    0.122239235590823832E+02   -0.805117427165313160E+01   -0.877175511231544469E+01    1
    0.239119158124172984E+02    0.124188893835999927E+02   -0.805073375565527805E+01   -0.877275511231545480E+01    1
    0.235687698330384556E+02    0.123929535720003177E+02   -0.804627186585154419E+01   -0.877375511231546668E+01    1
    0.219701988104704036E+02    0.122322638187406323E+02   -0.804572636178368228E+01   -0.877475511231548744E+01    1
    0.215049365003231117E+02    0.121725379826329405E+02   -0.804570367673875531E+01   -0.877575511231545669E+01    1
    0.246110398162879420E+02    0.124355854727979924E+02   -0.799539488963396927E+01   -0.877675511231540995E+01    1
    0.256129944608442059E+02    0.125024610953377096E+02   -0.799262744557295424E+01   -0.877775511231539518E+01    1
    0.195726078916098345E+02    0.119010092935159193E+02   -0.798527249709063458E+01   -0.877875511231538397E+01    1
    0.293707365419831206E+02    0.126656540362473660E+02   -0.797556167688752815E+01   -0.877975511231544381E+01    1
    0.237984642408166849E+02    0.123474705817662791E+02   -0.793747847649591876E+01   -0.878075511231547523E+01    1
    0.210148768949696390E+02    0.120362829427610709E+02   -0.793145140590899533E+01   -0.878175511231546935E+01    1
    0.183450932621328882E+02    0.116739302654948176E+02   -0.793080451818354781E+01   -0.878275511231543149E+01    1
    0.256028328975191464E+02    0.124505323279067834E+02   -0.790176758806041146E+01   -0.878375511231536521E+01    1
    0.246970228062073325E+02    0.123862944477486074E+02   -0.789757239715212211E+01   -0.878475511231537531E+01    1
    0.261107625784033317E+02    0.124808850580105943E+02   -0.789409943475507259E+01   -0.878575511231538719E+01    1
    0.229226665807624670E+02    0.122414060221678280E+02   -0.788267780457781075E+01   -0.878675511231541684E+01    1
    0.267211249393128405E+02    0.125103709526602493E+02   -0.787255245219876976E+01   -0.878775511231548556E+01    1
    0.214215834112899515E+02    0.120398487183690364E+02   -0.787012341322032505E+01   -0.878875511231552053E+01    1
    0.203626755467403022E+02    0.119064604867963943E+02   -0.785349854772363631E+01   -0.878975511231545426E+01    1
    0.213341553212021218E+02    0.120079312291743285E+02   -0.783913749422579009E+01   -0.879075511231539153E+01    1
    0.233801420880528994E+02    0.122624339006243677E+02   -0.783772853687483995E+01   -0.879175511231544249E+01    1
    0.213031229555787220E+02    0.119940978220463563E+02   -0.782461302780263601E+01   -0.879275511231543483E+01    1
    0.223313694375452130E+02    0.121195360591191079E+02   -0.781859274484843514E+01   -0.879375511231537921E+01    1
    0.219170948104942767E+02    0.120654623942533554E+02   -0.781803915217528722E+01   -0.879475511231536977E+01    1
    0.260680610690211125E+02    0.124276522268535299E+02   -0.780543293072887145E+01   -0.879575511231549179E+01    1
    0.217083507207181903E+02    0.120261503460418115E+02   -0.780071869428008036E+01   -0.879675511231546103E+01    1
    0.233995130828481628E+02    0.122178911512411581E+02   -0.776208810396903992E+01   -0.879775511231543916E+01    1
    0.254771354497818088E+02    0.123584188583933869E+02   -0.775478396667421865E+01   -0.879875511231539953E+01    1
    0.229766459063454072E+02    0.121525353001219933E+02   -0.774722607350685966E+01   -0.879975511231539187E+01    1
    0.235048913274898119E+02    0.122080435786968557E+02   -0.772903234898834057E+01   -0.880075511231545882E+01    1
    0.227204635179904777E+02    0.121059589500740383E+02   -0.772841699352887446E+01   -0.880175511231553642E+01    1
    0.231531818280754145E+02    0.121383880811321117E+02   -0.769523869468730837E+01   -0.880275511231545416E+01    1
    0.214427713250422620E+02    0.119136660675181663E+02   -0.768882256682114207E+01   -0.880375511231539676E+01    1
    0.198326850458307682E+02    0.116876141313409452E+02   -0.766166324873122484E+01   -0.880475511231544239E+01    1
    0.233671567295971734E+02    0.121356053240985258E+02   -0.765253249178153983E+01   -0.880575511231546493E+01    1
    0.257732381709736806E+02    0.123168407546574095E+02   -0.764694798623071836E+01   -0.880675511231541464E+01    1
    0.235548286174173533E+02    0.121512317156192911E+02   -0.764038788349786913E+01   -0.880775511231541053E+01    1
    0.227066739899681806E+02    0.120320350717772726E+02   -0.762741593240376226E+01   -0.880875511231545616E+01    1
    0.244566091976963023E+02    0.122094598717785789E+02   -0.761662701281560039E+01   -0.880975511231544317E+01    1
    0.229478529950901269E+02    0.120457022884870373E+02   -0.760289858160517262E+01   -0.881075511231542663E+01    1
    0.198990948507961463E+02    0.116340286467655147E+02   -0.758127537048117972E+01   -0.881175511231544029E+01    1
    0.239745558529567866E+02    0.121380680392583375E+02   -0.755003341928303051E+01   -0.881275511231549125E+01    1
    0.237760511948182192E+02    0.121027930220721611E+02   -0.753309377926776147E+01   -0.881375511231547470E+01    1
    0.217726833872460439E+02    0.118414329748156320E+02   -0.753065040306909239E+01   -0.881475511231543685E+01    1
    0.235650392394210293E+02    0.120729129355586373E+02   -0.752957669863169787E+01   -0.881575511231540787E+01    1
    0.189991148769865639E+02    0.114184984483826604E+02   -0.752281795752122040E+01   -0.881675511231538067E+01    1
    0.234585540000675792E+02    0.120328130442254988E+02   -0.749316492044904248E+01   -0.881775511231542097E+01    1
    0.230229150074894378E+02    0.119640769474773290E+02   -0.747618771370531565E+01   -0.881875511231546483E+01    1
    0.212509462545484133E+02    0.117192642444429538E+02   -0.744926828283982978E+01   -0.881975511231542164E+01    1
    0.191811800877046466E+02    0.113661535749730618E+02   -0.744387099494176763E+01   -0.882075511231544951E+01    1
    0.216950090648941050E+02    0.117632714862036014E+02   -0.743655792164637397E+01   -0.882175511231548093E+01    1
    0.227181493550383884E+02    0.118951969035227236E+02   -0.743565761052172114E+01   -0.882275511231541998E+01    1
    0.230142358575050778E+02    0.119189884891158613E+02   -0.741559838254183834E+01   -0.882375511231541765E+01    1
    0.247606330607498997E+02    0.121056671242086065E+02   -0.740209632355267555E+01   -0.882475511231539933E+01    1
    0.251190747967031989E+02    0.121228885281070902E+02   -0.738969048741306445E+01   -0.882575511231543786E+01    1
    0.222198532550920582E+02    0.117841513829261491E+02   -0.737179337868292617E+01   -0.882675511231548171E+01    1
    0.240161967029657184E+02    0.119940717891293982E+02   -0.734049745838278778E+01   -0.882775511231543497E+01    1
    0.220247152533724062E+02    0.117230219176622033E+02   -0.732273387024561107E+01   -0.882875511231544330E+01    1
    0.227164623899095943E+02    0.118047600264007677E+02   -0.731194522075073472E+01   -0.882975511231542676E+01    1
    0.215533665722473415E+02    0.116426311025382123E+02   -0.729636961490692659E+01   -0.883075511231545107E+01    1
    0.209904977358691447E+02    0.115585327844897758E+02   -0.728190505207829553E+01   -0.883175511231553578E+01    1
    0.223340051514214863E+02    0.117326941457361773E+02   -0.728124942104521988E+01   -0.883275511231547128E+01    1
    0.203253474474470863E+02    0.113930582717736240E+02   -0.725272847759276296E+01   -0.883375511231547073E+01    1
    0.223214321568570817E+02    0.116840410958146492E+02   -0.721733132678206513E+01   -0.883475511231551991E+01    1
    0.201500499258444208E+02    0.112989811769468087E+02   -0.720648111511269285E+01   -0.883575511231545008E+01    1
    0.218606329003887154E+02    0.116106321214747190E+02   -0.719876629564489523E+01   -0.883675511231543709E+01    1
    0.227855348731843925E+02    0.117198751260846930E+02   -0.718440871875927112E+01   -0.883775511231550404E+01    1
    0.199193985314268218E+02    0.111903487001809800E+02   -0.715847350737294974E+01   -0.883875511231553013E+01    1
    0.218995433331931224E+02    0.115618006566182512E+02   -0.712599220212109330E+01   -0.883975511231543898E+01    1
    0.248378555745132488E+02    0.119418092330228198E+02   -0.712499568531853100E+01   -0.884075511231538691E+01    1
    0.205190876292126738E+02    0.112832573773240377E+02   -0.712447245403293383E+01   -0.884175511231547873E+01    1
    0.233554777507340496E+02    0.117451925881977033E+02   -0.711889527050885018E+01   -0.884275511231547640E+01    1
    0.220914813234321663E+02    0.115730174708395079E+02   -0.710760772786990636E+01   -0.884375511231546696E+01    1
    0.231262362313250840E+02    0.116908461905672176E+02   -0.708575351695099354E+01   -0.884475511231548239E+01    1
    0.225171970188529045E+02    0.115983611121203207E+02   -0.706754244250473640E+01   -0.884575511231540190E+01    1
    0.239516357498695491E+02    0.117751546426863776E+02   -0.705536385835592306E+01   -0.884675511231542977E+01    1
    0.241888152198430646E+02    0.117832678500923009E+02   -0.702507731641484678E+01   -0.884775511231551448E+01    1
    0.221870695937531188E+02    0.115187585063076003E+02   -0.701928925271410975E+01   -0.884875511231545175E+01    1
    0.208749233423133056E+02    0.112226882508220012E+02   -0.697001370092245764E+01   -0.884975511231545475E+01    1
    0.212581447608138845E+02    0.112937397583633032E+02   -0.695387562306486728E+01   -0.885075511231547907E+01    1
    0.221237673824055676E+02    0.114313016610587912E+02   -0.693438950153176581E+01   -0.885175511231541989E+01    1
    0.227885145955543962E+02    0.115310524904313638E+02   -0.693076733257446431E+01   -0.885275511231539269E+01    1
    0.249633769221021709E+02    0.117996281001881460E+02   -0.691318913640188182E+01   -0.885375511231544898E+01    1
    0.241906290032734290E+02    0.116911541067968887E+02   -0.690213079954820330E+01   -0.885475511231547685E+01    1
    0.272053303405637195E+02    0.119663291287488125E+02   -0.688796917814110277E+01   -0.885575511231539103E+01    1
    0.229107168009122475E+02    0.115019684670239872E+02   -0.687623916720645845E+01   -0.885675511231542423E+01    1
    0.236362262083584831E+02    0.115655653466843908E+02   -0.683108979039742170E+01   -0.885775511231544854E+01    1
    0.227950270564381832E+02    0.114385801148294775E+02   -0.682721951661861315E+01   -0.885875511231546042E+01    1
    0.227231754454744106E+02    0.114213095275992913E+02   -0.682077704853620048E+01   -0.885975511231547586E+01    1
    0.238983743078265363E+02    0.115867634301893023E+02   -0.681426568213857209E+01   -0.886075511231544155E+01    1
    0.213502264810537703E+02    0.111712493615053710E+02   -0.679824395603178111E+01   -0.886175511231542323E+01    1
    0.242799599162860993E+02    0.116202375159697144E+02   -0.679325523268770581E+01   -0.886275511231540847E+01    1
    0.229811848785037718E+02    0.114298504225195252E+02   -0.678603638717358937E+01   -0.886375511231540614E+01    1
    0.230229068960611833E+02    0.114325993561414077E+02   -0.678190409143783590E+01   -0.886475511231544822E+01    1
    0.235529428469813560E+02    0.115156360067408468E+02   -0.678137056342247035E+01   -0.886575511231548496E+01    1
    0.235497158337984054E+02    0.114937581471167753E+02   -0.675831676053172181E+01   -0.886675511231548086E+01    1
    0.215029557133405582E+02    0.111649866088600778E+02   -0.675457730116904465E+01   -0.886775511231542346E+01    1
    0.210362536727973826E+02    0.110604698725138348E+02   -0.675454330708158501E+01   -0.886875511231541047E+01    1
    0.228245151749507791E+02    0.113505056096183967E+02   -0.672713342983193030E+01   -0.886975511231545610E+01    1
    0.229991260605262369E+02    0.113758383428520915E+02   -0.672478412642061940E+01   -0.887075511231549285E+01    1
    0.253015865719578024E+02    0.116937373457284224E+02   -0.671608697517382858E+01   -0.887175511231546032E+01    1
    0.193198185171232453E+02    0.106335238069255293E+02   -0.670864363692039145E+01   -0.887275511231541358E+01    1
    0.226503257030399006E+02    0.112981765881896070E+02   -0.670040987946692557E+01   -0.887375511231541658E+01    1
    0.208257260842729011E+02    0.109501857782968184E+02   -0.668667099355458294E+01   -0.887475511231544445E+01    1
    0.219560361259591872E+02    0.111654303918143505E+02   -0.667539891206221103E+01   -0.887575511231548120E+01    1
    0.270468257503418421E+02    0.118246159882203354E+02   -0.667410422239405587E+01   -0.887675511231542025E+01    1
    0.247208106674967318E+02    0.115757026438459043E+02   -0.666031181127960892E+01   -0.887775511231545877E+01    1
    0.241694482005420994E+02    0.114971140613191238E+02   -0.665705702261774324E+01   -0.887875511231550263E+01    1
    0.239834228363028110E+02    0.114447032431898563E+02   -0.663238164136507358E+01   -0.887975511231545944E+01    1
    0.250589178552350518E+02    0.115969299553765826E+02   -0.663096176688295724E+01   -0.888075511231544290E+01    1
    0.237519012829608052E+02    0.114050609198128861E+02   -0.662901346372838951E+01   -0.888175511231547077E+01    1
    0.263716042690812316E+02    0.117482418522330807E+02   -0.662516055558858419E+01   -0.888275511231545956E+01    1
    0.245284491033934877E+02    0.115198664280203040E+02   -0.662093320093233917E+01   -0.888375511231542880E+01    1
    0.231486743236770067E+02    0.113013053466267994E+02   -0.661974288132814603E+01   -0.888475511231549753E+01    1
    0.225783426640550822E+02    0.112090421630708921E+02   -0.661720295060227848E+01   -0.888575511231548276E+01    1
    0.214391758053895956E+02    0.110131845988591515E+02   -0.660722765193984340E+01   -0.888675511231540227E+01    1
    0.265177322157158635E+02    0.117467142972765028E+02   -0.660659506885695613E+01   -0.888775511231536619E+01    1
    0.239581333051062124E+02    0.114075365599397074E+02   -0.659701173885062087E+01   -0.888875511231538340E+01    1
    0.234203740691645557E+02    0.113164587919836030E+02   -0.659027545434532325E+01   -0.888975511231545923E+01    1
    0.221434430727931826E+02    0.110860919716486332E+02   -0.655932158098570195E+01   -0.889075511231549065E+01    1
    0.248523096306843456E+02    0.115123541469177528E+02   -0.655864203889245179E+01   -0.889175511231546345E+01    1
    0.233098682688978904E+02    0.112646893227437186E+02   -0.655377749380108288E+01   -0.889275511231546467E+01    1
    0.246645897491054988E+02    0.114745038957005416E+02   -0.654987189351599852E+01   -0.889375511231546589E+01    1
    0.245426604420447809E+02    0.114519860855891267E+02   -0.654637002185723826E+01   -0.889475511231542804E+01    1
    0.224513852860142862E+02    0.111198985509258854E+02   -0.654370475751314462E+01   -0.889575511231540439E+01    1
    0.193576068991450718E+02    0.104770643623216646E+02   -0.653276699401577599E+01   -0.889675511231543581E+01    1
    0.207848484165587806E+02    0.107799839226605041E+02   -0.651518636338352319E+01   -0.889775511231544769E+01    1
    0.239128447680078366E+02    0.113212687148153073E+02   -0.651305662994721590E+01   -0.889875511231545424E+01    1
    0.204509841063506634E+02    0.106935142792123035E+02   -0.650279267277346840E+01   -0.889975511231545191E+01    1
    0.211767370533441479E+02    0.108470680054691062E+02   -0.649336327958373527E+01   -0.890075511231542116E+01    1
    0.232741395317133986E+02    0.112008320588614421E+02   -0.649215742176295940E+01   -0.890175511231542949E+01    1
    0.234787252204784345E+02    0.112311053440057833E+02   -0.649007968347848241E+01   -0.890275511231542183E+01    1
    0.205457945139916696E+02    0.107006711177099412E+02   -0.648793603473087721E+01   -0.890375511231542660E+01    1
    0.237475175704460888E+02    0.112560107477417422E+02   -0.647166941335272838E+01   -0.890475511231545447E+01    1
    0.190121885718079966E+02    0.103296657139903214E+02   -0.646931070981270029E+01   -0.890575511231548766E+01    1
    0.260350018554310196E+02    0.115942071132317022E+02   -0.646434432037295448E+01   -0.890675511231549422E+01    1
    0.194433184699377755E+02    0.104268975221289502E+02   -0.646304267329638549E+01   -0.890775511231541373E+01    1
    0.217653023883518912E+02    0.109309786584636637E+02   -0.645834821662834102E+01   -0.890875511231536699E+01    1
    0.250277264875560981E+02    0.114437933902605256E+02   -0.645695290850745174E+01   -0.890975511231545170E+01    1
    0.258472064655762850E+02    0.115571846084802434E+02   -0.644810089177976398E+01   -0.891075511231553286E+01    1
    0.246032835964747036E+02    0.113388523785521009E+02   -0.641696001766317980E+01   -0.891175511231544348E+01    1
    0.250595675732899288E+02    0.113929893817314856E+02   -0.639832644128970074E+01   -0.891275511231540740E+01    1
    0.205794266584261614E+02    0.106157569723958858E+02   -0.639075686908208240E+01   -0.891375511231540507E+01    1
    0.216204265059204310E+02    0.108413980805276893E+02   -0.638827039814081843E+01   -0.891475511231539386E+01    1
    0.263946216458659677E+02    0.115755739143733507E+02   -0.638105635753416855E+01   -0.891575511231539508E+01    1
    0.204639163250401808E+02    0.105619149401078936E+02   -0.636149173415186997E+01   -0.891675511231540519E+01    1
    0.229041394666659990E+02    0.110129449156001069E+02   -0.635611047434521748E+01   -0.891775511231548457E+01    1
    0.219552179298577208E+02    0.108619106543267350E+02   -0.635455533779238912E+01   -0.891875511231545381E+01    1
    0.255738109852738731E+02    0.114093240004096703E+02   -0.633071502525719687E+01   -0.891975511231540885E+01    1
    0.193788622375329140E+02    0.102575155538873783E+02   -0.631297589742187526E+01   -0.892075511231540830E+01    1
    0.219226198144376241E+02    0.108095375824457083E+02   -0.630533867647181978E+01   -0.892175511231547169E+01    1
    0.243997302669737550E+02    0.111815003051492301E+02   -0.628620387914679224E+01   -0.892275511231548002E+01    1
    0.236761796832673674E+02    0.110602024777157641E+02   -0.627865828459718678E+01   -0.892375511231547947E+01    1
    0.242094008405195140E+02    0.111433015700422349E+02   -0.627768963623879728E+01   -0.892475511231547358E+01    1
    0.228804252038133207E+02    0.109317881953897107E+02   -0.627553798644798455E+01   -0.892575511231542684E+01    1
    0.232366272168193539E+02    0.109742721506617151E+02   -0.626138576806579294E+01   -0.892675511231546714E+01    1
    0.213904688248203207E+02    0.106657153230545081E+02   -0.625370828154308800E+01   -0.892775511231547192E+01    1
    0.188465365546921397E+02    0.100664309259210878E+02   -0.625192961769663569E+01   -0.892875511231548025E+01    1
    0.234335270890999894E+02    0.109918138195637667E+02   -0.624741865436812649E+01   -0.892975511231548680E+01    1
    0.247477268649109803E+02    0.111974645019097654E+02   -0.624590786817883892E+01   -0.893075511231543828E+01    1
    0.223675542463288011E+02    0.108002290095504740E+02   -0.622302733735003422E+01   -0.893175511231544306E+01    1
    0.258293598973616731E+02    0.113329940846937305E+02   -0.620981880029767108E+01   -0.893275511231545494E+01    1
    0.238607849319512120E+02    0.110154906574807239E+02   -0.620232442077186796E+01   -0.893375511231548103E+01    1
    0.232225218855195408E+02    0.109109558281613488E+02   -0.619825468428194881E+01   -0.893475511231548047E+01    1
    0.227322200759425570E+02    0.108205353217438507E+02   -0.618470780647386764E+01   -0.893575511231546216E+01    1
    0.204351452280546404E+02    0.103624636681761899E+02   -0.616949374475072254E+01   -0.893675511231548647E+01    1
    0.258727121373335756E+02    0.112825919355085560E+02   -0.615091965089909110E+01   -0.893775511231545927E+01    1
    0.219446214376335718E+02    0.106621878724268804E+02   -0.614952508678984167E+01   -0.893875511231543385E+01    1
    0.241525364526330932E+02    0.110101020935113674E+02   -0.614948296607596401E+01   -0.893975511231541198E+01    1
    0.250601659859941641E+02    0.111488410925338162E+02   -0.614507180018623433E+01   -0.894075511231544517E+01    1
    0.209715548187176957E+02    0.104580011059547680E+02   -0.613756321763784829E+01   -0.894175511231551923E+01    1
    0.211556988833787365E+02    0.104934828561840945E+02   -0.613043516083144446E+01   -0.894275511231546005E+01    1
    0.215180068859193518E+02    0.105501696656205883E+02   -0.610543001303089738E+01   -0.894375511231545595E+01    1
    0.240247962085809732E+02    0.109417590628219266E+02   -0.610010066583205113E+01   -0.894475511231552467E+01    1
    0.223848763294418767E+02    0.106827137854187288E+02   -0.609948440935275915E+01   -0.894575511231551879E+01    1
    0.229754438229521440E+02    0.107689873196007468E+02   -0.609253974316001479E+01   -0.894675511231543474E+01    1
    0.242306396974646390E+02    0.109314460210194042E+02   -0.605900642554652524E+01   -0.894775511231541998E+01    1
    0.238547698780087565E+02    0.108443182564617899E+02   -0.603198030284136077E+01   -0.894875511231544785E+01    1
    0.216617386304202171E+02    0.104781739045021407E+02   -0.600864713700319797E+01   -0.894975511231542598E+01    1
    0.206032790102246324E+02    0.102039984389213334E+02   -0.599041642179368239E+01   -0.895075511231540411E+01    1
    0.228410544932737025E+02    0.106208090279625260E+02   -0.597016397431903290E+01   -0.895175511231536802E+01    1
    0.238944726463493211E+02    0.107774869361106553E+02   -0.596331166600799545E+01   -0.895275511231544208E+01    1
    0.247773384831912367E+02    0.108756623919744140E+02   -0.592655759857817710E+01   -0.895375511231546461E+01    1
    0.216357684354722402E+02    0.103337640314039927E+02   -0.590192966469540270E+01   -0.895475511231542143E+01    1
    0.206516382129067040E+02    0.100936375919663046E+02   -0.589789942073978413E+01   -0.895575511231543153E+01    1
    0.224149495163390426E+02    0.104728821364657563E+02   -0.589426588325485046E+01   -0.895675511231543986E+01    1
    0.202496771502788846E+02    0.998151885475282263E+01   -0.588686680934742768E+01   -0.895775511231541444E+01    1
    0.205873243127190229E+02    0.100442413892814990E+02   -0.587242093085075023E+01   -0.895875511231547073E+01    1
    0.210709029659821603E+02    0.101614632796725672E+02   -0.587237026540062068E+01   -0.895975511231553234E+01    1
    0.228267127968570271E+02    0.104986896944345087E+02   -0.585822761557868255E+01   -0.896075511231544475E+01    1
    0.231542354274180298E+02    0.105241286701253625E+02   -0.583451834107805389E+01   -0.896175511231540511E+01    1
    0.250579354800704444E+02    0.108163325360005516E+02   -0.583068001075339293E+01   -0.896275511231542410E+01    1
    0.217833806515133652E+02    0.102422830081813068E+02   -0.581096423663902328E+01   -0.896375511231542710E+01    1
    0.240494848394836822E+02    0.106372362848767139E+02   -0.581020400045116592E+01   -0.896475511231547273E+01    1
    0.226507792266618182E+02    0.104081618059503569E+02   -0.580953469138307810E+01   -0.896575511231542954E+01    1
    0.249610154345838247E+02    0.107646852846282073E+02   -0.579684690621357301E+01   -0.896675511231540412E+01    1
    0.228843726665215961E+02    0.104185708665498868E+02   -0.578404001134391077E+01   -0.896775511231541422E+01    1
    0.227975231699325533E+02    0.104023918920827469E+02   -0.578393468510119124E+01   -0.896875511231539413E+01    1
    0.253842591860918780E+02    0.108163302394186047E+02   -0.578369632822355850E+01   -0.896975511231540246E+01    1
    0.234296217790712547E+02    0.105045121860041828E+02   -0.577673581352267274E+01   -0.897075511231541434E+01    1
    0.229769817603236426E+02    0.104223072827801566E+02   -0.577364540908711454E+01   -0.897175511231541734E+01    1
    0.222598707893489198E+02    0.102516460533479066E+02   -0.574686348200145147E+01   -0.897275511231541856E+01    1
    0.246088744909257500E+02    0.106506044434655518E+02   -0.574222081667749773E+01   -0.897375511231543754E+01    1
    0.208749207384155149E+02    0.992478623542275962E+01   -0.573084183095582311E+01   -0.897475511231540679E+01    1
    0.232689012973977967E+02    0.104036705818179733E+02   -0.571740546937185101E+01   -0.897575511231537426E+01    1
    0.219462917348665698E+02    0.101456834601912504E+02   -0.571466246769432651E+01   -0.897675511231540746E+01    1
    0.231541436172391926E+02    0.103773661662569214E+02   -0.571345926157745154E+01   -0.897775511231547441E+01    1
    0.199372782706224285E+02    0.965572826967247266E+01   -0.569992670628942122E+01   -0.897875511231544365E+01    1
    0.230256547779384739E+02    0.103353162514946959E+02   -0.569931495419075418E+01   -0.897975511231541113E+01    1
    0.231958233691990579E+02    0.103595458912422895E+02   -0.569375526923010966E+01   -0.898075511231548873E+01    1
    0.217390388216699861E+02    0.100758475836208028E+02   -0.569357811338556541E+01   -0.898175511231545975E+01    1
    0.227936461906955756E+02    0.102810369218615971E+02   -0.569050385013217852E+01   -0.898275511231545032E+01    1
    0.253274813284797666E+02    0.107016700670669440E+02   -0.568646011747205371E+01   -0.898375511231547641E+01    1
    0.237000774610158267E+02    0.104309539049655218E+02   -0.567699608137052891E+01   -0.898475511231545632E+01    1
    0.220096652218149771E+02    0.100882770940717847E+02   -0.566276549241635863E+01   -0.898575511231541846E+01    1
    0.246524539386889252E+02    0.105458975172512890E+02   -0.564018427817087264E+01   -0.898675511231539303E+01    1
    0.242132233754149304E+02    0.104765668595419914E+02   -0.563931286891516947E+01   -0.898775511231541735E+01    1
    0.212157110638492554E+02    0.987875238983035331E+01   -0.563557433285102594E+01   -0.898875511231541502E+01    1
    0.229841480944310348E+02    0.102429669910574646E+02   -0.563415206444855077E+01   -0.898975511231542335E+01    1
    0.242430007408327022E+02    0.104719944909403715E+02   -0.563145333563842154E+01   -0.899075511231542102E+01    1
    0.220352335191648301E+02    0.100499917466503970E+02   -0.563074889900065134E+01   -0.899175511231544355E+01    1
    0.232028419107561028E+02    0.102779992436763052E+02   -0.563003555153669044E+01   -0.899275511231546432E+01    1
    0.234421779041604417E+02    0.103125158350817561E+02   -0.562260255267545173E+01   -0.899375511231545666E+01    1
    0.227919879392156481E+02    0.101691659635727731E+02   -0.560718093827988895E+01   -0.899475511231544367E+01    1
    0.243149181520094793E+02    0.104502397209294209E+02   -0.560461084460506598E+01   -0.899575511231543956E+01    1
    0.230371519889184917E+02    0.100964805046131065E+02   -0.551811160159023828E+01   -0.899675511231545677E+01    1
    0.247300547879108272E+02    0.104100744560251623E+02   -0.551557826392333705E+01   -0.899775511231544201E+01    1
    0.238062872990082290E+02    0.102362031540797229E+02   -0.551313129974529037E+01   -0.899875511231544323E+01    1
    0.231923728469874320E+02    0.101198535219388823E+02   -0.551254339518630143E+01   -0.899975511231544445E+01    1
    0.183510216431241062E+02    0.904194487377907130E+01   -0.550789391669494854E+01   -0.900075511231541903E+01    1
    0.273224738652408661E+02    0.107893925462345521E+02   -0.548565790168951217E+01   -0.900175511231543979E+01    1
    0.249648429898238398E+02    0.104057552597787577E+02   -0.547945482513733140E+01   -0.900275511231545700E+01    1
    0.253018636867667830E+02    0.104642790887397599E+02   -0.547663220787591598E+01   -0.900375511231546000E+01    1
    0.236804708742132881E+02    0.101514689274634460E+02   -0.546658810849291665E+01   -0.900475511231547898E+01    1
    0.239444405270734393E+02    0.101988464301248474E+02   -0.546554207829532679E+01   -0.900575511231547665E+01    1
    0.208029798002672806E+02    0.951688245083231799E+01   -0.544436035151337450E+01   -0.900675511231545123E+01    1
    0.240148291476281806E+02    0.101716431970225045E+02   -0.543522469757007887E+01   -0.900775511231544179E+01    1
    0.243822073232190490E+02    0.102318677110631384E+02   -0.542947324509955376E+01   -0.900875511231546433E+01    1
    0.252425737295772095E+02    0.103613652068139803E+02   -0.540734467756566328E+01   -0.900975511231546378E+01    1
    0.245373465807265347E+02    0.102093198431139509E+02   -0.539100959474638941E+01   -0.901075511231547566E+01    1
    0.243872129529011126E+02    0.101723809671832157E+02   -0.538411043264023892E+01   -0.901175511231545556E+01    1
    0.223658425562306604E+02    0.977135478440249905E+01   -0.537978837034293722E+01   -0.901275511231544790E+01    1
    0.183314881787406136E+02    0.884839787407185696E+01   -0.536657883843269801E+01   -0.901375511231547932E+01    1
    0.237283743022681328E+02    0.100119168826239573E+02   -0.535702855309092207E+01   -0.901475511231548765E+01    1
    0.224376794471170022E+02    0.975013753923723847E+01   -0.535423029287381524E+01   -0.901575511231544624E+01    1
    0.218791633016650415E+02    0.963253923164921666E+01   -0.534992046475182192E+01   -0.901675511231541194E+01    1
    0.202753764207364036E+02    0.927258654085857081E+01   -0.534982218198341819E+01   -0.901775511231541671E+01    1
    0.248729329134700912E+02    0.101925946807220882E+02   -0.533215939387717697E+01   -0.901875511231540550E+01    1
    0.240081038239467830E+02    0.100231313338980321E+02   -0.532500941834919228E+01   -0.901975511231540494E+01    1
    0.219027657385853445E+02    0.959939929904276745E+01   -0.532280143256102001E+01   -0.902075511231541149E+01    1
    0.270522576607138525E+02    0.105644149320434213E+02   -0.532158474296833006E+01   -0.902175511231545180E+01    1
    0.229759538390037399E+02    0.978850818969972458E+01   -0.530470724202367450E+01   -0.902275511231545302E+01    1
    0.223086485364516953E+02    0.964797950578376451E+01   -0.529956573762604322E+01   -0.902375511231542937E+01    1
    0.250959656505645725E+02    0.101800191034089398E+02   -0.529214957780728223E+01   -0.902475511231541461E+01    1
    0.229551055912863937E+02    0.976564477507900008E+01   -0.529136273946275626E+01   -0.902575511231540517E+01    1
    0.234630501563142779E+02    0.986444999491376784E+01   -0.528945006480073410E+01   -0.902675511231542238E+01    1
    0.201392503535509988E+02    0.915912217053304545E+01   -0.528454562486265988E+01   -0.902775511231544492E+01    1
    0.231044973120442059E+02    0.978377255068949125E+01   -0.528300679040843590E+01   -0.902875511231546746E+01    1
    0.249937626480602653E+02    0.101395015637914110E+02   -0.527609529260681587E+01   -0.902975511231545092E+01    1
    0.242523240355464722E+02    0.100023109571004323E+02   -0.527592775257184776E+01   -0.903075511231542549E+01    1
    0.233333680360670606E+02    0.979566771081827348E+01   -0.525892498153236065E+01   -0.903175511231543915E+01    1
    0.198259011911422185E+02    0.905438870205593993E+01   -0.525697024409641323E+01   -0.903275511231543504E+01    1
    0.160738527143810934E+02    0.810502982520901227E+01   -0.524094963034626460E+01   -0.903375511231542916E+01    1
    0.238651293994366291E+02    0.987228736302822085E+01   -0.523788483657026749E+01   -0.903475511231545170E+01    1
    0.228253118077960018E+02    0.965431331784233215E+01   -0.523063786112381734E+01   -0.903575511231542627E+01    1
    0.227809019118043778E+02    0.964376906777560983E+01   -0.522945319258056163E+01   -0.903675511231540263E+01    1
    0.200660747626972551E+02    0.904455044143383269E+01   -0.520802291226244485E+01   -0.903775511231544115E+01    1
    0.227758353618800804E+02    0.960458678842318747E+01   -0.520243308036952889E+01   -0.903875511231543527E+01    1
    0.240511666741017152E+02    0.985596805517881513E+01   -0.520000883349942011E+01   -0.903975511231540096E+01    1
    0.238989417011622152E+02    0.982482450260796192E+01   -0.519949359621087215E+01   -0.904075511231542350E+01    1
    0.232275386905102827E+02    0.966630842817258085E+01   -0.518228577129303147E+01   -0.904175511231547091E+01    1
    0.224236565887631372E+02    0.949158151245548787E+01   -0.517233517794493647E+01   -0.904275511231545970E+01    1
    0.184437878277661937E+02    0.860704574249913179E+01   -0.516831834625146591E+01   -0.904375511231542717E+01    1
    0.217107151053778438E+02    0.934953094558664688E+01   -0.516727903193704918E+01   -0.904475511231541418E+01    1
    0.245183653121597800E+02    0.990195538314229040E+01   -0.516659385585415976E+01   -0.904575511231540119E+01    1
    0.208655357994442845E+02    0.916307982450417491E+01   -0.516282369562070720E+01   -0.904675511231543084E+01    1
    0.236181448718872318E+02    0.969182594972472522E+01   -0.514529836919771189E+01   -0.904775511231542495E+01    1
    0.243332908735439908E+02    0.982210521328407715E+01   -0.513644155525531243E+01   -0.904875511231542262E+01    1
    0.198201490579492123E+02    0.889362556595588849E+01   -0.513353786488366826E+01   -0.904975511231546115E+01    1
    0.235354385238459258E+02    0.964608051343170381E+01   -0.512478169543724338E+01   -0.905075511231545526E+01    1
    0.208602905228642719E+02    0.910904461862296877E+01   -0.512212062435840210E+01   -0.905175511231543339E+01    1
    0.255677852538154724E+02    0.100272878307773166E+02   -0.511558631219305404E+01   -0.905275511231541863E+01    1
    0.253285563146235155E+02    0.997844897216023163E+01   -0.511219729509830323E+01   -0.905375511231542696E+01    1
    0.242983676295476414E+02    0.976825161203409742E+01   -0.510357911509991080E+01   -0.905475511231546903E+01    1
    0.226392940957540709E+02    0.942946217345963511E+01   -0.509846655775397295E+01   -0.905575511231548269E+01    1
    0.249096034760034541E+02    0.988171432174532249E+01   -0.509810235208811946E+01   -0.905675511231545904E+01    1
    0.209610274094154576E+02    0.909318140965867272E+01   -0.509284548300587225E+01   -0.905775511231543895E+01    1
    0.234226473490493632E+02    0.956803523389119981E+01   -0.508592493869221673E+01   -0.905875511231544728E+01    1
    0.251472088005948891E+02    0.989236432879104299E+01   -0.507392575439708349E+01   -0.905975511231544139E+01    1
    0.236929875140523194E+02    0.960012109604558894E+01   -0.507061792655386601E+01   -0.906075511231542308E+01    1
    0.218553041851141074E+02    0.923581236887386758E+01   -0.505971944967507614E+01   -0.906175511231543673E+01    1
    0.216195508598274131E+02    0.918757020032470884E+01   -0.505577645520304486E+01   -0.906275511231545394E+01    1
    0.234367168447559919E+02    0.952302482378903292E+01   -0.505257393183106807E+01   -0.906375511231542852E+01    1
    0.217487541600120373E+02    0.919834956792905700E+01   -0.504599376390780208E+01   -0.906475511231541553E+01    1
    0.206373281363042089E+02    0.893493215637988314E+01   -0.502675279395506003E+01   -0.906575511231545406E+01    1
    0.250886513148254160E+02    0.981222600484688101E+01   -0.502417235522159178E+01   -0.906675511231544107E+01    1
    0.233307272777404364E+02    0.943774200872807079E+01   -0.500804605710881656E+01   -0.906775511231543341E+01    1
    0.208558001283261092E+02    0.895551235662797929E+01   -0.500563894000751652E+01   -0.906875511231546483E+01    1
    0.220992165908360754E+02    0.920750398332766906E+01   -0.500425364629199265E+01   -0.906975511231548737E+01    1
    0.227499096155899245E+02    0.932616017220573212E+01   -0.500424455718194761E+01   -0.907075511231549214E+01    1
    0.226807799972288642E+02    0.931196628867410503E+01   -0.500302015673944922E+01   -0.907175511231543830E+01    1
    0.214932282968607176E+02    0.908414606690445403E+01   -0.499616816490699112E+01   -0.907275511231544662E+01    1
    0.243036160741227292E+02    0.961017579746913597E+01   -0.499284764437268525E+01   -0.907375511231548870E+01    1
    0.229559052023211407E+02    0.934602089535875358E+01   -0.499084446063114306E+01   -0.907475511231544552E+01    1
    0.246694310122037592E+02    0.967250587882199220E+01   -0.498540609784877820E+01   -0.907575511231541121E+01    1
    0.228787697523395295E+02    0.932142405476443514E+01   -0.498283279961284009E+01   -0.907675511231545329E+01    1
    0.242003557320690099E+02    0.957275913168628456E+01   -0.498124124310157956E+01   -0.907775511231548471E+01    1
    0.232652794830703300E+02    0.937896205969043351E+01   -0.497311409800647830E+01   -0.907875511231544507E+01    1
    0.225214878842809512E+02    0.923534845700211626E+01   -0.496690439070846068E+01   -0.907975511231542676E+01    1
    0.217116574329771410E+02    0.908257554555462043E+01   -0.496327240620527466E+01   -0.908075511231542443E+01    1
    0.271999085735512161E+02    0.101173649896614126E+02   -0.496257182002121322E+01   -0.908175511231540078E+01    1
    0.248852812742367355E+02    0.967365893040246405E+01   -0.495643197483242481E+01   -0.908275511231539845E+01    1
    0.266138254099615210E+02    0.100001494916408546E+02   -0.495614843474703193E+01   -0.908375511231542809E+01    1
    0.270496493719082238E+02    0.100789746097391788E+02   -0.495494034467959121E+01   -0.908475511231546129E+01    1
    0.249906361528844911E+02    0.968987944100390841E+01   -0.495310397706472916E+01   -0.908575511231542876E+01    1
    0.254416626442746434E+02    0.974117185049718337E+01   -0.492639325551606877E+01   -0.908675511231540334E+01    1
    0.250356371329302760E+02    0.964026487520974484E+01   -0.491281115241722599E+01   -0.908775511231542055E+01    1
    0.238449815623726771E+02    0.938496310694033298E+01   -0.489799057273837324E+01   -0.908875511231540756E+01    1
    0.218745248493809221E+02    0.902320708591059173E+01   -0.489616273658756107E+01   -0.908975511231543543E+01    1
    0.250046197868848736E+02    0.958754236961295803E+01   -0.488094675227826791E+01   -0.909075511231546862E+01    1
    0.234580533177908706E+02    0.928411063786552582E+01   -0.487514663460369668E+01   -0.909175511231548406E+01    1
    0.221192670748840037E+02    0.903025300292823729E+01   -0.486794084085871148E+01   -0.909275511231541778E+01    1
    0.243906251060034514E+02    0.944496679601614275E+01   -0.486735104521739093E+01   -0.909375511231546163E+01    1
    0.237065865749084104E+02    0.931596194746004258E+01   -0.486511063843675551E+01   -0.909475511231545219E+01    1
    0.246525857814397114E+02    0.948625869992688031E+01   -0.485981159854775946E+01   -0.909575511231542322E+01    1
    0.231663014504606544E+02    0.920409803425392958E+01   -0.485498899387718286E+01   -0.909675511231541911E+01    1
    0.249086354849753349E+02    0.952851448538840451E+01   -0.485374037050696661E+01   -0.909775511231543277E+01    1
    0.250500175948889101E+02    0.954470098563567682E+01   -0.484552143517777800E+01   -0.909875511231546596E+01    1
    0.262407430673831428E+02    0.973569765882973215E+01   -0.481689367964986648E+01   -0.909975511231546541E+01    1
    0.219510704805191033E+02    0.892257322358030081E+01   -0.481056116146353308E+01   -0.910075511231544887E+01    1
    0.247625562685605409E+02    0.942899204272571545E+01   -0.480591555319643415E+01   -0.910175511231543588E+01    1
    0.236978489805598649E+02    0.922015271033009931E+01   -0.479479091036491667E+01   -0.910275511231539625E+01    1
    0.228159772328384420E+02    0.905642625363572762E+01   -0.479260570171504963E+01   -0.910375511231542056E+01    1
    0.191319900962565441E+02    0.825531786969689918E+01   -0.478018580407289750E+01   -0.910475511231542178E+01    1
    0.200463770942700492E+02    0.846008308699525102E+01   -0.477950458862883032E+01   -0.910575511231543366E+01    1
    0.228369560372673384E+02    0.904115201071070551E+01   -0.477844057500307962E+01   -0.910675511231543311E+01    1
    0.227467060834884620E+02    0.901986551608783849E+01   -0.477488813236968834E+01   -0.910775511231539525E+01    1
    0.243007259526234307E+02    0.929559411904870458E+01   -0.476932570189730676E+01   -0.910875511231542134E+01    1
    0.235038558677599774E+02    0.912154848983031030E+01   -0.474785458972727348E+01   -0.910975511231541901E+01    1
    0.256680074177645814E+02    0.951189460373284845E+01   -0.473969035430244023E+01   -0.911075511231542201E+01    1
    0.232705280984523846E+02    0.906588699067165571E+01   -0.473816947274092559E+01   -0.911175511231545521E+01    1
    0.230292113664898288E+02    0.901405347612314323E+01   -0.473246200691728358E+01   -0.911275511231548307E+01    1
    0.216274606961778098E+02    0.875086735166165219E+01   -0.472725535017661258E+01   -0.911375511231545943E+01    1
    0.216308792245043939E+02    0.873661900191937946E+01   -0.471630670971673727E+01   -0.911475511231545354E+01    1
    0.241141022530792135E+02    0.914347761738648046E+01   -0.468215205329399975E+01   -0.911575511231547253E+01    1
    0.212028486868361234E+02    0.858834424633185733E+01   -0.467457152681546528E+01   -0.911675511231544355E+01    1
    0.222288169734963610E+02    0.877939217647518610E+01   -0.466753195094327822E+01   -0.911775511231541280E+01    1
    0.232938685273267367E+02    0.897359877706968767E+01   -0.466724416782246010E+01   -0.911875511231541758E+01    1
    0.243605103672653271E+02    0.916061012078737846E+01   -0.466182090549528905E+01   -0.911975511231541702E+01    1
    0.204341390001891909E+02    0.838485734368855340E+01   -0.466037586280768323E+01   -0.912075511231542180E+01    1
    0.247035409369505459E+02    0.920552258895477493E+01   -0.464898896588368249E+01   -0.912175511231542657E+01    1
    0.243414017538588467E+02    0.912030773933117267E+01   -0.463488470520943263E+01   -0.912275511231541358E+01    1
    0.248436792072565282E+02    0.921120552017027805E+01   -0.463449739459124821E+01   -0.912375511231541125E+01    1
    0.254183758127299022E+02    0.931253082429143042E+01   -0.463209854329132131E+01   -0.912475511231543024E+01    1
    0.231516954088820412E+02    0.889541623180903152E+01   -0.462912931245255255E+01   -0.912575511231546521E+01    1
    0.235886677030235816E+02    0.896987055253210563E+01   -0.462520589147514372E+01   -0.912675511231542735E+01    1
    0.196857332919773889E+02    0.817483545747646190E+01   -0.461985009884960718E+01   -0.912775511231539483E+01    1
    0.252189604217220626E+02    0.925423492791071389E+01   -0.461605239778270526E+01   -0.912875511231543157E+01    1
    0.243898011389394327E+02    0.907016060405902991E+01   -0.459192936733191992E+01   -0.912975511231544523E+01    1
    0.253417436558967282E+02    0.923498044125221185E+01   -0.458578317512341105E+01   -0.913075511231545178E+01    1
    0.239985271511100038E+02    0.898516863841838465E+01   -0.458192738297924240E+01   -0.913175511231544235E+01    1
    0.256412435702400217E+02    0.927072742699071739E+01   -0.457216127605327749E+01   -0.913275511231544534E+01    1
    0.243088797802019769E+02    0.902295390842129663E+01   -0.456835703046946673E+01   -0.913375511231546611E+01    1
    0.243072481355309193E+02    0.900914958839206825E+01   -0.455857193168467933E+01   -0.913475511231547799E+01    1
    0.203269149937074403E+02    0.821278398250133179E+01   -0.454139209904258401E+01   -0.913575511231549342E+01    1
    0.260656950664125766E+02    0.929485845969650448E+01   -0.453371869423897778E+01   -0.913675511231549642E+01    1
    0.215192479808050123E+02    0.845178310479913719E+01   -0.452456562720231936E+01   -0.913775511231543724E+01    1
    0.249182927107878065E+02    0.906975573312980998E+01   -0.452199913230394213E+01   -0.913875511231542959E+01    1
    0.240109474024822624E+02    0.888968525992444825E+01   -0.451137643684610889E+01   -0.913975511231549120E+01    1
    0.248372248540246829E+02    0.903658441265461221E+01   -0.450873309387698384E+01   -0.914075511231547644E+01    1
    0.211359479095204250E+02    0.834086745198548662E+01   -0.450665809536655004E+01   -0.914175511231546345E+01    1
    0.237316475659046588E+02    0.883122620655027468E+01   -0.450604019320622662E+01   -0.914275511231542914E+01    1
    0.202117234519534783E+02    0.813905454758037372E+01   -0.450232835159689326E+01   -0.914375511231544280E+01    1
    0.229048055923811020E+02    0.866675793499242353E+01   -0.449642616588661692E+01   -0.914475511231547777E+01    1
    0.229494335218029377E+02    0.867377512564958586E+01   -0.449561048359819182E+01   -0.914575511231545946E+01    1
    0.213442591813810623E+02    0.836825049321003966E+01   -0.449331309524345279E+01   -0.914675511231547311E+01    1
    0.237858133395205122E+02    0.882291088786587174E+01   -0.449296902673543208E+01   -0.914775511231543526E+01    1
    0.252191865400106607E+02    0.907633895888488595E+01   -0.448732809831820134E+01   -0.914875511231540983E+01    1
    0.247573434317799581E+02    0.899082136601445825E+01   -0.448628724906265308E+01   -0.914975511231542349E+01    1
    0.226743232016748237E+02    0.860947236675595207E+01   -0.448554698086821269E+01   -0.915075511231545846E+01    1
    0.227172105390579553E+02    0.860023984750159443E+01   -0.447332533942502408E+01   -0.915175511231544725E+01    1
    0.257991699671989672E+02    0.915401238281221730E+01   -0.446731875697664549E+01   -0.915275511231541117E+01    1
    0.222454593917411430E+02    0.850071592834114753E+01   -0.446379406936585088E+01   -0.915375511231545502E+01    1
    0.259284033630398341E+02    0.916623491220318165E+01   -0.445922676138601481E+01   -0.915475511231543848E+01    1
    0.210347627072721828E+02    0.825509580794716946E+01   -0.445592601858159743E+01   -0.915575511231543437E+01    1
    0.232529977344391945E+02    0.866772628332145700E+01   -0.445159480937366858E+01   -0.915675511231546579E+01    1
    0.255976262636108061E+02    0.908925053981125686E+01   -0.444723058996409648E+01   -0.915775511231543682E+01    1
    0.227374987591160789E+02    0.855454652370546853E+01   -0.443805225818181093E+01   -0.915875511231540074E+01    1
    0.215336260648327631E+02    0.833502157377398056E+01   -0.443544907590296855E+01   -0.915975511231541795E+01    1
    0.238813972240436456E+02    0.875442320377437078E+01   -0.443154952898569388E+01   -0.916075511231543338E+01    1
    0.226364454986262587E+02    0.852608773971786427E+01   -0.443093350551998721E+01   -0.916175511231539907E+01    1
    0.225233071440100900E+02    0.849777641969054720E+01   -0.442549654256894431E+01   -0.916275511231541095E+01    1
    0.251750829559927638E+02    0.898139293324819299E+01   -0.442514568954807075E+01   -0.916375511231544060E+01    1
    0.203793593513571025E+02    0.807450567873416425E+01   -0.442344394068660929E+01   -0.916475511231546491E+01    1
    0.245892096312742225E+02    0.887022081878497382E+01   -0.442192208297250033E+01   -0.916575511231547146E+01    1
    0.226526919100748074E+02    0.849517883097250603E+01   -0.440684960543419280E+01   -0.916675511231544959E+01    1
    0.259267085904467471E+02    0.908870163178984392E+01   -0.440413949444137476E+01   -0.916775511231546147E+01    1
    0.237105454259804880E+02    0.867544795072072716E+01   -0.439761500710236231E+01   -0.916875511231543960E+01    1
    0.252227318728182546E+02    0.893535756035507944E+01   -0.438624058662298388E+01   -0.916975511231538576E+01    1
    0.274574393890561517E+02    0.933330939703419382E+01   -0.438466277290410389E+01   -0.917075511231543672E+01    1
    0.242165144453493753E+02    0.874659557434656953E+01   -0.438252462266136522E+01   -0.917175511231546281E+01    1
    0.224919897106559503E+02    0.841648002783741944E+01   -0.437189946643674610E+01   -0.917275511231539831E+01    1
    0.243967905907450948E+02    0.875859716860726856E+01   -0.436771780889952055E+01   -0.917375511231538177E+01    1
    0.245258702117712382E+02    0.877990712745338442E+01   -0.436611074014006029E+01   -0.917475511231541141E+01    1
    0.241121869316839117E+02    0.868001635103332170E+01   -0.434895883187382548E+01   -0.917575511231541618E+01    1
    0.251708362153720131E+02    0.887094976068244101E+01   -0.434733815186865158E+01   -0.917675511231538543E+01    1
    0.204355693697700751E+02    0.798405569584655961E+01   -0.434356243170427980E+01   -0.917775511231537600E+01    1
    0.209060844352256296E+02    0.806783225025557726E+01   -0.433100994658175864E+01   -0.917875511231543229E+01    1
    0.241416039611628861E+02    0.865250151718642257E+01   -0.432580541622297510E+01   -0.917975511231546015E+01    1
    0.239439184057552374E+02    0.861046514477727776E+01   -0.432164733575488569E+01   -0.918075511231542229E+01    1
    0.213629068438881760E+02    0.815157088362962590E+01   -0.432069916225599915E+01   -0.918175511231540575E+01    1
    0.222594175367797007E+02    0.830734882770846106E+01   -0.431967766080664450E+01   -0.918275511231542652E+01    1
    0.233916571776241646E+02    0.850013162718966520E+01   -0.431502595500380526E+01   -0.918375511231540997E+01    1
    0.232499345665994959E+02    0.847364847869910953E+01   -0.431461285431408204E+01   -0.918475511231541653E+01    1
    0.224193239560649999E+02    0.832571384511774681E+01   -0.431337378743574007E+01   -0.918575511231541597E+01    1
    0.236223824438406922E+02    0.851635765229818098E+01   -0.429684141716120926E+01   -0.918675511231543496E+01    1
    0.242866899349811440E+02    0.862687461173990400E+01   -0.428923666200049070E+01   -0.918775511231548592E+01    1
    0.210871140747753074E+02    0.803934427122041839E+01   -0.427927563470063088E+01   -0.918875511231542497E+01    1
    0.246909787149522693E+02    0.868132851185906063E+01   -0.427566042379255951E+01   -0.918975511231543507E+01    1
    0.233100525435900927E+02    0.842077455334436920E+01   -0.426990593970014753E+01   -0.919075511231547360E+01    1
    0.247804479944708689E+02    0.868756909054552473E+01   -0.426860226453121339E+01   -0.919175511231547837E+01    1
    0.242955169062933152E+02    0.858973958856243947E+01   -0.426216470750379628E+01   -0.919275511231550269E+01    1
    0.252878928895675656E+02    0.876123761255031752E+01   -0.425533765427389898E+01   -0.919375511231544351E+01    1
    0.250155453280940421E+02    0.870853256583573554E+01   -0.425326505216372830E+01   -0.919475511231537723E+01    1
    0.201089121794923393E+02    0.779710100199393441E+01   -0.425279346636558042E+01   -0.919575511231542819E+01    1
    0.223400967875286085E+02    0.822935356192737899E+01   -0.424924756677510107E+01   -0.919675511231548626E+01    1
    0.222781622534510184E+02    0.821650539281599812E+01   -0.424726775298882320E+01   -0.919775511231549103E+01    1
    0.248214829642248311E+02    0.866210975282602114E+01   -0.424562907550616409E+01   -0.919875511231548337E+01    1
    0.229222134201040824E+02    0.831957915500643352E+01   -0.424442617090435448E+01   -0.919975511231548282E+01    1
    0.246185786817802139E+02    0.860971955948516765E+01   -0.423497459730252146E+01   -0.920075511231547871E+01    1
    0.231410602274083779E+02    0.833644615354004159E+01   -0.422954785170886272E+01   -0.920175511231542664E+01    1
    0.251659994191115821E+02    0.870098507126601994E+01   -0.422889020306131691E+01   -0.920275511231539589E+01    1
    0.248139505928533524E+02    0.863303209678013239E+01   -0.422637002972263076E+01   -0.920375511231541843E+01    1
    0.227825067262537004E+02    0.826966628267902415E+01   -0.422393427843007530E+01   -0.920475511231542498E+01    1
    0.205898950553620281E+02    0.785158389735993634E+01   -0.421625456835471990E+01   -0.920575511231545285E+01    1
    0.236997967246368262E+02    0.841004387573249801E+01   -0.421289843505949957E+01   -0.920675511231543098E+01    1
    0.239898646056231328E+02    0.843599671892285663E+01   -0.419417085817176272E+01   -0.920775511231539667E+01    1
    0.238830739221828878E+02    0.839762678719528921E+01   -0.418113948814541825E+01   -0.920875511231541033E+01    1
    0.251345558241505138E+02    0.862249884164495128E+01   -0.417852214518665033E+01   -0.920975511231543464E+01    1
    0.240730972220051207E+02    0.842521271637713554E+01   -0.417621523230892144E+01   -0.921075511231545363E+01    1
    0.239840303808604638E+02    0.840604738129238349E+01   -0.417422019673135480E+01   -0.921175511231541932E+01    1
    0.208082085174709803E+02    0.783324601813967281E+01   -0.416694408879125433E+01   -0.921275511231544542E+01    1
    0.235289841326046378E+02    0.830578384217301213E+01   -0.415716505168928396E+01   -0.921375511231546618E+01    1
    0.254470754442898937E+02    0.864855182682282830E+01   -0.415712017206316542E+01   -0.921475511231543898E+01    1
    0.216215296867918738E+02    0.798913186186862490E+01   -0.415685153718693812E+01   -0.921575511231542244E+01    1
    0.222925439162091052E+02    0.808232591186123983E+01   -0.414316756298384625E+01   -0.921675511231542188E+01    1
    0.214322130675582905E+02    0.793146138548973312E+01   -0.414089716131447449E+01   -0.921775511231547284E+01    1
    0.231726325661399031E+02    0.822020141261980442E+01   -0.413708496140883586E+01   -0.921875511231549005E+01    1
    0.182943603962594601E+02    0.727561993841627963E+01   -0.413216256457503306E+01   -0.921975511231547884E+01    1
    0.242042466820536362E+02    0.838194884297743492E+01   -0.412996253000076319E+01   -0.922075511231546763E+01    1
    0.249164091439383775E+02    0.850596650842214785E+01   -0.412577609433033476E+01   -0.922175511231543155E+01    1
    0.226724033168633170E+02    0.812052872796960479E+01   -0.412442873233963514E+01   -0.922275511231543454E+01    1
    0.205517402921489776E+02    0.771913958974934111E+01   -0.412178631726020583E+01   -0.922375511231542156E+01    1
    0.223497213738296026E+02    0.805250749201159977E+01   -0.411346438200941300E+01   -0.922475511231541745E+01    1
    0.235122613313345816E+02    0.824385623068299900E+01   -0.411241591525941352E+01   -0.922575511231546663E+01    1
    0.227762948627155950E+02    0.809732068243672209E+01   -0.409394311917954301E+01   -0.922675511231548917E+01    1
    0.232416456670085658E+02    0.816517258868949725E+01   -0.408694864174320216E+01   -0.922775511231548329E+01    1
    0.206913653946571401E+02    0.769694349023600477E+01   -0.408272077598669636E+01   -0.922875511231546497E+01    1
    0.218925273713405169E+02    0.792035555997494800E+01   -0.407106724107749418E+01   -0.922975511231545909E+01    1
    0.235452295598640475E+02    0.819416780854239768E+01   -0.407092405810520752E+01   -0.923075511231543011E+01    1
    0.232316033691753034E+02    0.813186298494728632E+01   -0.406319384862091848E+01   -0.923175511231542423E+01    1
    0.229221924636760299E+02    0.807730136642312857E+01   -0.406074775896412010E+01   -0.923275511231542367E+01    1
    0.204778749166530680E+02    0.762179302946257575E+01   -0.406036357075278698E+01   -0.923375511231541957E+01    1
    0.254146944429214656E+02    0.848347590768737625E+01   -0.404832343232016711E+01   -0.923475511231541013E+01    1
    0.225910933625543180E+02    0.799762378881403446E+01   -0.404219994337274979E+01   -0.923575511231539714E+01    1
    0.197354531653219674E+02    0.744595947658722679E+01   -0.404215282547126797E+01   -0.923675511231538771E+01    1
    0.224357608684316254E+02    0.797104194437384184E+01   -0.404158023302036362E+01   -0.923775511231539426E+01    1
    0.246008492056176316E+02    0.832650235007250927E+01   -0.403897099775323021E+01   -0.923875511231542745E+01    1
    0.230594882079016976E+02    0.806421125238969161E+01   -0.403393139829487790E+01   -0.923975511231543400E+01    1
    0.222210608820112263E+02    0.791530168840292170E+01   -0.402653874564969527E+01   -0.924075511231542812E+01    1
    0.240691970702944928E+02    0.820712387376914876E+01   -0.401566936285352760E+01   -0.924175511231542401E+01    1
    0.234185431129889032E+02    0.809501836785993945E+01   -0.401251706208344938E+01   -0.924275511231543589E+01    1
    0.238847572421531389E+02    0.817139233565209899E+01   -0.401183201718403204E+01   -0.924375511231547620E+01    1
    0.205375245902693493E+02    0.756026312192107586E+01   -0.400488785625987553E+01   -0.924475511231547920E+01    1
    0.217104260644539906E+02    0.779922679837423694E+01   -0.400314066602431673E+01   -0.924575511231545022E+01    1
    0.238056931657913182E+02    0.814278311624322804E+01   -0.400030052103438383E+01   -0.924675511231545677E+01    1
    0.208252702494488560E+02    0.760253783418450979E+01   -0.399095952926356201E+01   -0.924775511231542069E+01    1
    0.167168697130062576E+02    0.679831810809822379E+01   -0.399092671975340751E+01   -0.924875511231539704E+01    1
    0.248660317198974710E+02    0.830566409188355337E+01   -0.399070735792272746E+01   -0.924975511231543379E+01    1
    0.253426859505969730E+02    0.838046472076170978E+01   -0.398757185728113006E+01   -0.925075511231542258E+01    1
    0.216943104911746119E+02    0.777395201695150284E+01   -0.398635119977008667E+01   -0.925175511231539360E+01    1
    0.215972657945302124E+02    0.774477011780326130E+01   -0.397664300751885502E+01   -0.925275511231543391E+01    1
    0.216719086402185468E+02    0.775546865964895638E+01   -0.397540075090550360E+01   -0.925375511231547598E+01    1
    0.231707172729955353E+02    0.799841506906627586E+01   -0.397129547312372733E+01   -0.925475511231543813E+01    1
    0.215064232084850815E+02    0.771667472905040785E+01   -0.396829983062734692E+01   -0.925575511231543757E+01    1
    0.205189308836852327E+02    0.750576125410060779E+01   -0.396649384384893500E+01   -0.925675511231543702E+01    1
    0.245132759131723965E+02    0.821374689742025232E+01   -0.396592720413034883E+01   -0.925775511231545067E+01    1
    0.265900887901746685E+02    0.856396674136312797E+01   -0.395779933014547414E+01   -0.925875511231547854E+01    1
    0.243826875644129544E+02    0.817607244666583277E+01   -0.395407951045815942E+01   -0.925975511231542647E+01    1
    0.202958435086577893E+02    0.744386306378119311E+01   -0.395405807744995075E+01   -0.926075511231539927E+01    1
    0.237740306528725043E+02    0.807149936660734646E+01   -0.395137364982394113E+01   -0.926175511231541293E+01    1
    0.228811216247204534E+02    0.791558907467221395E+01   -0.394556083242620392E+01   -0.926275511231545501E+01    1
    0.232697509806539209E+02    0.797218054020788092E+01   -0.393977782518371589E+01   -0.926375511231549353E+01    1
    0.199490918195657798E+02    0.735388052923217028E+01   -0.393945394081932987E+01   -0.926475511231547344E+01    1
    0.229506420444237662E+02    0.791506231227354906E+01   -0.393667207437727962E+01   -0.926575511231546045E+01    1
    0.232333713416453485E+02    0.795726900444508267E+01   -0.393323283734120510E+01   -0.926675511231542082E+01    1
    0.248052410863739432E+02    0.821226634805189804E+01   -0.392910510977176664E+01   -0.926775511231536875E+01    1
    0.185884780930036797E+02    0.708211887997009359E+01   -0.392462174521945961E+01   -0.926875511231543747E+01    1
    0.248672180435286343E+02    0.821390649989920973E+01   -0.392274981282087998E+01   -0.926975511231550620E+01    1
    0.200864470595071154E+02    0.735069075513916115E+01   -0.391605321745177903E+01   -0.927075511231550564E+01    1
    0.244635491701609133E+02    0.811017452186999144E+01   -0.389572131652864195E+01   -0.927175511231547844E+01    1
    0.201320050922144311E+02    0.733159123409178193E+01   -0.389470188756862878E+01   -0.927275511231543348E+01    1
    0.209063311655242785E+02    0.748455515331319710E+01   -0.389125006106492100E+01   -0.927375511231542227E+01    1
    0.241823641771626505E+02    0.805558937145977616E+01   -0.388988385332899167E+01   -0.927475511231546612E+01    1
    0.214088711329753636E+02    0.758241186975452131E+01   -0.388473136444928357E+01   -0.927575511231547090E+01    1
    0.205963674310369065E+02    0.741101824278486632E+01   -0.388351540546233887E+01   -0.927675511231545968E+01    1
    0.213170095852740111E+02    0.755005907581710733E+01   -0.387534173632924350E+01   -0.927775511231548933E+01    1
    0.228552940513420353E+02    0.780618041921870542E+01   -0.386838843574210012E+01   -0.927875511231543193E+01    1
    0.232687330082209733E+02    0.786699003821755305E+01   -0.386274233112601584E+01   -0.927975511231541361E+01    1
    0.205829942259080241E+02    0.737998817523400152E+01   -0.386240935113479944E+01   -0.928075511231545214E+01    1
    0.236556696397556685E+02    0.792728777077918423E+01   -0.385993153188271965E+01   -0.928175511231544625E+01    1
    0.229852121859921006E+02    0.781174804022824176E+01   -0.385673461394970074E+01   -0.928275511231547412E+01    1
    0.187497139919152680E+02    0.702913075934059339E+01   -0.385654590379866358E+01   -0.928375511231550021E+01    1
    0.238854195986472426E+02    0.795742448109058120E+01   -0.385413242538245715E+01   -0.928475511231543926E+01    1
    0.231811603728914477E+02    0.782333430048734346E+01   -0.384151284453734609E+01   -0.928575511231538897E+01    1
    0.213257648871420393E+02    0.749929765153428463E+01   -0.383698005834218447E+01   -0.928675511231539907E+01    1
    0.253286995119701039E+02    0.817184719184066211E+01   -0.383603674289885621E+01   -0.928775511231539852E+01    1
    0.229132271190202523E+02    0.776079328375765343E+01   -0.382834170271488139E+01   -0.928875511231541218E+01    1
    0.208493417069799420E+02    0.738646934840722036E+01   -0.382695218053189823E+01   -0.928975511231542228E+01    1
    0.210040688855656619E+02    0.739701800197132897E+01   -0.381144732891669369E+01   -0.929075511231543061E+01    1
    0.215930482176057374E+02    0.751783641782488576E+01   -0.381087335241344771E+01   -0.929175511231546558E+01    1
    0.224329416959595775E+02    0.765056457926424915E+01   -0.380615249013228985E+01   -0.929275511231549878E+01    1
    0.214851570188466887E+02    0.748829051891654274E+01   -0.380443051665495879E+01   -0.929375511231545204E+01    1
    0.238955161369464726E+02    0.788763505978325519E+01   -0.380223601707212300E+01   -0.929475511231541418E+01    1
    0.223438200823491506E+02    0.762929032907164206E+01   -0.380144913290320607E+01   -0.929575511231542428E+01    1
    0.244977898539808798E+02    0.798527556291428020E+01   -0.380063633201980444E+01   -0.929675511231545748E+01    1
    0.227886224337368439E+02    0.769928864297861981E+01   -0.379873948560407060E+01   -0.929775511231543561E+01    1
    0.203479056669389387E+02    0.724667330247401686E+01   -0.379272985179132638E+01   -0.929875511231536933E+01    1
    0.266800124267786103E+02    0.833249624559626234E+01   -0.379010236886092278E+01   -0.929975511231543983E+01    1
    0.244139917835792239E+02    0.794153840954249102E+01   -0.377907907537268528E+01   -0.930075511231546059E+01    1
    0.202406613856084050E+02    0.720678567854314966E+01   -0.377650857093429337E+01   -0.930175511231541385E+01    1
    0.235797608943375110E+02    0.779753813928660566E+01   -0.377497475876867750E+01   -0.930275511231544172E+01    1
    0.207801505012396710E+02    0.730427278322214679E+01   -0.377456724122535414E+01   -0.930375511231547492E+01    1
    0.217314567675433032E+02    0.744049660225923937E+01   -0.373858833113984401E+01   -0.930475511231544949E+01    1
    0.241339818635888079E+02    0.783099575035457640E+01   -0.373298431651651663E+01   -0.930575511231539210E+01    1
    0.248203358076783829E+02    0.793716083405046824E+01   -0.372752196026509086E+01   -0.930675511231541286E+01    1
    0.245973819468312094E+02    0.789915448876578363E+01   -0.372677550926040668E+01   -0.930775511231547448E+01    1
    0.255079751460521997E+02    0.802403656536378840E+01   -0.370855680759377071E+01   -0.930875511231547215E+01    1
    0.191297178544246336E+02    0.690046071545014783E+01   -0.369557612814924186E+01   -0.930975511231546093E+01    1
    0.268805222975043598E+02    0.822265748110266337E+01   -0.368861571639920971E+01   -0.931075511231541952E+01    1
    0.238218061845041653E+02    0.771295643585766566E+01   -0.368612422002099827E+01   -0.931175511231541186E+01    1
    0.234952952157220487E+02    0.763516581993240617E+01   -0.366954714747240729E+01   -0.931275511231542374E+01    1
    0.242247201740874694E+02    0.775009371838035044E+01   -0.366552630945746838E+01   -0.931375511231544628E+01    1
    0.219838785958423131E+02    0.737681968003660238E+01   -0.366380262007985325E+01   -0.931475511231546882E+01    1
    0.223401579757330957E+02    0.743346144909430251E+01   -0.366219259816447185E+01   -0.931575511231540254E+01    1
    0.259457842865434074E+02    0.802510395680698352E+01   -0.365871954697388135E+01   -0.931675511231539311E+01    1
    0.242858466289361381E+02    0.774780912416385714E+01   -0.365689695891588551E+01   -0.931775511231542275E+01    1
    0.207714800787511926E+02    0.715165550617149481E+01   -0.365356161527332546E+01   -0.931875511231540088E+01    1
    0.219396355715506246E+02    0.734991131395343267E+01   -0.365017916909844287E+01   -0.931975511231537901E+01    1
    0.275312753938327361E+02    0.825351661599903608E+01   -0.364059854093391788E+01   -0.932075511231541043E+01    1
    0.221586880846550294E+02    0.736993642606836641E+01   -0.363891676987109891E+01   -0.932175511231545961E+01    1
    0.240530558417243689E+02    0.767037527227734461E+01   -0.362988559800580912E+01   -0.932275511231548570E+01    1
    0.236374072854210766E+02    0.759512759521941483E+01   -0.362540546442140066E+01   -0.932375511231544252E+01    1
    0.230795632122826788E+02    0.750211007916001904E+01   -0.362491432469906671E+01   -0.932475511231542242E+01    1
    0.246496751301344581E+02    0.774378367556009195E+01   -0.361237005878028494E+01   -0.932575511231543608E+01    1
    0.245335696075185368E+02    0.768252018834616379E+01   -0.358337560676220779E+01   -0.932675511231540177E+01    1
    0.237059954634525916E+02    0.752616706571112459E+01   -0.357003298492401644E+01   -0.932775511231538346E+01    1
    0.249172759838037834E+02    0.772469434923916243E+01   -0.356872379493960690E+01   -0.932875511231542909E+01    1
    0.231031216208998487E+02    0.742284305708166414E+01   -0.356758569951379823E+01   -0.932975511231541965E+01    1
    0.228211000945346179E+02    0.736259283535218856E+01   -0.355826859374786153E+01   -0.933075511231537114E+01    1
    0.248199341831971303E+02    0.769039744619535615E+01   -0.355624803648602095E+01   -0.933175511231544519E+01    1
    0.247079359474275186E+02    0.764257943294173803E+01   -0.353621087137814660E+01   -0.933275511231547128E+01    1
    0.229601970512330915E+02    0.734354732309968217E+01   -0.352949958305001799E+01   -0.933375511231541566E+01    1
    0.239651088283849312E+02    0.750825825377177125E+01   -0.352842494934354489E+01   -0.933475511231538135E+01    1
    0.262411877373684455E+02    0.788306382359448143E+01   -0.352718056548768422E+01   -0.933575511231537369E+01    1
    0.221932695193997098E+02    0.722567791812347693E+01   -0.352688801559973619E+01   -0.933675511231537847E+01    1
    0.227081109701137258E+02    0.729985787197165070E+01   -0.352544346596268010E+01   -0.933775511231543476E+01    1
    0.253695472761538454E+02    0.773393151026179915E+01   -0.352383881578406477E+01   -0.933875511231548039E+01    1
    0.257334419397617964E+02    0.777932386834525147E+01   -0.351373928250148770E+01   -0.933975511231542654E+01    1
    0.244874839127460362E+02    0.757295824282450702E+01   -0.351360764565809092E+01   -0.934075511231539757E+01    1
    0.246185610115345419E+02    0.758724747094638108E+01   -0.350857106298232235E+01   -0.934175511231541122E+01    1
    0.256302643647390980E+02    0.774996988811748277E+01   -0.350538315921943910E+01   -0.934275511231546041E+01    1
    0.252296068390064931E+02    0.768230289457940962E+01   -0.350445230481615289E+01   -0.934375511231550604E+01    1
    0.237800006094287468E+02    0.743334393794095494E+01   -0.349827611489891499E+01   -0.934475511231547884E+01    1
    0.199381037385542044E+02    0.679471897846540873E+01   -0.349810683726277105E+01   -0.934575511231543743E+01    1
    0.244022009527462451E+02    0.752824823798039056E+01   -0.349280843156607945E+01   -0.934675511231541378E+01    1
    0.205809260156232483E+02    0.689703443434382280E+01   -0.348618855380891768E+01   -0.934775511231539902E+01    1
    0.267085500340720898E+02    0.789824644841613566E+01   -0.348491334911756878E+01   -0.934875511231543399E+01    1
    0.241514662646671781E+02    0.747169302891313603E+01   -0.348259184904732599E+01   -0.934975511231544765E+01    1
    0.233836295231105780E+02    0.734252686908661278E+01   -0.348116223965117610E+01   -0.935075511231540979E+01    1
    0.225356420874036871E+02    0.721124770665007553E+01   -0.347740055837726825E+01   -0.935175511231540924E+01    1
    0.207801826135257919E+02    0.692038380468915282E+01   -0.347620911853387371E+01   -0.935275511231542289E+01    1
    0.265342024582617526E+02    0.785197650603816122E+01   -0.347311565074718365E+01   -0.935375511231546675E+01    1
    0.209023342230877063E+02    0.693386085494905480E+01   -0.346947057893769761E+01   -0.935475511231543422E+01    1
    0.213179131026746589E+02    0.700193974759262883E+01   -0.346324628710601656E+01   -0.935575511231542123E+01    1
    0.252575736571805116E+02    0.761916576643738974E+01   -0.345854166738877122E+01   -0.935675511231547929E+01    1
    0.267462780292725029E+02    0.786529857420860345E+01   -0.345840164136390316E+01   -0.935775511231545742E+01    1
    0.215953240187485385E+02    0.703057433604291049E+01   -0.344777026851017521E+01   -0.935875511231539825E+01    1
    0.248939621230002359E+02    0.754151641018197250E+01   -0.344675049227878549E+01   -0.935975511231538526E+01    1
    0.217524651120314374E+02    0.705103801062653268E+01   -0.344536607780743109E+01   -0.936075511231544866E+01    1
    0.215156837464630009E+02    0.698753575445596997E+01   -0.342529694178593358E+01   -0.936175511231549784E+01    1
    0.236687285850765257E+02    0.730467501544007014E+01   -0.342153644423900571E+01   -0.936275511231547064E+01    1
    0.244494797511889175E+02    0.740000877253828371E+01   -0.340111795594157584E+01   -0.936375511231541324E+01    1
    0.257233978329733297E+02    0.760931454319926370E+01   -0.340011899161254538E+01   -0.936475511231540914E+01    1
    0.241457283559310589E+02    0.734000912237646297E+01   -0.339460637314573521E+01   -0.936575511231540325E+01    1
    0.218688886131279787E+02    0.699911019130500911E+01   -0.339361872100933271E+01   -0.936675511231537428E+01    1
    0.283171188686501623E+02    0.799589088583686269E+01   -0.339354228649198131E+01   -0.936775511231540570E+01    1
    0.253833884708442277E+02    0.752825846569604540E+01   -0.338355408130305291E+01   -0.936875511231544422E+01    1
    0.207599675086806599E+02    0.678625125650648187E+01   -0.337894222433399083E+01   -0.936975511231546676E+01    1
    0.230940246130925040E+02    0.715753826509328839E+01   -0.337493490685845021E+01   -0.937075511231546976E+01    1
    0.254537880409834933E+02    0.751777429782067674E+01   -0.336880318618677244E+01   -0.937175511231547276E+01    1
    0.222154393234328609E+02    0.701274504473776350E+01   -0.336506018985354860E+01   -0.937275511231544201E+01    1
    0.230306652609499913E+02    0.713040983623410352E+01   -0.336169099210206479E+01   -0.937375511231544145E+01    1
    0.252823188330039450E+02    0.744908833336296983E+01   -0.334202549726390430E+01   -0.937475511231547465E+01    1
    0.250854911261026707E+02    0.741353057500860402E+01   -0.334004519676469291E+01   -0.937575511231540304E+01    1
    0.213411531489902622E+02    0.683823665633818756E+01   -0.333849516383367773E+01   -0.937675511231543446E+01    1
    0.216535388459869900E+02    0.688970749665647109E+01   -0.333678601717502632E+01   -0.937775511231546233E+01    1
    0.198013158940717275E+02    0.655033586692466940E+01   -0.333488348786182742E+01   -0.937875511231539960E+01    1
    0.219248187934597141E+02    0.692316126097162776E+01   -0.333133183571916458E+01   -0.937975511231542391E+01    1
    0.247787665995059179E+02    0.732325566029481845E+01   -0.331314558101201717E+01   -0.938075511231547665E+01    1
    0.225375789373445627E+02    0.698569376462600111E+01   -0.330948353968552533E+01   -0.938175511231543169E+01    1
    0.199601320465251533E+02    0.654060099488516311E+01   -0.330634341159811429E+01   -0.938275511231542225E+01    1
    0.223243821393759703E+02    0.694361119585778930E+01   -0.330219867011939483E+01   -0.938375511231542880E+01    1
    0.199925971382762881E+02    0.653878505256778730E+01   -0.330065268306588910E+01   -0.938475511231544424E+01    1
    0.225020421615480046E+02    0.696334919113982842E+01   -0.329706026771993965E+01   -0.938575511231546855E+01    1
    0.238520832561731986E+02    0.716205444551094494E+01   -0.329523337379814230E+01   -0.938675511231542714E+01    1
    0.227732494460591113E+02    0.699381927842935003E+01   -0.328947183685903655E+01   -0.938775511231542303E+01    1
    0.225364546674675132E+02    0.695487286793823323E+01   -0.328708899051135495E+01   -0.938875511231539583E+01    1
    0.230086403150371552E+02    0.701974754196489581E+01   -0.328251576944567658E+01   -0.938975511231537574E+01    1
    0.238830821802155633E+02    0.714811530955299546E+01   -0.328160498147405555E+01   -0.939075511231539650E+01    1
    0.213332794169318340E+02    0.674896958836439342E+01   -0.327424860574505905E+01   -0.939175511231541371E+01    1
    0.240658967605758534E+02    0.716341716949079732E+01   -0.327300320345036289E+01   -0.939275511231538474E+01    1
    0.234584804344068480E+02    0.706521669413831521E+01   -0.326680289978396488E+01   -0.939375511231535398E+01    1
    0.218305633156680727E+02    0.681218902735331788E+01   -0.326065727934629246E+01   -0.939475511231536231E+01    1
    0.242309813520552844E+02    0.716641643566454167E+01   -0.325732006029956889E+01   -0.939575511231537064E+01    1
    0.218992011675856624E+02    0.680823724035697619E+01   -0.325028683943069607E+01   -0.939675511231542160E+01    1
    0.267543423463662826E+02    0.753976993272883256E+01   -0.324150345730868938E+01   -0.939775511231547078E+01    1
    0.232567296473358489E+02    0.699713932556906837E+01   -0.323895502388469225E+01   -0.939875511231547023E+01    1
    0.209502566291048282E+02    0.661483400655014453E+01   -0.322803468131796345E+01   -0.939975511231545369E+01    1
    0.251327763005226714E+02    0.723360295851869495E+01   -0.320914766254607109E+01   -0.940075511231544603E+01    1
    0.250401745404714156E+02    0.720872985602245198E+01   -0.320102530499578419E+01   -0.940175511231547034E+01    1
    0.218228783381966274E+02    0.672097518881804756E+01   -0.319561707621080471E+01   -0.940275511231545380E+01    1
    0.224177397406341328E+02    0.680710569019460632E+01   -0.319310221919860915E+01   -0.940375511231540173E+01    1
    0.223638103366772540E+02    0.679298554230030849E+01   -0.318879992161074455E+01   -0.940475511231539407E+01    1
    0.221445143247661100E+02    0.674234232170164738E+01   -0.317618550500477115E+01   -0.940575511231541483E+01    1
    0.260794332785669454E+02    0.732754885213747631E+01   -0.317588261323808929E+01   -0.940675511231544093E+01    1
    0.229361889294538948E+02    0.684450589001221754E+01   -0.316393814885620683E+01   -0.940775511231543149E+01    1
    0.235250080990635730E+02    0.692013297566053875E+01   -0.315458978070995499E+01   -0.940875511231542028E+01    1
    0.249147085938509960E+02    0.712035477953559059E+01   -0.315058675307247693E+01   -0.940975511231542505E+01    1
    0.226189363097957461E+02    0.676613309786922468E+01   -0.314213752766162768E+01   -0.941075511231544759E+01    1
    0.244719845330310797E+02    0.703824139801009441E+01   -0.313859056288983451E+01   -0.941175511231547546E+01    1
    0.245796462356348115E+02    0.705230048297058509E+01   -0.313726404331904307E+01   -0.941275511231547846E+01    1
    0.233706636422800713E+02    0.686422396443588401E+01   -0.313134390099613702E+01   -0.941375511231548856E+01    1
    0.232302829549062402E+02    0.683319580270390414E+01   -0.312433135318440725E+01   -0.941475511231544004E+01    1
    0.277061867870526157E+02    0.749633806872200559E+01   -0.312046393792828836E+01   -0.941575511231541107E+01    1
    0.227593661679605717E+02    0.675558204206213020E+01   -0.311960914642354226E+01   -0.941675511231546203E+01    1
    0.229488752059723389E+02    0.678194553090662833E+01   -0.311805560523142855E+01   -0.941775511231545792E+01    1
    0.227997623542331205E+02    0.675366498465029697E+01   -0.311393673258615955E+01   -0.941875511231541118E+01    1
    0.252072680394818001E+02    0.709282973377171810E+01   -0.309992655259206451E+01   -0.941975511231539819E+01    1
    0.252147009993109847E+02    0.709003659129270503E+01   -0.309715306647125743E+01   -0.942075511231537810E+01    1
    0.199614660532453527E+02    0.624841894085378247E+01   -0.309224746319931176E+01   -0.942175511231537577E+01    1
    0.224913648569420701E+02    0.667609271774088331E+01   -0.309194610169767614E+01   -0.942275511231538232E+01    1
    0.233595127603237849E+02    0.679379627423084731E+01   -0.308270452026628483E+01   -0.942375511231536578E+01    1
    0.246120915277130869E+02    0.697365655321367850E+01   -0.307770440181511562E+01   -0.942475511231543095E+01    1
    0.239264039322786992E+02    0.686303973483409990E+01   -0.307132068740460884E+01   -0.942575511231548546E+01    1
    0.236081328276115592E+02    0.681004952761042404E+01   -0.306778239566826372E+01   -0.942675511231548313E+01    1
    0.234635743723024923E+02    0.678786527654184990E+01   -0.306749955907530536E+01   -0.942775511231543994E+01    1
    0.208582464386447661E+02    0.636964695297464978E+01   -0.306543169707900720E+01   -0.942875511231541985E+01    1
    0.228165377139860546E+02    0.667984080421090365E+01   -0.306010517637459367E+01   -0.942975511231545127E+01    1
    0.244744517642905492E+02    0.692481918468046054E+01   -0.305750137208107375E+01   -0.943075511231544183E+01    1
    0.230014936331843458E+02    0.667635114105328498E+01   -0.303814277949690403E+01   -0.943175511231543240E+01    1
    0.189792892380192875E+02    0.602167841875821175E+01   -0.303612671923975297E+01   -0.943275511231543184E+01    1
    0.195626510051558142E+02    0.611055409243593051E+01   -0.303254208242750289E+01   -0.943375511231540465E+01    1
    0.245578968389360277E+02    0.690055212378021032E+01   -0.303166441866964753E+01   -0.943475511231536146E+01    1
    0.224152905401828946E+02    0.657589238079105254E+01   -0.302966949958322695E+01   -0.943575511231536268E+01    1
    0.218301988439625987E+02    0.646295389850867164E+01   -0.301240215428666058E+01   -0.943675511231542430E+01    1
    0.232019489068176554E+02    0.666207816735491676E+01   -0.300713896013199156E+01   -0.943775511231543085E+01    1
    0.203918974822036567E+02    0.619243853134628708E+01   -0.299194392254715069E+01   -0.943875511231540010E+01    1
    0.229817480581380913E+02    0.660570638053797765E+01   -0.299104028790420573E+01   -0.943975511231538889E+01    1
    0.239700181926596443E+02    0.674315377320632070E+01   -0.298310079179702958E+01   -0.944075511231540787E+01    1
    0.240660108970704094E+02    0.675532307879413008E+01   -0.298151282097662618E+01   -0.944175511231542153E+01    1
    0.235743438202082451E+02    0.667250673865814470E+01   -0.297547342379006219E+01   -0.944275511231543163E+01    1
    0.189652313122975151E+02    0.593843970396770260E+01   -0.297150468602130191E+01   -0.944375511231548082E+01    1
    0.253360992532796203E+02    0.692574324359022953E+01   -0.296877284154809651E+01   -0.944475511231547138E+01    1
    0.172669912053159074E+02    0.565708925453241829E+01   -0.296388255618191243E+01   -0.944575511231542819E+01    1
    0.235232942198421711E+02    0.664169134622306334E+01   -0.295951439630222346E+01   -0.944675511231541343E+01    1
    0.240103703517261629E+02    0.670905398321462343E+01   -0.295536110155769949E+01   -0.944775511231543419E+01    1
    0.239859602540209380E+02    0.670486156252100063E+01   -0.295500690064402871E+01   -0.944875511231544607E+01    1
    0.205987193409774818E+02    0.617002239350829385E+01   -0.294792282967835284E+01   -0.944975511231543130E+01    1
    0.254701077613464513E+02    0.691384822646035602E+01   -0.294674327017960058E+01   -0.945075511231540766E+01    1
    0.222100277220360169E+02    0.642042841743331749E+01   -0.294342339861024094E+01   -0.945175511231542309E+01    1
    0.229880367599560209E+02    0.653108171344431376E+01   -0.293890717887979047E+01   -0.945275511231546339E+01    1
    0.243243036358294624E+02    0.672425443032908010E+01   -0.293329891200705406E+01   -0.945375511231545573E+01    1
    0.248036387521989852E+02    0.677095146666169700E+01   -0.291601786415867315E+01   -0.945475511231544630E+01    1
    0.222057017125260536E+02    0.637929628985766151E+01   -0.291567920495440669E+01   -0.945575511231541554E+01    1
    0.244962515189195820E+02    0.672002069619119169E+01   -0.291266511196990185E+01   -0.945675511231536881E+01    1
    0.222596458216079185E+02    0.637805782257049270E+01   -0.290927982118215045E+01   -0.945775511231542687E+01    1
    0.221610844065572792E+02    0.635995499689633359E+01   -0.290705992499722399E+01   -0.945875511231546540E+01    1
    0.239711120462447766E+02    0.662376288630726595E+01   -0.290097336132466976E+01   -0.945975511231547550E+01    1
    0.224073062103313774E+02    0.638410496261759608E+01   -0.289822845487296243E+01   -0.946075511231546429E+01    1
    0.264454281390815318E+02    0.698320889624974939E+01   -0.289514191349294281E+01   -0.946175511231546373E+01    1
    0.270857155443064102E+02    0.706681000127501147E+01   -0.288758641191157439E+01   -0.946275511231543298E+01    1
    0.235902661906207385E+02    0.651337405173215167E+01   -0.286496021759736541E+01   -0.946375511231544131E+01    1
    0.236336513923761871E+02    0.651659017359838977E+01   -0.286271187016073680E+01   -0.946475511231548516E+01    1
    0.217244018374686263E+02    0.623460051958865957E+01   -0.286036261535850977E+01   -0.946575511231539934E+01    1
    0.236684425192661223E+02    0.651705824794366961E+01   -0.285948144831100626E+01   -0.946675511231539168E+01    1
    0.239758627185487470E+02    0.655720296171312000E+01   -0.285530498879119632E+01   -0.946775511231541600E+01    1
    0.234363273475488363E+02    0.647051270843299609E+01   -0.285166021774437217E+01   -0.946875511231543854E+01    1
    0.235564270143315504E+02    0.648831841904545925E+01   -0.285146392310429908E+01   -0.946975511231544154E+01    1
    0.229344684715343909E+02    0.639216660857856844E+01   -0.284981851320232993E+01   -0.947075511231541611E+01    1
    0.220205365430960924E+02    0.624503081379933889E+01   -0.283834047025620606E+01   -0.947175511231545286E+01    1
    0.252526950571884292E+02    0.671585162640671651E+01   -0.283290451578333480E+01   -0.947275511231547540E+01    1
    0.243951808810779873E+02    0.656997205085531455E+01   -0.282134128599783818E+01   -0.947375511231541623E+01    1
    0.185830484271112866E+02    0.568440093882077679E+01   -0.282062634372144982E+01   -0.947475511231539080E+01    1
    0.236575316309864832E+02    0.645400288014733103E+01   -0.281810427556758825E+01   -0.947575511231543466E+01    1
    0.257997226532804724E+02    0.677310523288130906E+01   -0.281692372709436567E+01   -0.947675511231540924E+01    1
    0.239655346441427923E+02    0.649399078153780707E+01   -0.281379672879169451E+01   -0.947775511231536072E+01    1
    0.216815231668713793E+02    0.616877880943146195E+01   -0.281312413686080598E+01   -0.947875511231542767E+01    1
    0.217068432116502663E+02    0.617109144568949386E+01   -0.281230727832585625E+01   -0.947975511231548218E+01    1
    0.250146334016457175E+02    0.664822980948183506E+01   -0.281122467512233376E+01   -0.948075511231539458E+01    1
    0.222087448534928562E+02    0.623491015676791704E+01   -0.281120456524465379E+01   -0.948175511231540469E+01    1
    0.237028780193180033E+02    0.643868431434558097E+01   -0.280325980357798787E+01   -0.948275511231547341E+01    1
    0.230725428819130585E+02    0.633145502339070809E+01   -0.279506762652343221E+01   -0.948375511231547286E+01    1
    0.262832507858888569E+02    0.680484152786988883E+01   -0.279011572885243364E+01   -0.948475511231545454E+01    1
    0.187671026943874040E+02    0.564702602657279673E+01   -0.276934880410440787E+01   -0.948575511231546464E+01    1
    0.227875980356515981E+02    0.625406618100628720E+01   -0.276818247401312467E+01   -0.948675511231545698E+01    1
    0.234313168544847237E+02    0.634307091860291017E+01   -0.276678884811896753E+01   -0.948775511231547064E+01    1
    0.188404512126324875E+02    0.564279591476611309E+01   -0.275696561202533053E+01   -0.948875511231544344E+01    1
    0.237606783065920091E+02    0.637588487551426919E+01   -0.275562979626155213E+01   -0.948975511231540203E+01    1
    0.239989308779415857E+02    0.640713295170265429E+01   -0.275254709989287560E+01   -0.949075511231545477E+01    1
    0.242556943560299167E+02    0.644421629279699371E+01   -0.275148367941164684E+01   -0.949175511231542401E+01    1
    0.202039221001798737E+02    0.584540926366856972E+01   -0.274380750224336190E+01   -0.949275511231540037E+01    1
    0.233502218558361356E+02    0.629405815863439155E+01   -0.274240097935797422E+01   -0.949375511231546021E+01    1
    0.217063428408689276E+02    0.607561880290140444E+01   -0.273825180483155428E+01   -0.949475511231548452E+01    1
    0.228123298658752880E+02    0.620902652512314823E+01   -0.273028417162880066E+01   -0.949575511231543423E+01    1
    0.241551467611505366E+02    0.639659293305138199E+01   -0.273001853229806457E+01   -0.949675511231543723E+01    1
    0.207020336797260214E+02    0.590359771285980717E+01   -0.272682266532142714E+01   -0.949775511231542247E+01    1
    0.207511644159711679E+02    0.591147588074192321E+01   -0.272679457635630040E+01   -0.949875511231539882E+01    1
    0.245062929657296991E+02    0.644115385642268112E+01   -0.272451455747520610E+01   -0.949975511231544623E+01    1
    0.224328634565965359E+02    0.614896145592915300E+01   -0.272093576158321948E+01   -0.950075511231544212E+01    1
    0.246439862230923659E+02    0.644601040704061745E+01   -0.271405546480267335E+01   -0.950175511231542735E+01    1
    0.227734298912936666E+02    0.618041348058598405E+01   -0.271176071236797966E+01   -0.950275511231542858E+01    1
    0.223573174243509989E+02    0.612387289006405222E+01   -0.270900746499743939E+01   -0.950375511231544223E+01    1
    0.222948288413304709E+02    0.611192413575665139E+01   -0.270620209595161931E+01   -0.950475511231545056E+01    1
    0.241238950721368894E+02    0.635007242274088135E+01   -0.270251541836157161E+01   -0.950575511231540560E+01    1
    0.209664683158009879E+02    0.591385801166958114E+01   -0.270202179431535772E+01   -0.950675511231542814E+01    1
    0.219745880533799784E+02    0.602939998854706172E+01   -0.267562403179599473E+01   -0.950775511231541870E+01    1
    0.260637291321281026E+02    0.659912278603238001E+01   -0.267475857445262122E+01   -0.950875511231535064E+01    1
    0.240089064962220107E+02    0.628188590663732960E+01   -0.266883511190506395E+01   -0.950975511231535542E+01    1
    0.246587749403228820E+02    0.637377929906616991E+01   -0.266533938599873155E+01   -0.951075511231543835E+01    1
    0.221411125883979523E+02    0.603118336135515243E+01   -0.266020411773383625E+01   -0.951175511231548754E+01    1
    0.230779741940744891E+02    0.614364333429657350E+01   -0.265324165196243378E+01   -0.951275511231545146E+01    1
    0.228545784153357801E+02    0.611448313004611421E+01   -0.265260264600118800E+01   -0.951375511231542959E+01    1
    0.223666743876151273E+02    0.603074899978612766E+01   -0.263724306566256761E+01   -0.951475511231540239E+01    1
    0.276048821926527381E+02    0.676023637974047809E+01   -0.263716134193097940E+01   -0.951575511231540716E+01    1
    0.211956526317679952E+02    0.586169109720847814E+01   -0.263433906128324136E+01   -0.951675511231544569E+01    1
    0.229418090696107129E+02    0.609872023916656580E+01   -0.263195181461762528E+01   -0.951775511231548421E+01    1
    0.233402683341442945E+02    0.614785352987987910E+01   -0.263087580336261517E+01   -0.951875511231545168E+01    1
    0.254953350216076693E+02    0.644020908026679528E+01   -0.262667868031224527E+01   -0.951975511231542981E+01    1
    0.266851275669035033E+02    0.661408423879856677E+01   -0.262444561016750288E+01   -0.952075511231545768E+01    1
    0.260068027781041913E+02    0.650027915781227694E+01   -0.261571391749515447E+01   -0.952175511231544469E+01    1
    0.201141608533233267E+02    0.566157329281476063E+01   -0.261484152028738892E+01   -0.952275511231544236E+01    1
    0.246666128079267324E+02    0.627786166203804097E+01   -0.260162466617813459E+01   -0.952375511231546668E+01    1
    0.234589929890098645E+02    0.612354692907138443E+01   -0.260073965078862557E+01   -0.952475511231548566E+01    1
    0.244864531510454349E+02    0.625311381849809678E+01   -0.260017515140184496E+01   -0.952575511231542471E+01    1
    0.262160105169581463E+02    0.650667620003497227E+01   -0.259970118761761970E+01   -0.952675511231535133E+01    1
    0.257785481169476469E+02    0.643657978598012903E+01   -0.259686689144801708E+01   -0.952775511231538808E+01    1
    0.254501844239831918E+02    0.638413992938427377E+01   -0.259496567533942324E+01   -0.952875511231541417E+01    1
    0.204820979841426798E+02    0.569217915903111571E+01   -0.259334946529594124E+01   -0.952975511231545447E+01    1
    0.230019046279730688E+02    0.605417463063231320E+01   -0.259204557945042779E+01   -0.953075511231548056E+01    1
    0.221232992497350267E+02    0.593667238910020423E+01   -0.259080974871765024E+01   -0.953175511231541606E+01    1
    0.241633360222372886E+02    0.619941141872859891E+01   -0.259047614224442757E+01   -0.953275511231541905E+01    1
    0.198211926538054364E+02    0.558044249755051514E+01   -0.258941029933758227E+01   -0.953375511231540607E+01    1
    0.232119951150386505E+02    0.607337885872877425E+01   -0.258638118409173146E+01   -0.953475511231542683E+01    1
    0.253662410143629664E+02    0.634451302234804349E+01   -0.257768867471325835E+01   -0.953575511231548134E+01    1
    0.236927389050295218E+02    0.611638401717881930E+01   -0.257273239364382000E+01   -0.953675511231541329E+01    1
    0.234884473721437139E+02    0.609035831420838303E+01   -0.257264391051535490E+01   -0.953775511231539852E+01    1
    0.175052709392075485E+02    0.519069195785691662E+01   -0.256986699016554399E+01   -0.953875511231545481E+01    1
    0.221434016929855026E+02    0.590797030019700475E+01   -0.256741676899450821E+01   -0.953975511231544537E+01    1
    0.226026931704303600E+02    0.596382728214377700E+01   -0.256366659267144215E+01   -0.954075511231546436E+01    1
    0.244513543896071290E+02    0.619686042519248836E+01   -0.256081070849587311E+01   -0.954175511231544604E+01    1
    0.261772447559069263E+02    0.643606640420787723E+01   -0.255813923696365197E+01   -0.954275511231536200E+01    1
    0.209586758707560037E+02    0.571592055695760770E+01   -0.255384584804864723E+01   -0.954375511231540941E+01    1
    0.220985154242073349E+02    0.587713119518882365E+01   -0.254893925406889466E+01   -0.954475511231542839E+01    1
    0.217519462266035681E+02    0.582839305146627495E+01   -0.254687645612637414E+01   -0.954575511231539231E+01    1
    0.239366119885930715E+02    0.610648144636585766E+01   -0.254185756573601340E+01   -0.954675511231539708E+01    1
    0.245184778935124790E+02    0.617720067408566997E+01   -0.253954042369214772E+01   -0.954775511231537699E+01    1
    0.262578340599413949E+02    0.641880736800041518E+01   -0.253946048526545765E+01   -0.954875511231539065E+01    1
    0.241681529738774117E+02    0.612989810000250923E+01   -0.253737680816910949E+01   -0.954975511231542917E+01    1
    0.218901986881162074E+02    0.583372515650505452E+01   -0.253725834495816027E+01   -0.955075511231541086E+01    1
    0.235498646845709949E+02    0.605096369710915027E+01   -0.253698485062559209E+01   -0.955175511231537833E+01    1
    0.229568780881681747E+02    0.596604313899188199E+01   -0.253052313074262258E+01   -0.955275511231539731E+01    1
    0.242069837957147165E+02    0.610966693549955409E+01   -0.251847529548556581E+01   -0.955375511231546248E+01    1
    0.244679298485497796E+02    0.614084155734423920E+01   -0.251703613834087125E+01   -0.955475511231549213E+01    1
    0.259257685545280800E+02    0.632867580605242885E+01   -0.251410858261815084E+01   -0.955575511231542407E+01    1
    0.243375679554474331E+02    0.611712693920689699E+01   -0.251165598021098369E+01   -0.955675511231541641E+01    1
    0.239512144231381789E+02    0.606417665982958987E+01   -0.250869846892818771E+01   -0.955775511231544961E+01    1
    0.248042044765768921E+02    0.616604136687152504E+01   -0.250397588668228099E+01   -0.955875511231542418E+01    1
    0.225999964864786875E+02    0.587910239632682785E+01   -0.250137524038237835E+01   -0.955975511231545561E+01    1
    0.200875238447375182E+02    0.550213304915312662E+01   -0.249968291660819730E+01   -0.956075511231547814E+01    1
    0.210197620069043651E+02    0.564535309326626500E+01   -0.249458456933499795E+01   -0.956175511231544561E+01    1
    0.235299735271855717E+02    0.598694619391157090E+01   -0.249092000878603237E+01   -0.956275511231542197E+01    1
    0.226269626881652393E+02    0.586102363634028567E+01   -0.248552270888336357E+01   -0.956375511231538766E+01    1
    0.191668839836264695E+02    0.532174379476551795E+01   -0.247622730959520254E+01   -0.956475511231543329E+01    1
    0.228802436263316338E+02    0.586880751077866858E+01   -0.246670752946372174E+01   -0.956575511231546649E+01    1
    0.250411084479040760E+02    0.614592907368468566E+01   -0.246663949978874619E+01   -0.956675511231540554E+01    1
    0.237927924276049936E+02    0.598646792248607440E+01   -0.246579099259404000E+01   -0.956775511231537124E+01    1
    0.226909794127291562E+02    0.583874748636387508E+01   -0.246309619403297031E+01   -0.956875511231540443E+01    1
    0.208756200934008689E+02    0.556337242660444353E+01   -0.245176113036144683E+01   -0.956975511231544473E+01    1
    0.219982782075259315E+02    0.573054194762289182E+01   -0.245121845225647528E+01   -0.957075511231544418E+01    1
    0.265369397107614091E+02    0.631901333738581084E+01   -0.245040066852359129E+01   -0.957175511231546139E+01    1
    0.243932295465843119E+02    0.604028603467728242E+01   -0.244926998621563463E+01   -0.957275511231545551E+01    1
    0.224487869392854762E+02    0.578368849804622265E+01   -0.244644250196367707E+01   -0.957375511231539100E+01    1
    0.209984809829884185E+02    0.557438780113585253E+01   -0.244539971602341710E+01   -0.957475511231534071E+01    1
    0.218752709708891331E+02    0.570552663548113870E+01   -0.244490981244193373E+01   -0.957575511231537213E+01    1
    0.230457292472042106E+02    0.585612580957245754E+01   -0.244158070389023996E+01   -0.957675511231545684E+01    1
    0.209859652560840999E+02    0.555040393743075366E+01   -0.242951762067008614E+01   -0.957775511231547050E+01    1
    0.180334077729640931E+02    0.509697737539325235E+01   -0.242498985925475719E+01   -0.957875511231537935E+01    1
    0.250055191614017360E+02    0.607804431012291779E+01   -0.241990806478381071E+01   -0.957975511231535393E+01    1
    0.236730660969844990E+02    0.589586254605162097E+01   -0.241025282823626874E+01   -0.958075511231536048E+01    1
    0.213899287376767901E+02    0.558658918451895126E+01   -0.240871681352079348E+01   -0.958175511231535992E+01    1
    0.221636345335239682E+02    0.567502459629742972E+01   -0.239540939853498402E+01   -0.958275511231541088E+01    1
    0.248197688381859116E+02    0.601971849188816144E+01   -0.239447834142057925E+01   -0.958375511231546540E+01    1
    0.233932632599891051E+02    0.583660302367004924E+01   -0.239436033166138174E+01   -0.958475511231546307E+01    1
    0.227197155556441714E+02    0.574634021648784721E+01   -0.239367799460670083E+01   -0.958575511231544297E+01    1
    0.230643229965126721E+02    0.578991881614688797E+01   -0.239216443681157376E+01   -0.958675511231543176E+01    1
    0.252291156628837641E+02    0.605979245235911179E+01   -0.238585155466242504E+01   -0.958775511231544719E+01    1
    0.250163198719277204E+02    0.602328194237426917E+01   -0.237892612637301371E+01   -0.958875511231549638E+01    1
    0.219232793020006014E+02    0.560559182662431876E+01   -0.236859518561920712E+01   -0.958975511231547095E+01    1
    0.224590952556287995E+02    0.567593551479679270E+01   -0.236809474464072833E+01   -0.959075511231545441E+01    1
    0.257061317755013405E+02    0.609492681069638298E+01   -0.236743139577246531E+01   -0.959175511231541478E+01    1
    0.242562769839244332E+02    0.590172936692533145E+01   -0.236068162796111025E+01   -0.959275511231540357E+01    1
    0.228251961774661645E+02    0.570975908584339642E+01   -0.235763361090502555E+01   -0.959375511231545985E+01    1
    0.207940505839046530E+02    0.541575482599797642E+01   -0.235529173329696961E+01   -0.959475511231540068E+01    1
    0.253004435232451357E+02    0.602179875742550941E+01   -0.235175055451315940E+01   -0.959575511231543210E+01    1
    0.233086922514535679E+02    0.576442170241204543E+01   -0.235093334096997397E+01   -0.959675511231543332E+01    1
    0.208326742152881721E+02    0.540968524513370408E+01   -0.234658071112469990E+01   -0.959775511231537060E+01    1
    0.239883536960802140E+02    0.584655632151549653E+01   -0.234537385183287928E+01   -0.959875511231538958E+01    1
    0.227020874360291067E+02    0.567240032698141317E+01   -0.234272884531833459E+01   -0.959975511231540679E+01    1
    0.244713608327149892E+02    0.590377913161264711E+01   -0.234246638444473820E+01   -0.960075511231542400E+01    1
    0.233846797152796313E+02    0.575594622144977741E+01   -0.233780661108375387E+01   -0.960175511231541456E+01    1
    0.201785045070683466E+02    0.528472604757240383E+01   -0.233274423610329906E+01   -0.960275511231543000E+01    1
    0.233995579486702248E+02    0.573871166766174934E+01   -0.232425837402291258E+01   -0.960375511231539214E+01    1
    0.239193887737682118E+02    0.579874907830875763E+01   -0.231800242520174393E+01   -0.960475511231540224E+01    1
    0.233978628337595858E+02    0.572812612194698545E+01   -0.231696831655223479E+01   -0.960575511231542833E+01    1
    0.215240356851868100E+02    0.547207010339333699E+01   -0.231203925830415136E+01   -0.960675511231541357E+01    1
    0.243444302827309009E+02    0.584268907400998749E+01   -0.231017462217364056E+01   -0.960775511231547164E+01    1
    0.249501144459401907E+02    0.591900416447962652E+01   -0.230981701390675420E+01   -0.960875511231548174E+01    1
    0.217794331429497774E+02    0.550206260228037447E+01   -0.230891503915019181E+01   -0.960975511231539237E+01    1
    0.214056198566364166E+02    0.544306088904502250E+01   -0.230507030744002206E+01   -0.961075511231542734E+01    1
    0.221028492527263438E+02    0.552711327494466520E+01   -0.229642127742786961E+01   -0.961175511231546942E+01    1
    0.232366114168303568E+02    0.567538326550192984E+01   -0.229497896821491798E+01   -0.961275511231546353E+01    1
    0.237046206489487759E+02    0.573146908305836078E+01   -0.229080606252022045E+01   -0.961375511231542923E+01    1
    0.212221244469562222E+02    0.539098739730336884E+01   -0.228931827330954096E+01   -0.961475511231534163E+01    1
    0.194519853804556817E+02    0.512673537479721109E+01   -0.228822595070300983E+01   -0.961575511231534819E+01    1
    0.250271293942268045E+02    0.589506331207557110E+01   -0.228578871759313751E+01   -0.961675511231534763E+01    1
    0.239249930680479359E+02    0.575289879058457920E+01   -0.228536705140162733E+01   -0.961775511231540747E+01    1
    0.234526769194026237E+02    0.568826295676460436E+01   -0.228396587800785600E+01   -0.961875511231544600E+01    1
    0.228326554939390114E+02    0.560388928140536002E+01   -0.228245869316164685E+01   -0.961975511231544900E+01    1
    0.224884705446711877E+02    0.555422802133423765E+01   -0.227965434154336632E+01   -0.962075511231545555E+01    1
    0.184801632463505072E+02    0.498285102456826046E+01   -0.227676781461934974E+01   -0.962175511231546388E+01    1
    0.235775253847015591E+02    0.569184856248610949E+01   -0.227493088382018538E+01   -0.962275511231542424E+01    1
    0.218118679170913268E+02    0.545489094441131606E+01   -0.227295581307497851E+01   -0.962375511231534908E+01    1
    0.261865847882705722E+02    0.601388204507340696E+01   -0.226577404192067799E+01   -0.962475511231540537E+01    1
    0.197110499335470877E+02    0.513255417089308263E+01   -0.226404450153411707E+01   -0.962575511231540126E+01    1
    0.229239914603368540E+02    0.558178684712076834E+01   -0.225867497341756795E+01   -0.962675511231540781E+01    1
    0.261555449182400110E+02    0.598103155867286684E+01   -0.224537437461470857E+01   -0.962775511231544812E+01    1
    0.213596358192188305E+02    0.534193646069963268E+01   -0.223989334501338266E+01   -0.962875511231538184E+01    1
    0.202263226185049731E+02    0.514536529617128657E+01   -0.221739287233780935E+01   -0.962975511231543990E+01    1
    0.244672399973891146E+02    0.572235527844738989E+01   -0.221451493100286800E+01   -0.963075511231548376E+01    1
    0.243506457120553712E+02    0.569704702323907775E+01   -0.220776892764991350E+01   -0.963175511231542281E+01    1
    0.245574165477561053E+02    0.571960945811824928E+01   -0.220444785632296503E+01   -0.963275511231542936E+01    1
    0.242806693047155093E+02    0.567739928524469306E+01   -0.220067855553756919E+01   -0.963375511231540216E+01    1
    0.231233009326793528E+02    0.551370332455255419E+01   -0.219369323424016427E+01   -0.963475511231539627E+01    1
    0.208501964455912763E+02    0.520004879672102138E+01   -0.219361824476136835E+01   -0.963575511231540993E+01    1
    0.238073863266290005E+02    0.560266860754680085E+01   -0.219250570153207436E+01   -0.963675511231537385E+01    1
    0.205759215285889105E+02    0.516092881990255403E+01   -0.219167570771904785E+01   -0.963775511231537330E+01    1
    0.219388746775118122E+02    0.535305453997405944E+01   -0.219123971089891034E+01   -0.963875511231543136E+01    1
    0.218330270947508218E+02    0.533069074029757051E+01   -0.218556730416983180E+01   -0.963975511231550541E+01    1
    0.260394768352317492E+02    0.587818769664349805E+01   -0.218383266815843147E+01   -0.964075511231548887E+01    1
    0.232150526816935781E+02    0.550801860045374703E+01   -0.218153842892512140E+01   -0.964175511231542259E+01    1
    0.223273041211134320E+02    0.538893131810451642E+01   -0.218060336846291980E+01   -0.964275511231538296E+01    1
    0.198616622130802583E+02    0.504691723914607326E+01   -0.217670103444932916E+01   -0.964375511231538418E+01    1
    0.215956372174125626E+02    0.526433850076952936E+01   -0.216190430846948400E+01   -0.964475511231536764E+01    1
    0.244218113707178368E+02    0.563703228123960898E+01   -0.216052115749168161E+01   -0.964575511231542038E+01    1
    0.217259062668223066E+02    0.527616084217198456E+01   -0.215821892145156147E+01   -0.964675511231545002E+01    1
    0.243713555877969910E+02    0.562087059939240152E+01   -0.215412185838336745E+01   -0.964775511231539618E+01    1
    0.244090796575105777E+02    0.562306394707782875E+01   -0.215222622045246181E+01   -0.964875511231545246E+01    1
    0.239988619543849389E+02    0.556862109066130717E+01   -0.215219268420979271E+01   -0.964975511231551764E+01    1
    0.230542791556778965E+02    0.543991514305663948E+01   -0.214985998538477041E+01   -0.965075511231552596E+01    1
    0.231929088741521205E+02    0.544886536516006803E+01   -0.214350525579817575E+01   -0.965175511231544192E+01    1
    0.221024759031253204E+02    0.529765642808696580E+01   -0.213904973116553698E+01   -0.965275511231536676E+01    1
    0.209293807608498952E+02    0.514195061904598028E+01   -0.213768692804280835E+01   -0.965375511231543015E+01    1
    0.249666003431750774E+02    0.567482582206522856E+01   -0.213747774351138675E+01   -0.965475511231546690E+01    1
    0.253229771874210847E+02    0.571531771395005528E+01   -0.213425740959478416E+01   -0.965575511231544859E+01    1
    0.232856389391847003E+02    0.544601026072486061E+01   -0.213331904844220821E+01   -0.965675511231547645E+01    1
    0.207036135512175825E+02    0.510546796102135758E+01   -0.213265367325814337E+01   -0.965775511231546524E+01    1
    0.216387848450715765E+02    0.522250301868065137E+01   -0.212765159333039122E+01   -0.965875511231545936E+01    1
    0.267289392242551287E+02    0.588064595434097726E+01   -0.212538677666892051E+01   -0.965975511231541617E+01    1
    0.252407817954758116E+02    0.567892546636655826E+01   -0.211653346512508067E+01   -0.966075511231542805E+01    1
    0.236693917789697501E+02    0.546776719700070046E+01   -0.211381238473037136E+01   -0.966175511231549855E+01    1
    0.213214446107702784E+02    0.516363986341095060E+01   -0.211263785922821823E+01   -0.966275511231543049E+01    1
    0.225338067729740352E+02    0.531088869204309599E+01   -0.210960328745453740E+01   -0.966375511231537487E+01    1
    0.262477945660478369E+02    0.579332904230540535E+01   -0.210748112931866727E+01   -0.966475511231539564E+01    1
    0.250798532964563243E+02    0.563588410658569305E+01   -0.210120559407071639E+01   -0.966575511231545725E+01    1
    0.246049387891764582E+02    0.557276219610545098E+01   -0.210110557918860374E+01   -0.966675511231543716E+01    1
    0.239712182469035433E+02    0.548709976372249386E+01   -0.210001810063458283E+01   -0.966775511231544549E+01    1
    0.216602307587031255E+02    0.518847162347745527E+01   -0.209812300463155266E+01   -0.966875511231549467E+01    1
    0.210230576038264694E+02    0.509872579046897911E+01   -0.209270934355908222E+01   -0.966975511231550477E+01    1
    0.223206418574026841E+02    0.525317350290127205E+01   -0.209000395964624275E+01   -0.967075511231551310E+01    1
    0.262847033614926602E+02    0.575955570266151451E+01   -0.208144947284447479E+01   -0.967175511231546281E+01    1
    0.258279508065057648E+02    0.569098024741733255E+01   -0.207427317204449446E+01   -0.967275511231541607E+01    1
    0.242381058130208835E+02    0.547362447115012785E+01   -0.206763843015682447E+01   -0.967375511231544216E+01    1
    0.236008638567338380E+02    0.538551528713891869E+01   -0.206525508592104590E+01   -0.967475511231540253E+01    1
    0.241909610724143640E+02    0.545812774399979794E+01   -0.206154356622963109E+01   -0.967575511231538066E+01    1
    0.229039892092815158E+02    0.528562533455874473E+01   -0.206032171759112792E+01   -0.967675511231547425E+01    1
    0.247331541387232221E+02    0.552488706607578806E+01   -0.205816399588856047E+01   -0.967775511231544883E+01    1
    0.207246153514582474E+02    0.500028894592275375E+01   -0.204606389610032613E+01   -0.967875511231540564E+01    1
    0.223207387300409827E+02    0.518599816188293516E+01   -0.203834836544051301E+01   -0.967975511231539976E+01    1
    0.208336005364058963E+02    0.499901987376372503E+01   -0.203333674018595678E+01   -0.968075511231537078E+01    1
    0.202232993338181153E+02    0.489830444856142933E+01   -0.201883644376459914E+01   -0.968175511231537733E+01    1
    0.236208949256079102E+02    0.530896012723354627E+01   -0.201339854093939330E+01   -0.968275511231541763E+01    1
    0.230108820675164338E+02    0.522765572418296820E+01   -0.201170017327175454E+01   -0.968375511231543662E+01    1
    0.216889497228342059E+02    0.508302671336205059E+01   -0.201134521014359313E+01   -0.968475511231543251E+01    1
    0.263471210098260222E+02    0.566116790077006460E+01   -0.201043040184350064E+01   -0.968575511231545505E+01    1
    0.217925152786316048E+02    0.508950789863838526E+01   -0.200754506324359738E+01   -0.968675511231544206E+01    1
    0.197762862988804748E+02    0.481450148955156454E+01   -0.200034392856995202E+01   -0.968775511231543440E+01    1
    0.247013528988352213E+02    0.542985287627715252E+01   -0.199888706792483339E+01   -0.968875511231541608E+01    1
    0.271631084231641644E+02    0.574441096265933293E+01   -0.199706311109440571E+01   -0.968975511231541553E+01    1
    0.218391004955508485E+02    0.508002295669539716E+01   -0.199607251849586009E+01   -0.969075511231545939E+01    1
    0.246494891658786734E+02    0.541398956891459449E+01   -0.199307460473109210E+01   -0.969175511231544640E+01    1
    0.250602165040815983E+02    0.545455173584844832E+01   -0.198410370761661303E+01   -0.969275511231543874E+01    1
    0.216597827292801561E+02    0.504240405907491240E+01   -0.198189839759712005E+01   -0.969375511231543108E+01    1
    0.222684171405669566E+02    0.510794974368495680E+01   -0.198124337254260663E+01   -0.969475511231540565E+01    1
    0.233170222676752061E+02    0.521737414567935520E+01   -0.197737397424157280E+01   -0.969575511231538911E+01    1
    0.229327111963052168E+02    0.517507357060978102E+01   -0.197707298935071663E+01   -0.969675511231539566E+01    1
    0.216411495762961685E+02    0.503355235944344148E+01   -0.197656143931528727E+01   -0.969775511231541820E+01    1
    0.255251209813648430E+02    0.550341658218239171E+01   -0.197587522939634619E+01   -0.969875511231544252E+01    1
    0.228345713170676667E+02    0.516168973555860600E+01   -0.197497752221507139E+01   -0.969975511231543486E+01    1
    0.226008327560380984E+02    0.513466643603254180E+01   -0.197378173058356321E+01   -0.970075511231539522E+01    1
    0.223261586289070983E+02    0.509438281781027058E+01   -0.196572263631921551E+01   -0.970175511231542487E+01    1
    0.239865143693862564E+02    0.528271296419818803E+01   -0.196515743616366301E+01   -0.970275511231543142E+01    1
    0.244595348456745150E+02    0.533724260703017173E+01   -0.195990979527564924E+01   -0.970375511231541665E+01    1
    0.239651747289964661E+02    0.526589473159271471E+01   -0.195620013305596485E+01   -0.970475511231541610E+01    1
    0.230108398017673750E+02    0.515635340157423716E+01   -0.195583146802764984E+01   -0.970575511231538712E+01    1
    0.253584158517316602E+02    0.544010288922015217E+01   -0.194947289609060781E+01   -0.970675511231537591E+01    1
    0.227257430580348903E+02    0.511407746504000738E+01   -0.194715043356477069E+01   -0.970775511231540378E+01    1
    0.242148796842411436E+02    0.527628007938140708E+01   -0.194169837236511089E+01   -0.970875511231540855E+01    1
    0.248658368991838081E+02    0.535450112559346270E+01   -0.193654841106617748E+01   -0.970975511231541688E+01    1
    0.214940778356441342E+02    0.496393519661252913E+01   -0.193592442273555498E+01   -0.971075511231542698E+01    1
    0.247032637431630171E+02    0.532829946835919621E+01   -0.193359604533962637E+01   -0.971175511231540511E+01    1
    0.229724684512681492E+02    0.512233413492480238E+01   -0.193271693677147915E+01   -0.971275511231540634E+01    1
    0.239028645586571962E+02    0.522175749288251811E+01   -0.193113250908185097E+01   -0.971375511231539335E+01    1
    0.208772565570917727E+02    0.487273767084167186E+01   -0.192983417148732461E+01   -0.971475511231541589E+01    1
    0.230703008297237524E+02    0.512907207585739044E+01   -0.192968186479760151E+01   -0.971575511231542954E+01    1
    0.212517071202064400E+02    0.492134756528540773E+01   -0.192831845060917018E+01   -0.971675511231541300E+01    1
    0.242864076250311527E+02    0.526198534899319270E+01   -0.192658898016340818E+01   -0.971775511231542843E+01    1
    0.240543044719119301E+02    0.522809892950818522E+01   -0.192328792008041294E+01   -0.971875511231544031E+01    1
    0.243384307648433555E+02    0.526361978956886212E+01   -0.192325347159751670E+01   -0.971975511231543443E+01    1
    0.245768181697647172E+02    0.529321664481133070E+01   -0.192197914585830754E+01   -0.972075511231541789E+01    1
    0.233042462059786430E+02    0.514041088552828729E+01   -0.191876224759631953E+01   -0.972175511231541378E+01    1
    0.203764591808823319E+02    0.479033541976001587E+01   -0.191846393237551061E+01   -0.972275511231540435E+01    1
    0.242933530269137030E+02    0.524542644751084719E+01   -0.191552476434712604E+01   -0.972375511231539313E+01    1
    0.229439979570650152E+02    0.509496945155259606E+01   -0.191403610813590297E+01   -0.972475511231539080E+01    1
    0.243552199564192229E+02    0.525053854512692819E+01   -0.191357188421965896E+01   -0.972575511231543288E+01    1
    0.233221519733834839E+02    0.513195645691035374E+01   -0.191076846606547912E+01   -0.972675511231544121E+01    1
    0.231590845153426059E+02    0.511304110639464149E+01   -0.190990164382079519E+01   -0.972775511231541756E+01    1
    0.245468949089476425E+02    0.526908329892072747E+01   -0.190923542774758159E+01   -0.972875511231542767E+01    1
    0.235292188267845823E+02    0.515103128644287356E+01   -0.190807720720640828E+01   -0.972975511231543244E+01    1
    0.267052467064835852E+02    0.554235603706445268E+01   -0.190343570408562934E+01   -0.973075511231540347E+01    1
    0.203495483032404536E+02    0.475397737222220140E+01   -0.189339547380466411E+01   -0.973175511231537982E+01    1
    0.180694629868250622E+02    0.444222366832322102E+01   -0.189043566994812373E+01   -0.973275511231540591E+01    1
    0.204384460842752773E+02    0.476158061902116625E+01   -0.189003621155124457E+01   -0.973375511231541601E+01    1
    0.237088947146178732E+02    0.514403801209378653E+01   -0.188775589553794898E+01   -0.973475511231541013E+01    1
    0.233749211940288468E+02    0.510623870560032156E+01   -0.188670938910545827E+01   -0.973575511231539359E+01    1
    0.222516606068958325E+02    0.496562246999216494E+01   -0.187294753964793292E+01   -0.973675511231542856E+01    1
    0.235309888561545044E+02    0.509689747201343391E+01   -0.186668973667107352E+01   -0.973775511231546709E+01    1
    0.232863084687725355E+02    0.506519246380610788E+01   -0.186289262249478949E+01   -0.973875511231546298E+01    1
    0.204043378244159364E+02    0.471646579191661175E+01   -0.185929433328475713E+01   -0.973975511231542868E+01    1
    0.259126754877404863E+02    0.537034508143120082E+01   -0.185925523849723962E+01   -0.974075511231543167E+01    1
    0.224202991010578003E+02    0.495972359823933928E+01   -0.185457320950055715E+01   -0.974175511231542401E+01    1
    0.235362623405983413E+02    0.508106363474280531E+01   -0.185429033651243413E+01   -0.974275511231541458E+01    1
    0.260043200488140300E+02    0.536732226096995557E+01   -0.184984052111660269E+01   -0.974375511231546376E+01    1
    0.247203840659142990E+02    0.520031163630571580E+01   -0.184683147903306266E+01   -0.974475511231545610E+01    1
    0.211802571749734661E+02    0.480096788534070917E+01   -0.184399853221248633E+01   -0.974575511231544311E+01    1
    0.218351940969543143E+02    0.488157879326382993E+01   -0.184378308397187607E+01   -0.974675511231541059E+01    1
    0.214588140763346651E+02    0.483754561497498070E+01   -0.184321266909920500E+01   -0.974775511231540115E+01    1
    0.238467641435161539E+02    0.509591093010640162E+01   -0.183997807290611037E+01   -0.974875511231544500E+01    1
    0.232280676696291017E+02    0.502584243329784641E+01   -0.183803463401568346E+01   -0.974975511231544445E+01    1
    0.225388050352480960E+02    0.494497996490953451E+01   -0.183377010843255706E+01   -0.975075511231540837E+01    1
    0.201882395457089707E+02    0.464706750031182203E+01   -0.182906122654526859E+01   -0.975175511231539893E+01    1
    0.220224028901981690E+02    0.488126655439726420E+01   -0.182823584581999854E+01   -0.975275511231540193E+01    1
    0.218942323289087319E+02    0.485328190334499077E+01   -0.181777472925147898E+01   -0.975375511231539072E+01    1
    0.206111566336924312E+02    0.468575688385986489E+01   -0.181529758415636100E+01   -0.975475511231538128E+01    1
    0.260909833851656785E+02    0.531912147579911831E+01   -0.181306987407989939E+01   -0.975575511231538073E+01    1
    0.226717583829284060E+02    0.492980693354414523E+01   -0.181160801017266682E+01   -0.975675511231537307E+01    1
    0.244866117346846082E+02    0.512596852407828862E+01   -0.181028384568462553E+01   -0.975775511231538850E+01    1
    0.249985748427252155E+02    0.517900656225425848E+01   -0.180820117446506767E+01   -0.975875511231543413E+01    1
    0.244764646824761982E+02    0.510331368577609990E+01   -0.179429359807699917E+01   -0.975975511231544246E+01    1
    0.251863364638871339E+02    0.517756161839245621E+01   -0.179194374526791833E+01   -0.976075511231544368E+01    1
    0.242968218866317294E+02    0.507883877828254882E+01   -0.179068225388685631E+01   -0.976175511231544490E+01    1
    0.229808896197890782E+02    0.493311372074765497E+01   -0.178905620743789484E+01   -0.976275511231543014E+01    1
    0.246794907638745293E+02    0.511399019525714227E+01   -0.178581733086666183E+01   -0.976375511231542248E+01    1
    0.220142209274558454E+02    0.482308157623390077E+01   -0.178565871149288369E+01   -0.976475511231542015E+01    1
    0.219419615337802973E+02    0.480486935818678251E+01   -0.177804214959318707E+01   -0.976575511231545335E+01    1
    0.205890214726139114E+02    0.463040320765001656E+01   -0.177651908437981199E+01   -0.976675511231546700E+01    1
    0.187946984131575903E+02    0.438790570249037071E+01   -0.177640995026201343E+01   -0.976775511231543803E+01    1
    0.261659046856404629E+02    0.556470018590179083E+00   -0.177608439095857196E+01   -0.976875511231543570E+01    1
    0.269984380537716220E+02    0.537447589503979284E+01   -0.177448158399679889E+01   -0.976975511231543869E+01    1
    0.221736103154251794E+02    0.482392516108894398E+01   -0.177347318194149262E+01   -0.977075511231539551E+01    1
    0.250693629796402533E+02    0.539572250921613872E+00   -0.176545150377319859E+01   -0.977175511231540384E+01    1
    0.248602717200077485E+02    0.510039433682523402E+01   -0.176132291278722497E+01   -0.977275511231540506E+01    1
    0.241389099866216306E+02    0.525452740208944613E+00   -0.175585691157859780E+01   -0.977375511231537253E+01    1
    0.254747698889082095E+02    0.553550429063753402E+00   -0.174813023588564120E+01   -0.977475511231542349E+01    1
    0.192309217682441194E+02    0.438858238121371969E+01   -0.173384281887281544E+01   -0.977575511231545669E+01    1
    0.238132099349759265E+02    0.493790634738307155E+01   -0.172616204975872067E+01   -0.977675511231545435E+01    1
    0.228743736996146474E+02    0.482743675468884259E+01   -0.172032321212582118E+01   -0.977775511231542538E+01    1
    0.227473478543189209E+02    0.481045682417651488E+01   -0.171806576428894764E+01   -0.977875511231539818E+01    1
    0.222581808905553302E+02    0.475312191649519367E+01   -0.171519165260479522E+01   -0.977975511231542249E+01    1
    0.224734634230606645E+02    0.476830787346386753E+01   -0.170921509925208293E+01   -0.978075511231544326E+01    1
    0.207699660413406164E+02    0.456152666175647781E+01   -0.170860064713352133E+01   -0.978175511231543027E+01    1
    0.233716108173096160E+02    0.486483733590084189E+01   -0.170818660968932945E+01   -0.978275511231542616E+01    1
    0.210298457475061902E+02    0.459453208833298099E+01   -0.170709323237610988E+01   -0.978375511231543094E+01    1
    0.233006599970901078E+02    0.485385620570485266E+01   -0.170585411552304667E+01   -0.978475511231540374E+01    1
    0.245929008761380814E+02    0.498806099900879207E+01   -0.170101447220036572E+01   -0.978575511231537476E+01    1
    0.224488556618172517E+02    0.474694257329288671E+01   -0.169579804807742351E+01   -0.978675511231539197E+01    1
    0.220751388756518310E+02    0.470236205316463352E+01   -0.169306183954491507E+01   -0.978775511231545003E+01    1
    0.243726329503289207E+02    0.494704307272532784E+01   -0.168884074236742121E+01   -0.978875511231543882E+01    1
    0.221030275824187008E+02    0.469756864692217313E+01   -0.168745797446296808E+01   -0.978975511231543827E+01    1
    0.224617333264450565E+02    0.472960045075183633E+01   -0.168239540185841241E+01   -0.979075511231541995E+01    1
    0.216530645356979186E+02    0.463621538223905727E+01   -0.167869875530353951E+01   -0.979175511231542117E+01    1
    0.219162313854548749E+02    0.466197032821873680E+01   -0.167659941854150318E+01   -0.979275511231543128E+01    1
    0.209875722636472517E+02    0.454022182997909951E+01   -0.167234009589836363E+01   -0.979375511231538098E+01    1
    0.227577963668019727E+02    0.473896589226039300E+01   -0.166608868465754734E+01   -0.979475511231539464E+01    1
    0.232750255321260262E+02    0.543839589172831150E+00   -0.166196343395776625E+01   -0.979575511231541363E+01    1
    0.240867883765670712E+02    0.487283037862033552E+01   -0.165823684455307552E+01   -0.979675511231544682E+01    1
    0.202132888540268887E+02    0.440912766978139814E+01   -0.165355306324380447E+01   -0.979775511231544627E+01    1
    0.229229824562292102E+02    0.473050203922251722E+01   -0.164736762473256526E+01   -0.979875511231542440E+01    1
    0.242723324239740599E+02    0.487496253363132315E+01   -0.164545900664308742E+01   -0.979975511231539720E+01    1
    0.208066086184481129E+02    0.446192821103768811E+01   -0.163431371098141098E+01   -0.980075511231538243E+01    1
    0.223296238629725146E+02    0.538212525825352506E+00   -0.162952247443018328E+01   -0.980175511231539254E+01    1
    0.247272917729334267E+02    0.584256129667122037E+00   -0.162776251946680661E+01   -0.980275511231537777E+01    1
    0.261676322943584658E+02    0.505457971593467281E+01   -0.162644080071441266E+01   -0.980375511231541452E+01    1
    0.242683788449545830E+02    0.484475488878400906E+01   -0.162456797264216868E+01   -0.980475511231544417E+01    1
    0.232270591566111584E+02    0.472982315945587661E+01   -0.162361902212136933E+01   -0.980575511231540453E+01    1
    0.240333671974275553E+02    0.573010760499769400E+00   -0.162280784474501338E+01   -0.980675511231541996E+01    1
    0.227091087558413918E+02    0.467204435599220602E+01   -0.162271961203286219E+01   -0.980775511231541586E+01    1
    0.210510553007582146E+02    0.447427028074704225E+01   -0.161984975172929646E+01   -0.980875511231537089E+01    1
    0.261283993492966857E+02    0.504076082082734267E+01   -0.161977595952777298E+01   -0.980975511231538455E+01    1
    0.228638935525783964E+02    0.468376434256284302E+01   -0.161911612752805900E+01   -0.981075511231542130E+01    1
    0.267119135310848712E+02    0.510220789886480119E+01   -0.161842783524077327E+01   -0.981175511231543140E+01    1
    0.222886652567885477E+02    0.541761261960464369E+00   -0.161817332779154133E+01   -0.981275511231541664E+01    1
    0.233441962043347182E+02    0.472471054560345660E+01   -0.161114726687325960E+01   -0.981375511231543030E+01    1
    0.238040799571345936E+02    0.476798520453482411E+01   -0.160636292669067804E+01   -0.981475511231544928E+01    1
    0.232056035164684822E+02    0.469983555270387665E+01   -0.160436684122591866E+01   -0.981575511231543274E+01    1
    0.238410513614240713E+02    0.577277827059981985E+00   -0.160213969474869922E+01   -0.981675511231539133E+01    1
    0.227348514735996474E+02    0.464464925517149574E+01   -0.160170159903350751E+01   -0.981775511231537656E+01    1
    0.245833722953138682E+02    0.484504290366197043E+01   -0.160085630441129334E+01   -0.981875511231542930E+01    1
    0.229156573377380184E+02    0.466151427256715323E+01   -0.159972306568452738E+01   -0.981975511231543940E+01    1
    0.224782784075431366E+02    0.461006632322718879E+01   -0.159713044404120152E+01   -0.982075511231540332E+01    1
    0.262562816074548699E+02    0.626129682946414357E+00   -0.159522250189348469E+01   -0.982175511231542764E+01    1
    0.211638055166999948E+02    0.444983215027270074E+01   -0.159230711401020053E+01   -0.982275511231546616E+01    1
    0.215944487601669337E+02    0.450546481467335447E+01   -0.159145785847632260E+01   -0.982375511231544962E+01    1
    0.229098760781904929E+02    0.464772145495663924E+01   -0.159061989499778034E+01   -0.982475511231541532E+01    1
    0.230890968918477135E+02    0.466431645144408513E+01   -0.158858232350448980E+01   -0.982575511231543786E+01    1
    0.228667077085753156E+02    0.463897410444163150E+01   -0.158783248079830330E+01   -0.982675511231543730E+01    1
    0.240060038268095148E+02    0.476207129889156988E+01   -0.158703059431010196E+01   -0.982775511231543497E+01    1
    0.257143337868221131E+02    0.494643237287636950E+01   -0.158570704989864208E+01   -0.982875511231542376E+01    1
    0.256483527075745030E+02    0.493735733944806476E+01   -0.158439539229389692E+01   -0.982975511231543209E+01    1
    0.283890200980246412E+02    0.520883366592629926E+01   -0.158252701465930046E+01   -0.983075511231545818E+01    1
    0.258230395374257213E+02    0.495235584875401891E+01   -0.158170154102603511E+01   -0.983175511231540433E+01    1
    0.204002949677205585E+02    0.433092552804400555E+01   -0.158142423082913841E+01   -0.983275511231539667E+01    1
    0.264778873942459718E+02    0.501697104206597810E+01   -0.157733743055331344E+01   -0.983375511231540322E+01    1
    0.221170785146428415E+02    0.555046528222603919E+00   -0.157520416206774172E+01   -0.983475511231541866E+01    1
    0.230255286714938379E+02    0.463497719434475730E+01   -0.157316720457462900E+01   -0.983575511231546784E+01    1
    0.219376204187761275E+02    0.451414701669122032E+01   -0.157167550919644339E+01   -0.983675511231547439E+01    1
    0.214611122714919347E+02    0.445378892522598235E+01   -0.156741222383830325E+01   -0.983775511231545252E+01    1
    0.252761103575557655E+02    0.487020393434334764E+01   -0.156615978819538926E+01   -0.983875511231544841E+01    1
    0.242467447626844752E+02    0.475670599778067427E+01   -0.156531269156713204E+01   -0.983975511231546207E+01    1
    0.261779818908484216E+02    0.496527771902872495E+01   -0.156430799735376236E+01   -0.984075511231545441E+01    1
    0.257245180446089741E+02    0.491472356610207228E+01   -0.156337381531686992E+01   -0.984175511231541300E+01    1
    0.248987008117342619E+02    0.482224528830685184E+01   -0.156150686670240879E+01   -0.984275511231541067E+01    1
    0.200254588785526586E+02    0.424617203585009939E+01   -0.155804243018759769E+01   -0.984375511231541012E+01    1
    0.271667416550531868E+02    0.506184064260438582E+01   -0.155708741343863788E+01   -0.984475511231539713E+01    1
    0.241011991839713957E+02    0.601580684312884806E+00   -0.155213124677062342E+01   -0.984575511231544098E+01    1
    0.234981683989352064E+02    0.464995691663278699E+01   -0.154819590526892314E+01   -0.984675511231543155E+01    1
    0.259243096878791803E+02    0.491310350382547600E+01   -0.154763676074496925E+01   -0.984775511231541145E+01    1
    0.226215657817511406E+02    0.455225565764527662E+01   -0.154677406489833347E+01   -0.984875511231543754E+01    1
    0.230968419980443649E+02    0.459875889705576224E+01   -0.154315337316907719E+01   -0.984975511231544942E+01    1
    0.205359615743992450E+02    0.429272163343773983E+01   -0.154280482332503288E+01   -0.985075511231540268E+01    1
    0.211230770473596401E+02    0.435444257066993234E+01   -0.153090972146873461E+01   -0.985175511231539858E+01    1
    0.205681585439506023E+02    0.539585806295969861E+00   -0.152999103717291818E+01   -0.985275511231541934E+01    1
    0.243039268968451587E+02    0.615888928429995430E+00   -0.152549450304478085E+01   -0.985375511231539392E+01    1
    0.193139179725059300E+02    0.411297464193646434E+01   -0.152145242006576109E+01   -0.985475511231538981E+01    1
    0.225571112848879096E+02    0.586125728791538014E+00   -0.151717125405834885E+01   -0.985575511231542301E+01    1
    0.259742767916081299E+02    0.652074374915257216E+00   -0.151519535662855409E+01   -0.985675511231544732E+01    1
    0.234719296845921477E+02    0.605657323787260449E+00   -0.151157884481756399E+01   -0.985775511231542900E+01    1
    0.235643398117781793E+02    0.459752595122153718E+01   -0.150796702166806451E+01   -0.985875511231540536E+01    1
    0.262208444697618468E+02    0.488429648550496509E+01   -0.150687776127400541E+01   -0.985975511231541724E+01    1
    0.209376094580722310E+02    0.428808827913477320E+01   -0.150317054692205332E+01   -0.986075511231544688E+01    1
    0.227458767761171146E+02    0.449707007481266441E+01   -0.150049040237449538E+01   -0.986175511231541257E+01    1
    0.235686897956530466E+02    0.458406393660397704E+01   -0.149865731407146052E+01   -0.986275511231536584E+01    1
    0.214333039419050593E+02    0.434791253714531223E+01   -0.149841470026249035E+01   -0.986375511231536706E+01    1
    0.229767551488482482E+02    0.451721702486485377E+01   -0.149713333991163755E+01   -0.986475511231540203E+01    1
    0.215926034738589543E+02    0.576402881824166435E+00   -0.149574311320747766E+01   -0.986575511231539437E+01    1
    0.273043633648144137E+02    0.498266960581542051E+01   -0.149453614306590077E+01   -0.986675511231540092E+01    1
    0.231537920248899916E+02    0.453239307433701377E+01   -0.149438070062616513E+01   -0.986775511231540570E+01    1
    0.208682179123395315E+02    0.426283424105079245E+01   -0.149258398504702883E+01   -0.986875511231539271E+01    1
    0.264409432160451594E+02    0.675186517661632624E+00   -0.148868088449442548E+01   -0.986975511231540459E+01    1
    0.235181182883528592E+02    0.456341859158507734E+01   -0.148858894273180042E+01   -0.987075511231541824E+01    1
    0.227754420983836496E+02    0.446902045945747250E+01   -0.147970733335880666E+01   -0.987175511231539637E+01    1
    0.233915037426495367E+02    0.453464228818111614E+01   -0.147866827860719985E+01   -0.987275511231536740E+01    1
    0.269080541578682286E+02    0.491283946025097151E+01   -0.147655815376697430E+01   -0.987375511231541658E+01    1
    0.233041875721794511E+02    0.616923492751392799E+00   -0.147548610268178426E+01   -0.987475511231541958E+01    1
    0.256655545846243029E+02    0.477563155481205825E+01   -0.147494345143996530E+01   -0.987575511231537106E+01    1
    0.222224534357065195E+02    0.597203247819999561E+00   -0.147362351027081950E+01   -0.987675511231539716E+01    1
    0.235756261585742912E+02    0.453480027697905097E+01   -0.146566754836724122E+01   -0.987775511231540193E+01    1
    0.235442734312299642E+02    0.452597868981078300E+01   -0.146213212701829098E+01   -0.987875511231541559E+01    1
    0.234651795067810411E+02    0.451309087142984389E+01   -0.145932485823433811E+01   -0.987975511231545411E+01    1
    0.209620733911146964E+02    0.574882911697373267E+00   -0.145745443449703105E+01   -0.988075511231544645E+01    1
    0.222338883432778793E+02    0.437506706797051503E+01   -0.145672459086912531E+01   -0.988175511231544412E+01    1
    0.174434239253714622E+02    0.382448298415956023E+01   -0.145666315838264193E+01   -0.988275511231541337E+01    1
    0.241114983469517945E+02    0.457906733903746765E+01   -0.145664854139232003E+01   -0.988375511231543413E+01    1
    0.223202127952276683E+02    0.438274035921900484E+01   -0.145558267086609261E+01   -0.988475511231543713E+01    1
    0.239232421524101930E+02    0.455138081285869767E+01   -0.145192551723166896E+01   -0.988575511231539394E+01    1
    0.215289560462707463E+02    0.428768329022509675E+01   -0.145011164736766740E+01   -0.988675511231539517E+01    1
    0.243337853767807957E+02    0.458884138793168717E+01   -0.144734757339151154E+01   -0.988775511231537330E+01    1
    0.243325241670102272E+02    0.458605933740255001E+01   -0.144563473527469677E+01   -0.988875511231536741E+01    1
    0.221314171433010500E+02    0.434501804625584054E+01   -0.144438046538209131E+01   -0.988975511231540061E+01    1
    0.217402813459236199E+02    0.429595850382011424E+01   -0.144020891181592137E+01   -0.989075511231539473E+01    1
    0.224840227696094814E+02    0.437606466916289971E+01   -0.143955008226183501E+01   -0.989175511231538707E+01    1
    0.210623844389494579E+02    0.420670141646907503E+01   -0.143839175707872902E+01   -0.989275511231538474E+01    1
    0.245600507069727563E+02    0.459817175751329721E+01   -0.143751726157751647E+01   -0.989375511231536464E+01    1
    0.217470139420571584E+02    0.428986027780114032E+01   -0.143576292580018605E+01   -0.989475511231541560E+01    1
    0.221008012837641274E+02    0.432093067511998541E+01   -0.143088147198936189E+01   -0.989575511231545413E+01    1
    0.273791224199268051E+02    0.489028756771318296E+01   -0.143016267106587702E+01   -0.989675511231543581E+01    1
    0.229394358257971547E+02    0.441019725467224788E+01   -0.142964279551673257E+01   -0.989775511231542104E+01    1
    0.249004030289567346E+02    0.462147064242192318E+01   -0.142875251720618812E+01   -0.989875511231543648E+01    1
    0.192069629553909920E+02    0.398356453593127569E+01   -0.142684813063083182E+01   -0.989975511231547145E+01    1
    0.253469792590413014E+02    0.466522727667419357E+01   -0.142575092965167660E+01   -0.990075511231541405E+01    1
    0.207740090779596827E+02    0.415538850877241206E+01   -0.142541218808474235E+01   -0.990175511231538863E+01    1
    0.226436387604385096E+02    0.625389155998815283E+00   -0.142399801859325525E+01   -0.990275511231541472E+01    1
    0.257147421397826470E+02    0.470086792745351900E+01   -0.142302943943871285E+01   -0.990375511231540351E+01    1
    0.238393938781996937E+02    0.449514741547993335E+01   -0.142152466697570090E+01   -0.990475511231543315E+01    1
    0.226717807511770140E+02    0.436796699769196906E+01   -0.142116711571559251E+01   -0.990575511231546990E+01    1
    0.222337833441088257E+02    0.619771461494902920E+00   -0.141880710983364056E+01   -0.990675511231544093E+01    1
    0.243718104576963412E+02    0.454785337635293363E+01   -0.141830191592688015E+01   -0.990775511231543682E+01    1
    0.217528031585721600E+02    0.426206089187529535E+01   -0.141735031456094096E+01   -0.990875511231543449E+01    1
    0.238084173595613535E+02    0.447958387957900328E+01   -0.141371632481127874E+01   -0.990975511231543749E+01    1
    0.256607811164935065E+02    0.467629925506682920E+01   -0.141105725036480090E+01   -0.991075511231546713E+01    1
    0.223203062992887169E+02    0.431254154326337069E+01   -0.141010159989379069E+01   -0.991175511231543460E+01    1
    0.235619236779467585E+02    0.444686413847695849E+01   -0.140989414985142525E+01   -0.991275511231540740E+01    1
    0.235652256453654978E+02    0.649407210242463284E+00   -0.140806797644234050E+01   -0.991375511231540685E+01    1
    0.214313955625624821E+02    0.420794564726007003E+01   -0.140697082076491120E+01   -0.991475511231540096E+01    1
    0.219056524840491775E+02    0.426241920106364969E+01   -0.140684956986834542E+01   -0.991575511231537554E+01    1
    0.229429252441590634E+02    0.437468845915062587E+01   -0.140667705319304970E+01   -0.991675511231540874E+01    1
    0.256128644895400051E+02    0.690935477667172115E+00   -0.140336834152097234E+01   -0.991775511231545082E+01    1
    0.255160402475205643E+02    0.464570814465825954E+01   -0.140157293142022032E+01   -0.991875511231540052E+01    1
    0.227112484984068139E+02    0.434101193182711054E+01   -0.140123676235449546E+01   -0.991975511231537688E+01    1
    0.226164231296700287E+02    0.431880527839467909E+01   -0.139367302109620783E+01   -0.992075511231537632E+01    1
    0.220510949300403283E+02    0.424985472065144965E+01   -0.138883723847800056E+01   -0.992175511231540774E+01    1
    0.227121428184192702E+02    0.432105821494047770E+01   -0.138853122496335790E+01   -0.992275511231541962E+01    1
    0.213964728685777956E+02    0.417114590732807411E+01   -0.138379011815627884E+01   -0.992375511231536933E+01    1
    0.216270847286119192E+02    0.623005314656177700E+00   -0.138339421594821932E+01   -0.992475511231537055E+01    1
    0.257905090805121588E+02    0.464400259803170723E+01   -0.138165902451405098E+01   -0.992575511231540020E+01    1
    0.228620419962907846E+02    0.432203741974049560E+01   -0.137889717622261498E+01   -0.992675511231544228E+01    1
    0.225786793784053721E+02    0.643956851455651069E+00   -0.137637515671672372E+01   -0.992775511231541863E+01    1
    0.248526942016642671E+02    0.453063745377187388E+01   -0.137432191301683448E+01   -0.992875511231539676E+01    1
    0.211942454033782326E+02    0.413448235646022155E+01   -0.137276597751677842E+01   -0.992975511231545305E+01    1
    0.264719050069508448E+02    0.470008491572462450E+01   -0.137046328583665789E+01   -0.993075511231544894E+01    1
    0.224553076592179757E+02    0.644780347235626605E+00   -0.136886718467091129E+01   -0.993175511231539510E+01    1
    0.216838543685140088E+02    0.417710933051040900E+01   -0.136599142697786546E+01   -0.993275511231537145E+01    1
    0.231678084197870611E+02    0.433456727625558269E+01   -0.136595127137152472E+01   -0.993375511231538866E+01    1
    0.252959202657351696E+02    0.455969307464211049E+01   -0.136241305721359729E+01   -0.993475511231538810E+01    1
    0.237083701725985954E+02    0.438678717716059641E+01   -0.136194877131135805E+01   -0.993575511231537867E+01    1
    0.251789021307563381E+02    0.454517613501693152E+01   -0.136127191187364116E+01   -0.993675511231536746E+01    1
    0.216643937862923011E+02    0.416809035832907693E+01   -0.136021864068887988E+01   -0.993775511231535980E+01    1
    0.197844420245925932E+02    0.395837518643882413E+01   -0.135747364489775735E+01   -0.993875511231542497E+01    1
    0.243827928312121109E+02    0.444915307547651384E+01   -0.135522949988870733E+01   -0.993975511231541553E+01    1
    0.215573209129977172E+02    0.415000869967199648E+01   -0.135396469778899919E+01   -0.994075511231539188E+01    1
    0.242346807178241193E+02    0.442852479454534897E+01   -0.135238732019357144E+01   -0.994175511231540554E+01    1
    0.237206401509449982E+02    0.437179079913735702E+01   -0.135177245589744777E+01   -0.994275511231542808E+01    1
    0.231474881187296369E+02    0.430811942041540341E+01   -0.135083013730012746E+01   -0.994375511231542575E+01    1
    0.265285202775840503E+02    0.467254297094685178E+01   -0.134944166157401391E+01   -0.994475511231541986E+01    1
    0.204986059976832991E+02    0.608421781595562705E+00   -0.134713103722888405E+01   -0.994575511231542642E+01    1
    0.257085344912930296E+02    0.457447614039040218E+01   -0.134376887016970903E+01   -0.994675511231537257E+01    1
    0.188069100760333150E+02    0.383187122982825557E+01   -0.134358100826496174E+01   -0.994775511231539156E+01    1
    0.253672020420216171E+02    0.712849225552227184E+00   -0.134018249869536565E+01   -0.994875511231538567E+01    1
    0.247472107314725314E+02    0.445587864877134887E+01   -0.133489669494615093E+01   -0.994975511231538334E+01    1
    0.208002578058339829E+02    0.404016001437550365E+01   -0.133401054050831291E+01   -0.995075511231539878E+01    1
    0.224013328966887961E+02    0.419858233590001362E+01   -0.133310981050978250E+01   -0.995175511231542842E+01    1
    0.211928384547103796E+02    0.632735968990898900E+00   -0.133234998788499115E+01   -0.995275511231545273E+01    1
    0.246992472775324963E+02    0.444557209744955806E+01   -0.133174803980461798E+01   -0.995375511231542909E+01    1
    0.209529068656229960E+02    0.405269847170639785E+01   -0.133069405644788752E+01   -0.995475511231544097E+01    1
    0.232539102520491667E+02    0.428668128402680093E+01   -0.133042306231091945E+01   -0.995575511231540311E+01    1
    0.243006206705742898E+02    0.439316486508741377E+01   -0.132609867330638820E+01   -0.995675511231535815E+01    1
    0.228186128648932396E+02    0.422565113462305764E+01   -0.132192444978171619E+01   -0.995775511231539490E+01    1
    0.222751272529280619E+02    0.417024619473171665E+01   -0.132091242568429146E+01   -0.995875511231543342E+01    1
    0.205667634277950384E+02    0.620790914915790082E+00   -0.131981308656068141E+01   -0.995975511231543642E+01    1
    0.254347492195502163E+02    0.450545235106211983E+01   -0.131952842210337828E+01   -0.996075511231541988E+01    1
    0.240481869506134309E+02    0.435365427587286558E+01   -0.131865117342689975E+01   -0.996175511231544064E+01    1
    0.213272833763406489E+02    0.407649017552134030E+01   -0.131733724149562326E+01   -0.996275511231545607E+01    1
    0.244158303698245440E+02    0.438800972376809284E+01   -0.131527564660134622E+01   -0.996375511231539335E+01    1
    0.219874553909288117E+02    0.658887056330712539E+00   -0.131502251143704885E+01   -0.996475511231536792E+01    1
    0.235536376962021379E+02    0.429405365365890912E+01   -0.131499726341459500E+01   -0.996575511231539046E+01    1
    0.209011022385408261E+02    0.402510349303009018E+01   -0.131420713477968332E+01   -0.996675511231544320E+01    1
    0.233757387466380635E+02    0.426962259872999983E+01   -0.131185649480852007E+01   -0.996775511231546751E+01    1
    0.241717277080971442E+02    0.435324325653209510E+01   -0.131020758768861478E+01   -0.996875511231544742E+01    1
    0.255032781325384228E+02    0.449324695390670570E+01   -0.130752577740042319E+01   -0.996975511231540601E+01    1
    0.241177973003831525E+02    0.433475073654989984E+01   -0.130250476215552102E+01   -0.997075511231540190E+01    1
    0.234559904394044985E+02    0.693316580477558730E+00   -0.129969664432061438E+01   -0.997175511231545464E+01    1
    0.233851103016806583E+02    0.691988942619308767E+00   -0.129966508091648647E+01   -0.997275511231547362E+01    1
    0.241867205506574763E+02    0.433683798360246442E+01   -0.129923119639572460E+01   -0.997375511231547485E+01    1
    0.267640864990324872E+02    0.461171690502219089E+01   -0.129642478423742169E+01   -0.997475511231543166E+01    1
    0.223900829419566882E+02    0.675581553443802441E+00   -0.129409878400649236E+01   -0.997575511231542578E+01    1
    0.226855387518403084E+02    0.416769176529291752E+01   -0.129183941242723654E+01   -0.997675511231542345E+01    1
    0.241563866568521455E+02    0.432102976101478653E+01   -0.129164337106348825E+01   -0.997775511231541579E+01    1
    0.221801217421825001E+02    0.411753600404728282E+01   -0.128680237760348737E+01   -0.997875511231543122E+01    1
    0.244876839053846638E+02    0.719273908936035711E+00   -0.128494826153951824E+01   -0.997975511231544132E+01    1
    0.225382435875242244E+02    0.683552205664598178E+00   -0.128227666181132061E+01   -0.998075511231545498E+01    1
    0.211849795938961769E+02    0.401179878665851231E+01   -0.128082661032698009E+01   -0.998175511231542778E+01    1
    0.231876050053356160E+02    0.698591785983695091E+00   -0.127600929254695550E+01   -0.998275511231541657E+01    1
    0.254965415599609990E+02    0.443754287168279760E+01   -0.127427680539478771E+01   -0.998375511231542667E+01    1
    0.237065030009436413E+02    0.424162982161905155E+01   -0.127320210337746342E+01   -0.998475511231541368E+01    1
    0.220731610853309199E+02    0.679821557389774900E+00   -0.127073835720459427E+01   -0.998575511231542912E+01    1
    0.249038761306763483E+02    0.436427819780119641E+01   -0.126888722463100989E+01   -0.998675511231547297E+01    1
    0.204430175614551111E+02    0.391268738740338007E+01   -0.126836223900652012E+01   -0.998775511231541202E+01    1
    0.253557120925193544E+02    0.441095578385193576E+01   -0.126749783986598463E+01   -0.998875511231536173E+01    1
    0.215710885636376801E+02    0.672310079731694321E+00   -0.126622768900055149E+01   -0.998975511231538249E+01    1
    0.222713713087777307E+02    0.685712224427330930E+00   -0.126588858972781915E+01   -0.999075511231539437E+01    1
    0.231702490119839304E+02    0.417243270872316696E+01   -0.126383049197305586E+01   -0.999175511231541513E+01    1
    0.243362568395402050E+02    0.429308933792552239E+01   -0.126312928540929725E+01   -0.999275511231540214E+01    1
    0.244370984273363554E+02    0.430313715304936473E+01   -0.126259930332341330E+01   -0.999375511231540159E+01    1
    0.241645038647811035E+02    0.723275798545720994E+00   -0.126195907614028724E+01   -0.999475511231539926E+01    1
    0.225374788899528262E+02    0.692644799585284354E+00   -0.126159904314071158E+01   -0.999575511231539160E+01    1
    0.216493147813552014E+02    0.403285862720354249E+01   -0.125985386608531291E+01   -0.999675511231538749E+01    1
    0.219769913324742596E+02    0.406261470573247507E+01   -0.125941366919212872E+01   -0.999775511231541003E+01    1
    0.223981556567699975E+02    0.691321811970402100E+00   -0.125863335208876403E+01   -0.999875511231540770E+01    1
    0.252547856344399761E+02    0.437622005299946792E+01   -0.125331592508985534E+01   -0.999975511231534853E+01    1
    0.201702770867837629E+02    0.386135083853531258E+01   -0.125288920975014695E+01   -0.100007551123153515E+02    1
    0.273462684915785488E+02    0.803093404386564291E+00   -0.125276282482523560E+01   -0.100017551123153936E+02    1
    0.223633274833792228E+02    0.693618108668755617E+00   -0.125197660104039832E+01   -0.100027551123153842E+02    1
    0.198100525172480602E+02    0.381636666118096812E+01   -0.124919254138395375E+01   -0.100037551123153836E+02    1
    0.213292610830477116E+02    0.398392680909138663E+01   -0.124862247581669839E+01   -0.100047551123153848E+02    1
    0.239715910482402492E+02    0.725743174565808280E+00   -0.124818022247931570E+01   -0.100057551123153807E+02    1
    0.233382359741586214E+02    0.414890835010604064E+01   -0.123546538262534100E+01   -0.100067551123154459E+02    1
    0.253105484624298889E+02    0.434941272717840288E+01   -0.123389074563913304E+01   -0.100077551123154223E+02    1
    0.241930057380386785E+02    0.736609978633395279E+00   -0.123324865480229184E+01   -0.100087551123153826E+02    1
    0.238211937692054434E+02    0.418477698648685781E+01   -0.123121970905802236E+01   -0.100097551123153981E+02    1
    0.236085046797798803E+02    0.416339604683501108E+01   -0.122895697579790042E+01   -0.100107551123153886E+02    1
    0.211028545891795396E+02    0.676625730716427842E+00   -0.122636050348965431E+01   -0.100117551123154183E+02    1
    0.224375130537812773E+02    0.709252943444941719E+00   -0.122022410277064752E+01   -0.100127551123154728E+02    1
    0.251690561891201234E+02    0.430841436421630153E+01   -0.121885167017173268E+01   -0.100137551123154562E+02    1
    0.232768137062365312E+02    0.411763984781321835E+01   -0.121629772436557926E+01   -0.100147551123154184E+02    1
    0.227676449046502682E+02    0.406867019999497526E+01   -0.121254853362769199E+01   -0.100157551123154072E+02    1
    0.197296524230059589E+02    0.374970589564925838E+01   -0.120753779667495142E+01   -0.100167551123153782E+02    1
    0.241551141395918592E+02    0.418100803618019512E+01   -0.120729541966272302E+01   -0.100177551123153581E+02    1
    0.219055805050194436E+02    0.398248628095661816E+01   -0.120627438921971608E+01   -0.100187551123153664E+02    1
    0.225667922285718952E+02    0.404107537061836020E+01   -0.120501848309443904E+01   -0.100197551123154067E+02    1
    0.230709523525388391E+02    0.728154077883358064E+00   -0.120497807310125382E+01   -0.100207551123153955E+02    1
    0.232835460004615200E+02    0.410220905287467463E+01   -0.120457569736875869E+01   -0.100217551123153914E+02    1
    0.246254383417539202E+02    0.422430200521797161E+01   -0.120421239294585125E+01   -0.100227551123154370E+02    1
    0.184224255607598586E+02    0.359651389202509186E+01   -0.120245285308112049E+01   -0.100237551123154045E+02    1
    0.257646171849335168E+02    0.434413917067112632E+01   -0.120206768843921608E+01   -0.100247551123153844E+02    1
    0.222480927600656386E+02    0.400651328060954182E+01   -0.120078632113383432E+01   -0.100257551123153714E+02    1
    0.202769543960000220E+02    0.379880990475126445E+01   -0.119931651174399012E+01   -0.100267551123153442E+02    1
    0.218176313854382755E+02    0.709537330385110798E+00   -0.119380384720277855E+01   -0.100277551123153348E+02    1
    0.230613149874078900E+02    0.406407156733826813E+01   -0.119075939513608042E+01   -0.100287551123153627E+02    1
    0.250472230529630515E+02    0.424372551292226774E+01   -0.118901579521389422E+01   -0.100297551123154172E+02    1
    0.238659022296924128E+02    0.750686767780950004E+00   -0.118859677056926150E+01   -0.100307551123153953E+02    1
    0.241458420028428264E+02    0.756606150830581803E+00   -0.118724302324791142E+01   -0.100317551123153983E+02    1
    0.194338376145594331E+02    0.368632127488599393E+01   -0.118581365499483526E+01   -0.100327551123154315E+02    1
    0.260702603747258692E+02    0.434896040373682613E+01   -0.118573491457077385E+01   -0.100337551123153901E+02    1
    0.235920850490858740E+02    0.748476118633514931E+00   -0.118213583721822046E+01   -0.100347551123153842E+02    1
    0.218573585860029063E+02    0.716992604534027356E+00   -0.117921820328321414E+01   -0.100357551123154156E+02    1
    0.212122674212413322E+02    0.702306438815311074E+00   -0.117708817471357374E+01   -0.100367551123154541E+02    1
    0.227529124588212532E+02    0.401779578919784441E+01   -0.117652641687342485E+01   -0.100377551123154465E+02    1
    0.215586898279664361E+02    0.390782826193760968E+01   -0.117617789746848578E+01   -0.100387551123153838E+02    1
    0.223015870769366593E+02    0.397646299644730439E+01   -0.117604464275958853E+01   -0.100397551123153832E+02    1
    0.223337796134490354E+02    0.728109598661560664E+00   -0.117466945150861490E+01   -0.100407551123154519E+02    1
    0.233475693623599305E+02    0.747327907880955711E+00   -0.117459803529742679E+01   -0.100417551123154851E+02    1
    0.246227454065415152E+02    0.417544136172138280E+01   -0.117406807303971372E+01   -0.100427551123154206E+02    1
    0.248077647104899768E+02    0.418918400939366542E+01   -0.117249187914405373E+01   -0.100437551123153987E+02    1
    0.225211582751208645E+02    0.732668145244379176E+00   -0.117248121231638103E+01   -0.100447551123154444E+02    1
    0.218938196300369725E+02    0.392634334676242647E+01   -0.116739687870380116E+01   -0.100457551123154669E+02    1
    0.228704203095767440E+02    0.401472637134296484E+01   -0.116705991997600300E+01   -0.100467551123154131E+02    1
    0.197573776334589013E+02    0.368659134108948727E+01   -0.116086331205583315E+01   -0.100477551123153503E+02    1
    0.236127214248532766E+02    0.406694414007521932E+01   -0.115868689138524328E+01   -0.100487551123153889E+02    1
    0.249284515009930310E+02    0.787532827486175480E+00   -0.115838002252513972E+01   -0.100497551123154292E+02    1
    0.227149067173346495E+02    0.398626509343706337E+01   -0.115630641177322024E+01   -0.100507551123154180E+02    1
    0.251760883979681189E+02    0.420022445717079762E+01   -0.115624040408515527E+01   -0.100517551123154103E+02    1
    0.245095524321361111E+02    0.414020278349285409E+01   -0.115584336401792132E+01   -0.100527551123154222E+02    1
    0.254811607527489770E+02    0.423212752221826438E+01   -0.115557307687229449E+01   -0.100537551123154199E+02    1
    0.203774185780467612E+02    0.688777426842120510E+00   -0.115348017014495507E+01   -0.100547551123154015E+02    1
    0.234484970158554766E+02    0.404494473500219076E+01   -0.115309867679895794E+01   -0.100557551123154045E+02    1
    0.245600525348499445E+02    0.413898853620407969E+01   -0.115188830758156535E+01   -0.100567551123154075E+02    1
    0.200872946135642110E+02    0.370994089616673151E+01   -0.115168493902886060E+01   -0.100577551123154283E+02    1
    0.220684204630278700E+02    0.391849375189329985E+01   -0.115067728460233365E+01   -0.100587551123154260E+02    1
    0.234730026285798594E+02    0.404224959714411991E+01   -0.114968712851297727E+01   -0.100597551123153952E+02    1
    0.235271940212902813E+02    0.404465290190606197E+01   -0.114808173444598127E+01   -0.100607551123154302E+02    1
    0.256600864435050404E+02    0.423663522501834144E+01   -0.114717429251798975E+01   -0.100617551123154172E+02    1
    0.242084515285663215E+02    0.410049508406412322E+01   -0.114607017001891820E+01   -0.100627551123154255E+02    1
    0.222238280546591369E+02    0.392412041904275233E+01   -0.114461082877078280E+01   -0.100637551123154694E+02    1
    0.227782774388581011E+02    0.397516529414562791E+01   -0.114455855047858046E+01   -0.100647551123154226E+02    1
    0.182575303769692994E+02    0.648074869137483245E+00   -0.114324889686937881E+01   -0.100657551123154256E+02    1
    0.220861089040798007E+02    0.738808565383363813E+00   -0.114169045752155873E+01   -0.100667551123154801E+02    1
    0.246499818779891307E+02    0.413150943454636632E+01   -0.114110915559078818E+01   -0.100677551123154423E+02    1
    0.214115566574933105E+02    0.383774887797830688E+01   -0.113860774571961421E+01   -0.100687551123154329E+02    1
    0.234113012361172288E+02    0.401966147592164980E+01   -0.113747763307049010E+01   -0.100697551123154323E+02    1
    0.217333652412350240E+02    0.386790080544492465E+01   -0.113718100217359064E+01   -0.100707551123154353E+02    1
    0.263673856098684851E+02    0.834955648079805490E+00   -0.113684251692937277E+01   -0.100717551123154507E+02    1
    0.242148370972867859E+02    0.408725226985688295E+01   -0.113633339979594239E+01   -0.100727551123154253E+02    1
    0.194657387610372652E+02    0.675848490912460909E+00   -0.113632476417119288E+01   -0.100737551123153999E+02    1
    0.216405814375912335E+02    0.385681273626821364E+01   -0.113546780432707251E+01   -0.100747551123154331E+02    1
    0.244465112359991679E+02    0.410573742297856459E+01   -0.113529807355334933E+01   -0.100757551123154272E+02    1
    0.248917910987651645E+02    0.799720971574876094E+00   -0.113202283435709661E+01   -0.100767551123153822E+02    1
    0.231939594422237434E+02    0.399213186214644189E+01   -0.113128295407683033E+01   -0.100777551123153870E+02    1
    0.231960808510836927E+02    0.399089360038879759E+01   -0.113028555262462693E+01   -0.100787551123153811E+02    1
    0.208502105160002635E+02    0.376074044776688421E+01   -0.112844568361453512E+01   -0.100797551123153895E+02    1
    0.181319585340768050E+02    0.653951305312836628E+00   -0.112421845179897106E+01   -0.100807551123153658E+02    1
    0.236081961071598414E+02    0.401572088590249621E+01   -0.112281257528494915E+01   -0.100817551123153528E+02    1
    0.217936032173854990E+02    0.385219945262188723E+01   -0.112260352254434026E+01   -0.100827551123154002E+02    1
    0.234509351755875173E+02    0.774071720671254848E+00   -0.112175608767521107E+01   -0.100837551123153926E+02    1
    0.256358990657288182E+02    0.418678789419008535E+01   -0.112030102056443281E+01   -0.100847551123153885E+02    1
    0.221286874848307384E+02    0.387509214200334196E+01   -0.111705172406559661E+01   -0.100857551123154483E+02    1
    0.249066301807088557E+02    0.808542855960400653E+00   -0.111526512421231239E+01   -0.100867551123154655E+02    1
    0.216509125512123575E+02    0.382428166916926404E+01   -0.111260417924303323E+01   -0.100877551123154241E+02    1
    0.289963154569813568E+02    0.898159193036285552E+00   -0.111249726166032947E+01   -0.100887551123153809E+02    1
    0.237752886339207414E+02    0.784709344406956610E+00   -0.111232657453962092E+01   -0.100897551123154035E+02    1
    0.237166719253961027E+02    0.400533887368939112E+01   -0.110908093651624418E+01   -0.100907551123153798E+02    1
    0.217809652311181630E+02    0.383041870409284613E+01   -0.110859840908485885E+01   -0.100917551123153668E+02    1
    0.274511669579393960E+02    0.435407020274782308E+01   -0.110657895060683797E+01   -0.100927551123154196E+02    1
    0.249441521385645792E+02    0.410073822703421254E+01   -0.110192941656205523E+01   -0.100937551123154172E+02    1
    0.235785302316834695E+02    0.397934403455093344E+01   -0.109933366286964351E+01   -0.100947551123153989E+02    1
    0.223789953046798082E+02    0.765439973214998903E+00   -0.109743553488904433E+01   -0.100957551123154019E+02    1
    0.212861663317839351E+02    0.375343915205678869E+01   -0.109078651743716959E+01   -0.100967551123153640E+02    1
    0.236968793985505890E+02    0.396963790236505343E+01   -0.108566416128458521E+01   -0.100977551123153884E+02    1
    0.243640124636358415E+02    0.402529493650178249E+01   -0.108442698409527183E+01   -0.100987551123153985E+02    1
    0.268572251509884126E+02    0.424874388940157743E+01   -0.108214323856240635E+01   -0.100997551123153855E+02    1
    0.252212828773620927E+02    0.409456590355722927E+01   -0.108130321607450375E+01   -0.101007551123154222E+02    1
    0.264481587327376424E+02    0.419814849353679254E+01   -0.107876568563758313E+01   -0.101017551123153915E+02    1
    0.197783231443010017E+02    0.356631037741211232E+01   -0.107740813832589732E+01   -0.101027551123154158E+02    1
    0.237740844015312618E+02    0.396397224204605658E+01   -0.107725842830513607E+01   -0.101037551123154401E+02    1
    0.246973061086329864E+02    0.404340890120841490E+01   -0.107719823371222057E+01   -0.101047551123153845E+02    1
    0.226601292874229081E+02    0.386446827505857105E+01   -0.107680738262354847E+01   -0.101057551123154106E+02    1
    0.233035995097192234E+02    0.392136247897128509E+01   -0.107584096846013177E+01   -0.101067551123154082E+02    1
    0.255830013547290527E+02    0.411566094153719675E+01   -0.107444962487512297E+01   -0.101077551123154148E+02    1
    0.236744835233720110E+02    0.394954253283398904E+01   -0.107328008307766409E+01   -0.101087551123154498E+02    1
    0.213192217031304594E+02    0.372643751387723965E+01   -0.107036344610054379E+01   -0.101097551123154226E+02    1
    0.228424893743032449E+02    0.387129587568230971E+01   -0.107013051028322503E+01   -0.101107551123153954E+02    1
    0.239920576281613265E+02    0.397102642413388596E+01   -0.106929662630564604E+01   -0.101117551123154037E+02    1
    0.239708869187263893E+02    0.396854364308722785E+01   -0.106885001001638891E+01   -0.101127551123154582E+02    1
    0.232966205920743121E+02    0.390755118551229375E+01   -0.106687835935002817E+01   -0.101137551123154630E+02    1
    0.247273881092619945E+02    0.829766416927790185E+00   -0.106503407769732750E+01   -0.101147551123154607E+02    1
    0.215770478168864841E+02    0.374631527639223583E+01   -0.106501094005747232E+01   -0.101157551123154708E+02    1
    0.207539536637316608E+02    0.365554951938310202E+01   -0.106490978405956871E+01   -0.101167551123153956E+02    1
    0.266590682303348991E+02    0.883415198376581001E+00   -0.105668175141908560E+01   -0.101177551123153702E+02    1
    0.239115709798956892E+02    0.394518963034660208E+01   -0.105653532803981975E+01   -0.101187551123154069E+02    1
    0.229362622160308725E+02    0.385667667691922889E+01   -0.105477322022906539E+01   -0.101197551123154028E+02    1
    0.201970805928280299E+02    0.357831913929207168E+01   -0.105469702902939932E+01   -0.101207551123153987E+02    1
    0.225305858957403657E+02    0.381238403059771880E+01   -0.105037834216184023E+01   -0.101217551123153928E+02    1
    0.231725628917423876E+02    0.387180054902770276E+01   -0.105034015490455523E+01   -0.101227551123154438E+02    1
    0.230896723367800512E+02    0.386289306169329372E+01   -0.104953691205957766E+01   -0.101237551123154841E+02    1
    0.207271095163148154E+02    0.362883140397525450E+01   -0.104931461885404920E+01   -0.101247551123154071E+02    1
    0.221706538221331684E+02    0.377515056432765972E+01   -0.104783683158266205E+01   -0.101257551123153320E+02    1
    0.244016984346366925E+02    0.397435042278005124E+01   -0.104777703438936642E+01   -0.101267551123153368E+02    1
    0.254955981957795714E+02    0.858894248495589929E+00   -0.104685126401544903E+01   -0.101277551123153753E+02    1
    0.254039586904121073E+02    0.856693628109148952E+00   -0.104659033977833604E+01   -0.101287551123154440E+02    1
    0.232317431682668634E+02    0.806545924005212078E+00   -0.104645607470664959E+01   -0.101297551123154115E+02    1
    0.234262028427107403E+02    0.388833118470474304E+01   -0.104644547503826657E+01   -0.101307551123153647E+02    1
    0.204698988180746397E+02    0.358517565491741319E+01   -0.103943742173709963E+01   -0.101317551123154352E+02    1
    0.244670061976076916E+02    0.396650810007751486E+01   -0.103879255595484676E+01   -0.101327551123154436E+02    1
    0.207254387210212094E+02    0.360655267125358625E+01   -0.103493455054007710E+01   -0.101337551123154306E+02    1
    0.237913547290875371E+02    0.390205590873062835E+01   -0.103463826830550287E+01   -0.101347551123154727E+02    1
    0.215183874868518998E+02    0.369059816175848976E+01   -0.103246065715584279E+01   -0.101357551123154277E+02    1
    0.217558747334699696E+02    0.788554298567890832E+00   -0.102659198088073511E+01   -0.101367551123153614E+02    1
    0.181607926439228855E+02    0.330535625171164194E+01   -0.102574569914136826E+01   -0.101377551123153822E+02    1
    0.229295942684686516E+02    0.381022976349556952E+01   -0.102498636120315867E+01   -0.101387551123153692E+02    1
    0.259501841600518901E+02    0.407183323480629689E+01   -0.102393643934359879E+01   -0.101397551123154095E+02    1
    0.253523044106183839E+02    0.401951138766350091E+01   -0.102339516370612316E+01   -0.101407551123154551E+02    1
    0.227888974371762956E+02    0.379350733144170693E+01   -0.102261314724284680E+01   -0.101417551123153977E+02    1
    0.230046940445807770E+02    0.381290348832643966E+01   -0.102222995894690194E+01   -0.101427551123154291E+02    1
    0.256389540178966442E+02    0.404208306773197101E+01   -0.102199886160849940E+01   -0.101437551123154162E+02    1
    0.251366564251742552E+02    0.399803055411536290E+01   -0.102148194684655302E+01   -0.101447551123153481E+02    1
    0.195068239400646917E+02    0.730139207782129152E+00   -0.101969442079874439E+01   -0.101457551123154186E+02    1
    0.228147955362710668E+02    0.378947573507991864E+01   -0.101848312466254654E+01   -0.101467551123154074E+02    1
    0.208248305301410923E+02    0.358699804089408270E+01   -0.101524747974677632E+01   -0.101477551123153891E+02    1
    0.245502424396106385E+02    0.393338598917935212E+01   -0.101220834623196754E+01   -0.101487551123154631E+02    1
    0.216351696119559165E+02    0.366870729472244506E+01   -0.101113462721770442E+01   -0.101497551123153986E+02    1
    0.263117042237881975E+02    0.408092595938175329E+01   -0.100946921082788688E+01   -0.101507551123153483E+02    1
    0.234417367501392206E+02    0.829503314949393111E+00   -0.100872424404716776E+01   -0.101517551123153957E+02    1
    0.225284752748529158E+02    0.374685416877959332E+01   -0.100819310517264626E+01   -0.101527551123153810E+02    1
    0.249918463147168879E+02    0.396320220168937132E+01   -0.100683722545149101E+01   -0.101537551123153467E+02    1
    0.215552109178851410E+02    0.365164056511555124E+01   -0.100498034144848103E+01   -0.101547551123153550E+02    1
    0.223564321662600030E+02    0.811410253135730897E+00   -0.100392789931524207E+01   -0.101557551123153935E+02    1
    0.233378289317399670E+02    0.381165349640987161E+01   -0.100171858506575173E+01   -0.101567551123153859E+02    1
    0.215284574205716766E+02    0.796844061932203251E+00   -0.100144629502332494E+01   -0.101577551123153622E+02    1
    0.259441006786870219E+02    0.403682787234962159E+01   -0.100136930748355590E+01   -0.101587551123153652E+02    1
    0.215071654391583706E+02    0.796803046132035453E+00   -0.100030521850430576E+01   -0.101597551123153647E+02    1
    0.231902003171411337E+02    0.830673951808630018E+00   -0.997118108319723140E+00   -0.101607551123153499E+02    1
    0.249399366343481397E+02    0.394260519930992404E+01   -0.996357654494698153E+00   -0.101617551123154080E+02    1
    0.242406216559771650E+02    0.854728571391726755E+00   -0.994835725363436563E+00   -0.101627551123154642E+02    1
    0.231789677607920233E+02    0.378576746569658518E+01   -0.994647574155588243E+00   -0.101637551123154495E+02    1
    0.227817061086358379E+02    0.824223002745468558E+00   -0.994625533211755508E+00   -0.101647551123154027E+02    1
    0.221496598678323622E+02    0.368578584359597450E+01   -0.991730092548165354E+00   -0.101657551123153667E+02    1
    0.267160766080738981E+02    0.408625977778949778E+01   -0.990320389354721109E+00   -0.101667551123153945E+02    1
    0.234594801258924370E+02    0.380465251894528844E+01   -0.990167678161741560E+00   -0.101677551123153691E+02    1
    0.234540474344433214E+02    0.380312089996268288E+01   -0.989520157851076609E+00   -0.101687551123153579E+02    1
    0.200860563858331318E+02    0.346209655444047737E+01   -0.987990202645791626E+00   -0.101697551123153485E+02    1
    0.227308395051850276E+02    0.373292198036307532E+01   -0.987507836876791778E+00   -0.101707551123153248E+02    1
    0.235151781940919342E+02    0.380333963849021384E+01   -0.986096308691635448E+00   -0.101717551123153740E+02    1
    0.256854029224486062E+02    0.399001011367205649E+01   -0.985509576378029273E+00   -0.101727551123154001E+02    1
    0.234579295692457634E+02    0.379373051088930113E+01   -0.983394289063979077E+00   -0.101737551123154013E+02    1
    0.228614574335407603E+02    0.373256566515935129E+01   -0.979695800534946648E+00   -0.101747551123153741E+02    1
    0.249264487360862290E+02    0.390692799430428872E+01   -0.974164933332904104E+00   -0.101757551123154109E+02    1
    0.253533797788134834E+02    0.393457940113445037E+01   -0.968352656545107271E+00   -0.101767551123154156E+02    1
    0.169310234769169874E+02    0.309474578376080256E+01   -0.967347066813454282E+00   -0.101777551123153831E+02    1
    0.257210169348058884E+02    0.907714096849684959E+00   -0.967142415399264155E+00   -0.101787551123153968E+02    1
    0.207924695153706800E+02    0.350227788904723081E+01   -0.964169730166664518E+00   -0.101797551123153553E+02    1
    0.225838002446463584E+02    0.368127381172546064E+01   -0.963787508031875184E+00   -0.101807551123154205E+02    1
    0.221568544170442436E+02    0.364156171190509026E+01   -0.963689477150541096E+00   -0.101817551123154804E+02    1
    0.216283173488300768E+02    0.359073828892967395E+01   -0.962540171463693528E+00   -0.101827551123154105E+02    1
    0.234832445618435024E+02    0.855698572153401615E+00   -0.959608961988571041E+00   -0.101837551123153567E+02    1
    0.230510796200216639E+02    0.371733671383287501E+01   -0.959321525961290944E+00   -0.101847551123153615E+02    1
    0.204383533214598856E+02    0.787193577134590816E+00   -0.958381041908869524E+00   -0.101857551123153680E+02    1
    0.236218944830110473E+02    0.376096318769169580E+01   -0.953622005075761670E+00   -0.101867551123153959E+02    1
    0.222007295399879254E+02    0.362288439475445800E+01   -0.949683374143959425E+00   -0.101877551123154575E+02    1
    0.240852897511245665E+02    0.379114119814272277E+01   -0.946763329627007377E+00   -0.101887551123154569E+02    1
    0.223018222340399497E+02    0.840180478599313108E+00   -0.946660378643094047E+00   -0.101897551123153765E+02    1
    0.265425239029455042E+02    0.941088852332688464E+00   -0.944921490574140210E+00   -0.101907551123153688E+02    1
    0.201295190929108543E+02    0.339588339019425733E+01   -0.944127037760677745E+00   -0.101917551123153842E+02    1
    0.215549133032704425E+02    0.354653492550650462E+01   -0.939594058567024937E+00   -0.101927551123153570E+02    1
    0.195330188998315109E+02    0.332014165194468047E+01   -0.938835827101607290E+00   -0.101937551123153867E+02    1
    0.234812026589199512E+02    0.372121853199489561E+01   -0.937298762668743790E+00   -0.101947551123153701E+02    1
    0.229189444870007542E+02    0.366912608440331400E+01   -0.937296957482023796E+00   -0.101957551123153696E+02    1
    0.183478230408800620E+02    0.318431738631192562E+01   -0.937225595650923005E+00   -0.101967551123154223E+02    1
    0.222639381944233996E+02    0.360539760663352693E+01   -0.935446949749111578E+00   -0.101977551123154537E+02    1
    0.235972635045940535E+02    0.372425595697791012E+01   -0.932618548305964912E+00   -0.101987551123154585E+02    1
    0.215888881332165141E+02    0.353697296205482425E+01   -0.931879614811702228E+00   -0.101997551123154064E+02    1
    0.210597665817290434E+02    0.347828266760129035E+01   -0.931354390457958869E+00   -0.102007551123154272E+02    1
    0.219161937861859002E+02    0.356562946947898718E+01   -0.930871379204758709E+00   -0.102017551123154373E+02    1
    0.208237331633658087E+02    0.814669437931445084E+00   -0.927987519951411377E+00   -0.102027551123154225E+02    1
    0.237112478474627011E+02    0.372205652365259398E+01   -0.924911985714468310E+00   -0.102037551123154291E+02    1
    0.207634661395661446E+02    0.343406859066991288E+01   -0.924484325959924136E+00   -0.102047551123153841E+02    1
    0.220273860820053500E+02    0.356435349755249797E+01   -0.923885710058940934E+00   -0.102057551123153676E+02    1
    0.185172121547416317E+02    0.317875771423135323E+01   -0.922428299581647626E+00   -0.102067551123154310E+02    1
    0.202613651614926660E+02    0.336952821487520193E+01   -0.919322036470320514E+00   -0.102077551123154056E+02    1
    0.231781584761473276E+02    0.366181819490321425E+01   -0.918391190776499000E+00   -0.102087551123153677E+02    1
    0.251963588375938343E+02    0.383739766570976082E+01   -0.916116537541800224E+00   -0.102097551123153600E+02    1
    0.223996486071007403E+02    0.358226946021404791E+01   -0.913946894172550151E+00   -0.102107551123153915E+02    1
    0.262751124516225794E+02    0.392423985695012822E+01   -0.912394234044460295E+00   -0.102117551123154335E+02    1
    0.217348243912329337E+02    0.351561237260314030E+01   -0.910923066232391609E+00   -0.102127551123154188E+02    1
    0.245189341679740700E+02    0.377026314432670739E+01   -0.910743367642233292E+00   -0.102137551123154307E+02    1
    0.243373912252536293E+02    0.375377716566944120E+01   -0.910225574255728920E+00   -0.102147551123154177E+02    1
    0.252302127279303754E+02    0.927592990574549137E+00   -0.909857894007264689E+00   -0.102157551123153798E+02    1
    0.209130515631658476E+02    0.342503107638174464E+01   -0.909146457798191920E+00   -0.102167551123153757E+02    1
    0.237107811207158754E+02    0.890872560999184770E+00   -0.906316903000554008E+00   -0.102177551123154160E+02    1
    0.234721283925511734E+02    0.366696453802690314E+01   -0.905212203440910246E+00   -0.102187551123153728E+02    1
    0.209183252129494939E+02    0.341552744002287101E+01   -0.903152163172846523E+00   -0.102197551123153580E+02    1
    0.196659679279906712E+02    0.327238291187095642E+01   -0.901374256705365640E+00   -0.102207551123154428E+02    1
    0.236206227538852715E+02    0.366885846488392842E+01   -0.898186252970900711E+00   -0.102217551123154529E+02    1
    0.234297630297614390E+02    0.365029394078795377E+01   -0.897664965539135884E+00   -0.102227551123154541E+02    1
    0.237612637102338162E+02    0.897829188571716119E+00   -0.896557151077748138E+00   -0.102237551123154677E+02    1
    0.240997337870392947E+02    0.908772958819738852E+00   -0.892603634351358033E+00   -0.102247551123154565E+02    1
    0.226974400460784302E+02    0.356975312003634215E+01   -0.890189097378645933E+00   -0.102257551123154347E+02    1
    0.248789580738394349E+02    0.376040970436880251E+01   -0.886016643920932268E+00   -0.102267551123153613E+02    1
    0.246567371057454778E+02    0.374048907321677548E+01   -0.885549814144161007E+00   -0.102277551123153305E+02    1
    0.213894183122003625E+02    0.343303995959138852E+01   -0.882741477560526677E+00   -0.102287551123153868E+02    1
    0.222268904595640997E+02    0.350955207628623578E+01   -0.880472961724704239E+00   -0.102297551123154200E+02    1
    0.195252751174171024E+02    0.321940202212555127E+01   -0.879640280875273017E+00   -0.102307551123153591E+02    1
    0.256665560125126788E+02    0.381632808596112261E+01   -0.878887227582934916E+00   -0.102317551123153674E+02    1
    0.231392462132091516E+02    0.358876539318573862E+01   -0.877381304627417591E+00   -0.102327551123154485E+02    1
    0.236254097972420034E+02    0.363360530191351661E+01   -0.877265060840695998E+00   -0.102337551123154533E+02    1
    0.204072377341121509E+02    0.331140222276180474E+01   -0.875533323069906722E+00   -0.102347551123154599E+02    1
    0.206150399163494384E+02    0.333424299635715293E+01   -0.875240264072480678E+00   -0.102357551123154824E+02    1
    0.219608767008418440E+02    0.347164676870037514E+01   -0.872766243394498820E+00   -0.102367551123154765E+02    1
    0.226384366566921855E+02    0.353252653737989064E+01   -0.871670608654917412E+00   -0.102377551123154245E+02    1
    0.229896925476275378E+02    0.356490258565560358E+01   -0.871574812375058849E+00   -0.102387551123153457E+02    1
    0.193578143829659268E+02    0.802700328410874908E+00   -0.871411276670571722E+00   -0.102397551123153825E+02    1
    0.235984882110010048E+02    0.361897773246963483E+01   -0.870229140062478201E+00   -0.102407551123154228E+02    1
    0.230411724303597651E+02    0.356625009266678283E+01   -0.869595450996922703E+00   -0.102417551123153743E+02    1
    0.231793412084688200E+02    0.898895689454332958E+00   -0.869534826279638517E+00   -0.102427551123153755E+02    1
    0.234958685607767954E+02    0.360585243992463766E+01   -0.868138384432823318E+00   -0.102437551123153892E+02    1
    0.212655071491545478E+02    0.339096304321322162E+01   -0.866294535063663274E+00   -0.102447551123154099E+02    1
    0.241847111570021980E+02    0.366500129067217539E+01   -0.865446172615861764E+00   -0.102457551123154555E+02    1
    0.235375417900338455E+02    0.360444626895987996E+01   -0.865101052828242678E+00   -0.102467551123154674E+02    1
    0.236628035239884191E+02    0.360911022932259273E+01   -0.861109472681269028E+00   -0.102477551123154154E+02    1
    0.225963498020210913E+02    0.350694654799475369E+01   -0.859179433132827963E+00   -0.102487551123153811E+02    1
    0.234360139460923946E+02    0.358276909960099710E+01   -0.858052354897597125E+00   -0.102497551123153787E+02    1
    0.244916192520949778E+02    0.367944982955502642E+01   -0.857790990113513674E+00   -0.102507551123153355E+02    1
    0.247250597650140520E+02    0.946458049347437935E+00   -0.855953025612180785E+00   -0.102517551123154007E+02    1
    0.184988749673547836E+02    0.308824778995692295E+01   -0.855858727871074865E+00   -0.102527551123154428E+02    1
    0.264865668608678675E+02    0.384692250273592418E+01   -0.855230656150906765E+00   -0.102537551123154493E+02    1
    0.271252450097524758E+02    0.389655448186560349E+01   -0.852083608394757719E+00   -0.102547551123154168E+02    1
    0.246444717635143746E+02    0.947022115111215479E+00   -0.851603767660335187E+00   -0.102557551123153665E+02    1
    0.258087026015394230E+02    0.377529562130965379E+01   -0.847506199197086918E+00   -0.102567551123154228E+02    1
    0.215637216976280115E+02    0.338874571663051460E+01   -0.846325628523883378E+00   -0.102577551123154365E+02    1
    0.246923777603137395E+02    0.367007728141067124E+01   -0.842246771179669285E+00   -0.102587551123154590E+02    1
    0.217346997583458545E+02    0.888896341374332488E+00   -0.838967741486711494E+00   -0.102597551123154602E+02    1
    0.242321204176372333E+02    0.362070014109583616E+01   -0.837698990963791079E+00   -0.102607551123154188E+02    1
    0.235751740697090675E+02    0.928877185864261934E+00   -0.836554636166567556E+00   -0.102617551123154200E+02    1
    0.214391052627991634E+02    0.335712083114663074E+01   -0.836058433983605243E+00   -0.102627551123154586E+02    1
    0.242468194899988134E+02    0.361619781721818745E+01   -0.834398927587167605E+00   -0.102637551123154385E+02    1
    0.238774679047994844E+02    0.358035111340605328E+01   -0.833483926344449233E+00   -0.102647551123153669E+02    1
    0.237862257362707261E+02    0.357177265713662750E+01   -0.833413463911125030E+00   -0.102657551123153592E+02    1
    0.245680813550470489E+02    0.364103579732802896E+01   -0.831671157977651343E+00   -0.102667551123154315E+02    1
    0.226472297388379538E+02    0.915609748856745842E+00   -0.822660467299605735E+00   -0.102677551123154078E+02    1
    0.253383407555398286E+02    0.982454622885167272E+00   -0.822571181514195615E+00   -0.102687551123154073E+02    1
    0.227596054180442380E+02    0.345706135007466075E+01   -0.822456106908182050E+00   -0.102697551123154582E+02    1
    0.255015992724925873E+02    0.370402373807958307E+01   -0.821705653376416989E+00   -0.102707551123153831E+02    1
    0.227636203337873475E+02    0.918475326644441870E+00   -0.821524006914859051E+00   -0.102717551123154074E+02    1
    0.218881005263498132E+02    0.337123221379328974E+01   -0.819627105600892247E+00   -0.102727551123154512E+02    1
    0.254159771334327651E+02    0.986473201206949035E+00   -0.819278394318986747E+00   -0.102737551123154347E+02    1
    0.230872461431435312E+02    0.347688219322949976E+01   -0.816609418696689460E+00   -0.102747551123153720E+02    1
    0.203096672216469898E+02    0.319381092637037156E+01   -0.815356968642683699E+00   -0.102757551123153767E+02    1
    0.210040325883038328E+02    0.883702572560495114E+00   -0.814420518633440005E+00   -0.102767551123154526E+02    1
    0.248991715812241594E+02    0.363901858729504291E+01   -0.814260390446982507E+00   -0.102777551123153952E+02    1
    0.199383513267860266E+02    0.314991268416667181E+01   -0.814157879473101698E+00   -0.102787551123153964E+02    1
    0.200671880813559156E+02    0.316385972963085749E+01   -0.813867183884897538E+00   -0.102797551123154385E+02    1
    0.233637949465504526E+02    0.349577669991164175E+01   -0.812891007995090953E+00   -0.102807551123153900E+02    1
    0.228451141395200104E+02    0.344156771729269861E+01   -0.809497591721428877E+00   -0.102817551123154161E+02    1
    0.245817405003186629E+02    0.360103802147555507E+01   -0.808718202144760312E+00   -0.102827551123154635E+02    1
    0.238966388438174455E+02    0.353695457567147598E+01   -0.808380907814917005E+00   -0.102837551123154682E+02    1
    0.271423970857408250E+02    0.381656439094527355E+01   -0.805417507548245371E+00   -0.102847551123154535E+02    1
    0.250218033995696558E+02    0.987369073938806352E+00   -0.801735769766356965E+00   -0.102857551123154263E+02    1
    0.240227987967688996E+02    0.353346652269405492E+01   -0.800066259093833887E+00   -0.102867551123153795E+02    1
    0.242467128304597104E+02    0.355381090042844638E+01   -0.799848041068981552E+00   -0.102877551123153879E+02    1
    0.229308198079007859E+02    0.936372456552780674E+00   -0.798001309721268925E+00   -0.102887551123154122E+02    1
    0.235329518561112181E+02    0.348301102544878383E+01   -0.797299387732466780E+00   -0.102897551123153885E+02    1
    0.244048611861265989E+02    0.356325195883912338E+01   -0.797007704382727944E+00   -0.102907551123154395E+02    1
    0.234437615128497718E+02    0.346779510902469656E+01   -0.793519054726547934E+00   -0.102917551123154603E+02    1
    0.254704492248131764E+02    0.364971279110515789E+01   -0.792662871275174652E+00   -0.102927551123154295E+02    1
    0.210757135812769789E+02    0.323798924872470950E+01   -0.792515273009484655E+00   -0.102937551123154023E+02    1
    0.205275661622821666E+02    0.317354653043248458E+01   -0.790974913784594946E+00   -0.102947551123154106E+02    1
    0.244683818651943668E+02    0.355510616043531424E+01   -0.789394172520883064E+00   -0.102957551123154634E+02    1
    0.243347968579557765E+02    0.979574728272963657E+00   -0.786366155248484300E+00   -0.102967551123154362E+02    1
    0.232705339135345639E+02    0.343581664221671446E+01   -0.784905223302872046E+00   -0.102977551123153859E+02    1
    0.238845142030609559E+02    0.349116556580079340E+01   -0.784080158131600369E+00   -0.102987551123154439E+02    1
    0.229258295789987478E+02    0.340169989707996345E+01   -0.783730385039756561E+00   -0.102997551123154025E+02    1
    0.218390047041346484E+02    0.329991770981204668E+01   -0.783141274937192988E+00   -0.103007551123153345E+02    1
    0.216565169967188993E+02    0.920511651870493885E+00   -0.782788401192404226E+00   -0.103017551123153819E+02    1
    0.224893848416251529E+02    0.335898920723916472E+01   -0.782505822087263159E+00   -0.103027551123154524E+02    1
    0.217751513994605794E+02    0.923027142122422983E+00   -0.782340480990903364E+00   -0.103037551123154145E+02    1
    0.237078500085811612E+02    0.966466170279458581E+00   -0.781846953020441271E+00   -0.103047551123153127E+02    1
    0.206860271866990040E+02    0.893781303794677573E+00   -0.781824033788717454E+00   -0.103057551123153637E+02    1
    0.218149133230421057E+02    0.329257911183620910E+01   -0.780398227253960464E+00   -0.103067551123154342E+02    1
    0.229911608851744198E+02    0.340035958975507535E+01   -0.779759442064623665E+00   -0.103077551123154603E+02    1
    0.213881490851415137E+02    0.324897856180541389E+01   -0.779740586382449252E+00   -0.103087551123154402E+02    1
    0.240214046952854119E+02    0.349452462179298040E+01   -0.779073242636934116E+00   -0.103097551123154378E+02    1
    0.227825907499198053E+02    0.337942269233386794E+01   -0.778894251028711238E+00   -0.103107551123154764E+02    1
    0.202284660543555077E+02    0.312528458147173360E+01   -0.778733674079444271E+00   -0.103117551123154350E+02    1
    0.234834039540507540E+02    0.963032339596676445E+00   -0.778271618152719169E+00   -0.103127551123153562E+02    1
    0.178931605970993530E+02    0.294410484495974423E+01   -0.776687610539984807E+00   -0.103137551123153433E+02    1
    0.229298676558246868E+02    0.338851274855490692E+01   -0.776457013050793510E+00   -0.103147551123153516E+02    1
    0.252190027658938831E+02    0.359831657335554755E+01   -0.776263864051894958E+00   -0.103157551123153954E+02    1
    0.244381230360981760E+02    0.988798513938113688E+00   -0.776082726364684783E+00   -0.103167551123154393E+02    1
    0.222080966906359087E+02    0.332093528472657562E+01   -0.776077429079655046E+00   -0.103177551123154050E+02    1
    0.224254280109683783E+02    0.333488456401979594E+01   -0.772777171191443957E+00   -0.103187551123153689E+02    1
    0.249198993963437445E+02    0.356506064129801459E+01   -0.772287068775727281E+00   -0.103197551123153612E+02    1
    0.259418618605390812E+02    0.365100832737670444E+01   -0.771035129573247935E+00   -0.103207551123153607E+02    1
    0.224196196036427366E+02    0.333089735635231143E+01   -0.770941082518898479E+00   -0.103217551123153992E+02    1
    0.257577529676242527E+02    0.363139774948978600E+01   -0.768993067857381085E+00   -0.103227551123154555E+02    1
    0.215462878371342512E+02    0.927351098904095950E+00   -0.768099270896425046E+00   -0.103237551123154514E+02    1
    0.241576873899080091E+02    0.988406472216280640E+00   -0.765624313811772872E+00   -0.103247551123154686E+02    1
    0.235078245590209427E+02    0.342025557547195547E+01   -0.764864377433626341E+00   -0.103257551123154236E+02    1
    0.245386614651510868E+02    0.998747992798101003E+00   -0.764668586485307111E+00   -0.103267551123153876E+02    1
    0.248357503784822740E+02    0.354173022845130570E+01   -0.764045481193210141E+00   -0.103277551123153764E+02    1
    0.239589020924846103E+02    0.345817514823724803E+01   -0.762819533129661331E+00   -0.103287551123153420E+02    1
    0.233091241307353947E+02    0.339782370714702253E+01   -0.762738322713230610E+00   -0.103297551123153895E+02    1
    0.212536698124654606E+02    0.320154852814153035E+01   -0.762456985878336879E+00   -0.103307551123154582E+02    1
    0.239981440047395616E+02    0.345945793918435029E+01   -0.761578220957460195E+00   -0.103317551123154203E+02    1
    0.229051827725422577E+02    0.335440535089311531E+01   -0.759577914975146373E+00   -0.103327551123154091E+02    1
    0.230359507888298722E+02    0.336431115234861400E+01   -0.758415917817440666E+00   -0.103337551123154867E+02    1
    0.248218086624508807E+02    0.101067921855896148E+01   -0.757455341732521159E+00   -0.103347551123154417E+02    1
    0.241273920498614061E+02    0.346241629708684240E+01   -0.756834797009369509E+00   -0.103357551123154199E+02    1
    0.211569494638299744E+02    0.922876103000711101E+00   -0.756827827663477004E+00   -0.103367551123153909E+02    1
    0.217324350790916085E+02    0.324000439904254112E+01   -0.756553937478456673E+00   -0.103377551123153655E+02    1
    0.240012727740323406E+02    0.990745323614415918E+00   -0.755927013056464037E+00   -0.103387551123153880E+02    1
    0.224602290499999278E+02    0.952227778270199998E+00   -0.755777016422327308E+00   -0.103397551123154354E+02    1
    0.222933732850856821E+02    0.951334638292318013E+00   -0.752123730900030374E+00   -0.103407551123154082E+02    1
    0.195345577495819462E+02    0.303561795195511719E+01   -0.750420399282811346E+00   -0.103417551123153491E+02    1
    0.227505335607538726E+02    0.332193737422237456E+01   -0.750072788910848831E+00   -0.103427551123154426E+02    1
    0.238409287405775139E+02    0.991318937099845421E+00   -0.748836793963982839E+00   -0.103437551123154776E+02    1
    0.256381347722213739E+02    0.358308406495149301E+01   -0.748520101320360176E+00   -0.103447551123153740E+02    1
    0.237723026301534333E+02    0.341335642221452851E+01   -0.748383579759819839E+00   -0.103457551123153042E+02    1
    0.247796232628034510E+02    0.350435103710291518E+01   -0.747172482005113325E+00   -0.103467551123153605E+02    1
    0.246727425384329457E+02    0.101369718492167227E+01   -0.747088259759337125E+00   -0.103477551123154452E+02    1
    0.251209953471688969E+02    0.353569501692379795E+01   -0.747025872148414538E+00   -0.103487551123154891E+02    1
    0.224095696053525977E+02    0.328424721260599695E+01   -0.746894682302352897E+00   -0.103497551123154476E+02    1
    0.223393810721687842E+02    0.327514596857379336E+01   -0.745544138185730065E+00   -0.103507551123154133E+02    1
    0.249302312143322986E+02    0.102137950552795664E+01   -0.745406823186608447E+00   -0.103517551123153932E+02    1
    0.255220520425496424E+02    0.356642799947758560E+01   -0.744975043183707886E+00   -0.103527551123154122E+02    1
    0.239329951409381323E+02    0.342124956951402304E+01   -0.744747684749462957E+00   -0.103537551123154188E+02    1
    0.236700095085303950E+02    0.339082288310249025E+01   -0.741606118194941266E+00   -0.103547551123153738E+02    1
    0.203174068394859866E+02    0.908335496765424577E+00   -0.740617671828028623E+00   -0.103557551123153715E+02    1
    0.227087505053514143E+02    0.329973118895002893E+01   -0.740552517141620625E+00   -0.103567551123154171E+02    1
    0.245497417952718990E+02    0.346906373049485151E+01   -0.739920574622163874E+00   -0.103577551123154237E+02    1
    0.239359301870180303E+02    0.340908522895968735E+01   -0.738313882929454768E+00   -0.103587551123154284E+02    1
    0.217002220237404018E+02    0.320112480434836000E+01   -0.737882336600675148E+00   -0.103597551123154918E+02    1
    0.235075075845477102E+02    0.336689012891444817E+01   -0.737023003052788450E+00   -0.103607551123154629E+02    1
    0.235208315940219634E+02    0.336591821256630386E+01   -0.735887217018120543E+00   -0.103617551123154303E+02    1
    0.258519985313666325E+02    0.357534999020633659E+01   -0.734660327373176658E+00   -0.103627551123153836E+02    1
    0.212047704819758209E+02    0.314157760565344990E+01   -0.733950064530766721E+00   -0.103637551123153244E+02    1
    0.228974523806767536E+02    0.978328631288076345E+00   -0.732184143024489087E+00   -0.103647551123153789E+02    1
    0.201622180274850678E+02    0.305893459573470761E+01   -0.731754807672122531E+00   -0.103657551123154583E+02    1
    0.219791179603593214E+02    0.321224051004672884E+01   -0.730321015802491091E+00   -0.103667551123154897E+02    1
    0.212993778178942499E+02    0.314180310372988814E+01   -0.728699014554842206E+00   -0.103677551123154021E+02    1
    0.235777771168712711E+02    0.335699365574178099E+01   -0.728607291266630375E+00   -0.103687551123153607E+02    1
    0.240026201743634608E+02    0.100923589390417834E+01   -0.728153034405433885E+00   -0.103697551123154170E+02    1
    0.246943801395558786E+02    0.345563359326669195E+01   -0.726155328565334379E+00   -0.103707551123154165E+02    1
    0.263853864483353284E+02    0.360179444336586707E+01   -0.724448214357616194E+00   -0.103717551123154230E+02    1
    0.236495409083837735E+02    0.335367271513356924E+01   -0.723527608145368761E+00   -0.103727551123153994E+02    1
    0.267122930229263176E+02    0.362793780373404395E+01   -0.723398424919796446E+00   -0.103737551123153597E+02    1
    0.218871888754943456E+02    0.962199733803470014E+00   -0.722669942259925646E+00   -0.103747551123153805E+02    1
    0.240425018555920111E+02    0.338784279550769130E+01   -0.722392281811764181E+00   -0.103757551123154279E+02    1
    0.224733491715973486E+02    0.323994395540560287E+01   -0.721110118907400510E+00   -0.103767551123154060E+02    1
    0.205513816389903852E+02    0.307150266600332733E+01   -0.718952801104960848E+00   -0.103777551123153913E+02    1
    0.237147475823865186E+02    0.334930286260105792E+01   -0.718250526701800673E+00   -0.103787551123153978E+02    1
    0.239864082592886341E+02    0.337226188868690713E+01   -0.717134674359820479E+00   -0.103797551123153813E+02    1
    0.218974012106043894E+02    0.317848336763684491E+01   -0.717010500279262275E+00   -0.103807551123154074E+02    1
    0.254996845886544321E+02    0.351004892213909336E+01   -0.716429710496604089E+00   -0.103817551123154210E+02    1
    0.246331557426334840E+02    0.342736463789530843E+01   -0.714706749747212711E+00   -0.103827551123154169E+02    1
    0.257062810881942632E+02    0.106944023770136942E+01   -0.713508188009811195E+00   -0.103837551123154395E+02    1
    0.261578973468003326E+02    0.355781949409494036E+01   -0.711826955869945155E+00   -0.103847551123154140E+02    1
    0.185569003884276071E+02    0.290930591574363273E+01   -0.711807183381564457E+00   -0.103857551123153620E+02    1
    0.263674182862068847E+02    0.109723437728870499E+01   -0.710169485865855044E+00   -0.103867551123153614E+02    1
    0.227510159130667518E+02    0.989659973921145353E+00   -0.709974076576970869E+00   -0.103877551123154106E+02    1
    0.247889038583813388E+02    0.342816021883730127E+01   -0.707863540271291392E+00   -0.103887551123154491E+02    1
    0.228937690443998925E+02    0.325254709248588192E+01   -0.707842782661528780E+00   -0.103897551123153953E+02    1
    0.251981657167665318E+02    0.105676587374232467E+01   -0.707340901795895038E+00   -0.103907551123153841E+02    1
    0.224117855337896934E+02    0.320334244342992758E+01   -0.705568685393152317E+00   -0.103917551123154190E+02    1
    0.229190623756163809E+02    0.324962147843665683E+01   -0.705211087900806999E+00   -0.103927551123154309E+02    1
    0.258866920426215259E+02    0.108465489605229681E+01   -0.704941377195996699E+00   -0.103937551123154464E+02    1
    0.234335056450842956E+02    0.329387133027711565E+01   -0.703511755394857330E+00   -0.103947551123154174E+02    1
    0.221230585631098720E+02    0.317179135582763116E+01   -0.703175338352864276E+00   -0.103957551123153866E+02    1
    0.239565058206568047E+02    0.102529338343101939E+01   -0.702892861374969535E+00   -0.103967551123153807E+02    1
    0.232263397659153696E+02    0.327007315065902038E+01   -0.701221307304208175E+00   -0.103977551123154015E+02    1
    0.189939006127346985E+02    0.292719048437619023E+01   -0.700465202224326844E+00   -0.103987551123154276E+02    1
    0.252635944154286598E+02    0.345479504782901747E+01   -0.699228495884349766E+00   -0.103997551123154182E+02    1
    0.245787585281035525E+02    0.339019065124371100E+01   -0.698654228256722742E+00   -0.104007551123154141E+02    1
    0.215132284870632979E+02    0.311659430340833810E+01   -0.698456574047402579E+00   -0.104017551123153815E+02    1
    0.216664435196894694E+02    0.312471889686332194E+01   -0.697001152351852449E+00   -0.104027551123153685E+02    1
    0.225050034274088127E+02    0.319260146801810540E+01   -0.695948626329831788E+00   -0.104037551123153964E+02    1
    0.202133980472461658E+02    0.301387626966298150E+01   -0.695713407168837450E+00   -0.104047551123154030E+02    1
    0.276336008702767941E+02    0.364570690537449016E+01   -0.695056500769639651E+00   -0.104057551123154077E+02    1
    0.212132914998587196E+02    0.964274585264148998E+00   -0.694479208684511407E+00   -0.104067551123153983E+02    1
    0.246516390236582623E+02    0.338842385324882267E+01   -0.694443710354947674E+00   -0.104077551123153906E+02    1
    0.227123270021443915E+02    0.320738722462635995E+01   -0.693767197315089401E+00   -0.104087551123154256E+02    1
    0.257202300667515829E+02    0.109097627781242279E+01   -0.692548116695591021E+00   -0.104097551123154481E+02    1
    0.226743487920788418E+02    0.320137795618956256E+01   -0.692540499039137392E+00   -0.104107551123154316E+02    1
    0.200718753328723842E+02    0.299580822669660884E+01   -0.690493207314539004E+00   -0.104117551123154222E+02    1
    0.250537565676868681E+02    0.341350409084932549E+01   -0.688459526973590918E+00   -0.104127551123154323E+02    1
    0.208684543977428376E+02    0.305191885937972263E+01   -0.687052428036098672E+00   -0.104137551123154370E+02    1
    0.218704491029960941E+02    0.312370759393266262E+01   -0.686995192410713940E+00   -0.104147551123154276E+02    1
    0.211151716645771614E+02    0.306401359630724235E+01   -0.682219863435292839E+00   -0.104157551123154146E+02    1
    0.238101735257468228E+02    0.328448308868718675E+01   -0.681716673012771279E+00   -0.104167551123154247E+02    1
    0.207781391425004287E+02    0.960418059516247369E+00   -0.681029556121030444E+00   -0.104177551123154419E+02    1
    0.242476484512410764E+02    0.105088834384108187E+01   -0.678425474991648181E+00   -0.104187551123154059E+02    1
    0.249096573434519577E+02    0.107593304995023020E+01   -0.677905263354012133E+00   -0.104197551123153875E+02    1
    0.262522257087347555E+02    0.349766885831160579E+01   -0.677341260395724620E+00   -0.104207551123154136E+02    1
    0.240782320041315998E+02    0.329979539821450185E+01   -0.677096969918954072E+00   -0.104217551123154006E+02    1
    0.245681001548636289E+02    0.334159924696076960E+01   -0.675366490643353856E+00   -0.104227551123154001E+02    1
    0.269767107725808089E+02    0.115667674058783643E+01   -0.673821208931120741E+00   -0.104237551123154084E+02    1
    0.248024338124627626E+02    0.335445199842334185E+01   -0.671098692443519718E+00   -0.104247551123153741E+02    1
    0.230501265938420516E+02    0.318972301807788261E+01   -0.669950802399362333E+00   -0.104257551123153718E+02    1
    0.238559446448054224E+02    0.326338859324247510E+01   -0.669476537667057281E+00   -0.104267551123154227E+02    1
    0.227360954119244951E+02    0.315439757741199367E+01   -0.666963579168325493E+00   -0.104277551123154382E+02    1
    0.268534145042746886E+02    0.115924623770183377E+01   -0.666954469763739066E+00   -0.104287551123153897E+02    1
    0.235356106501228943E+02    0.322759100685051115E+01   -0.666544364742230222E+00   -0.104297551123153749E+02    1
    0.206257248193696441E+02    0.965804325369772787E+00   -0.666382141278996531E+00   -0.104307551123153708E+02    1
    0.203950914436778099E+02    0.298646804392443821E+01   -0.666352284194445810E+00   -0.104317551123153596E+02    1
    0.242665196821002525E+02    0.329178059407163115E+01   -0.664860464413905783E+00   -0.104327551123153821E+02    1
    0.213177880232021018E+02    0.987411230089600966E+00   -0.664474185079069746E+00   -0.104337551123154224E+02    1
    0.225620854310658174E+02    0.313335258682685636E+01   -0.662709078233227444E+00   -0.104347551123154005E+02    1
    0.230174910938024766E+02    0.102980038706445653E+01   -0.662597931530634177E+00   -0.104357551123153520E+02    1
    0.241621458263695814E+02    0.327556623669621239E+01   -0.661741893483190347E+00   -0.104367551123153746E+02    1
    0.202692541876993140E+02    0.296968860864803741E+01   -0.661360318848502771E+00   -0.104377551123153758E+02    1
    0.225994943549912968E+02    0.102024195414834407E+01   -0.661067606565374777E+00   -0.104387551123153806E+02    1
    0.224604083309345519E+02    0.312359160850207784E+01   -0.660564979545794961E+00   -0.104397551123154066E+02    1
    0.243319922936738067E+02    0.328863304975807180E+01   -0.660473636495959582E+00   -0.104407551123154079E+02    1
    0.211090885480879535E+02    0.303149520040925147E+01   -0.659865947306246925E+00   -0.104417551123153860E+02    1
    0.212409141362119271E+02    0.988746825922218076E+00   -0.659209212681692303E+00   -0.104427551123153926E+02    1
    0.230477693456082662E+02    0.316678283523406146E+01   -0.659108977239719396E+00   -0.104437551123154098E+02    1
    0.222889444071362313E+02    0.310829772298323181E+01   -0.657748997456829021E+00   -0.104447551123154092E+02    1
    0.226613289201421289E+02    0.313059892322856514E+01   -0.656482377332248013E+00   -0.104457551123154104E+02    1
    0.223050712124945640E+02    0.310452917835690823E+01   -0.654501769392543231E+00   -0.104467551123154188E+02    1
    0.249641196672108023E+02    0.110255422926947722E+01   -0.654338563068938450E+00   -0.104477551123154235E+02    1
    0.232641281267845095E+02    0.104230244546327855E+01   -0.654044260364067154E+00   -0.104487551123154017E+02    1
    0.235741676517030605E+02    0.320245546092999556E+01   -0.652921633760060405E+00   -0.104497551123153709E+02    1
    0.251395117788115989E+02    0.334631117089229413E+01   -0.652374256169683364E+00   -0.104507551123153899E+02    1
    0.218343924198458055E+02    0.307059435688006088E+01   -0.652232886563965719E+00   -0.104517551123153858E+02    1
    0.233264212492073746E+02    0.317793032811883336E+01   -0.652181334774535992E+00   -0.104527551123153799E+02    1
    0.246545992279218424E+02    0.329770802235465244E+01   -0.650644906768119702E+00   -0.104537551123154326E+02    1
    0.213074188668035731E+02    0.303194243270332553E+01   -0.650472245911264846E+00   -0.104547551123154090E+02    1
    0.218932857299993309E+02    0.306819588640512775E+01   -0.648066417073424272E+00   -0.104557551123153853E+02    1
    0.216479221040650671E+02    0.100785800627173039E+01   -0.647241915925416689E+00   -0.104567551123154168E+02    1
    0.217823850522903726E+02    0.101054824133115284E+01   -0.647032091118611929E+00   -0.104577551123154144E+02    1
    0.240566191741665953E+02    0.107699067378931845E+01   -0.646780205007164488E+00   -0.104587551123153837E+02    1
    0.221523332128138648E+02    0.308300698211590607E+01   -0.646726320493894669E+00   -0.104597551123153636E+02    1
    0.222944766406163737E+02    0.309164180340401629E+01   -0.646330283884577583E+00   -0.104607551123153630E+02    1
    0.253881312813665083E+02    0.335406407776457716E+01   -0.645215172383375446E+00   -0.104617551123153696E+02    1
    0.241632425206307495E+02    0.323935633685897928E+01   -0.644641543712908049E+00   -0.104627551123153921E+02    1
    0.189848259103439894E+02    0.932618956292771695E+00   -0.644597584399551282E+00   -0.104637551123154147E+02    1
    0.261239484127836441E+02    0.341916361529836710E+01   -0.644515999265356965E+00   -0.104647551123153892E+02    1
    0.197574312881810670E+02    0.956903748565430146E+00   -0.642287278309748300E+00   -0.104657551123153532E+02    1
    0.242845055786289947E+02    0.324140571049848836E+01   -0.640370297040981362E+00   -0.104667551123153757E+02    1
    0.229326701337897099E+02    0.312391553723081428E+01   -0.640245359507623069E+00   -0.104677551123154267E+02    1
    0.212866820284831775E+02    0.301397748456762171E+01   -0.639517714835028839E+00   -0.104687551123154385E+02    1
    0.239548051298931668E+02    0.108139451830868860E+01   -0.639159835132709908E+00   -0.104697551123154327E+02    1
    0.220159245735865987E+02    0.306185314883916115E+01   -0.638565003829387856E+00   -0.104707551123153930E+02    1
    0.290271896428139300E+02    0.362021335520032617E+01   -0.636214776456025866E+00   -0.104717551123153800E+02    1
    0.248141248116462272E+02    0.328117814429897514E+01   -0.636070910055957506E+00   -0.104727551123154221E+02    1
    0.229996295543099869E+02    0.104942152905312702E+01   -0.636019983740886752E+00   -0.104737551123154411E+02    1
    0.213242576274527345E+02    0.301140034390268019E+01   -0.636018162075095650E+00   -0.104747551123154405E+02    1
    0.194407355930681689E+02    0.952317581709206773E+00   -0.635569428719159668E+00   -0.104757551123154382E+02    1
    0.241398012197690335E+02    0.321576366726506269E+01   -0.634714100776072709E+00   -0.104767551123154146E+02    1
    0.243041985785118442E+02    0.323004068383129761E+01   -0.634275064225339524E+00   -0.104777551123154229E+02    1
    0.256888184703587861E+02    0.115116792032662518E+01   -0.634000260512369240E+00   -0.104787551123154099E+02    1
    0.213050028028356557E+02    0.300668609637439888E+01   -0.633837341559534972E+00   -0.104797551123153987E+02    1
    0.243861390894932200E+02    0.110402888805117882E+01   -0.632996700022686931E+00   -0.104807551123154230E+02    1
    0.234743080893536025E+02    0.107034820345626347E+01   -0.632925646878980119E+00   -0.104817551123154082E+02    1
    0.232273887686048610E+02    0.313161749263233169E+01   -0.632714054419669991E+00   -0.104827551123154130E+02    1
    0.220751353229219589E+02    0.102800626768856662E+01   -0.632339773231910707E+00   -0.104837551123153858E+02    1
    0.233885977243724277E+02    0.314093782151999790E+01   -0.631962741693231411E+00   -0.104847551123154030E+02    1
    0.230312592478313363E+02    0.105518545973485800E+01   -0.631784479858620407E+00   -0.104857551123154291E+02    1
    0.240801550485782450E+02    0.320298302260041767E+01   -0.631378881997561536E+00   -0.104867551123153735E+02    1
    0.238050920437036950E+02    0.108567806042528581E+01   -0.630090396787372109E+00   -0.104877551123153960E+02    1
    0.197685684691679810E+02    0.288541503398225130E+01   -0.629963606621017580E+00   -0.104887551123154203E+02    1
    0.217828557824873137E+02    0.102292943326387387E+01   -0.629394991148574667E+00   -0.104897551123153683E+02    1
    0.227021687240141681E+02    0.309208365273914598E+01   -0.629159057900958274E+00   -0.104907551123153553E+02    1
    0.253100139169680638E+02    0.331169291086506634E+01   -0.628983750533950614E+00   -0.104917551123153725E+02    1
    0.231847310581469443E+02    0.106590964395050802E+01   -0.627159847524352720E+00   -0.104927551123154146E+02    1
    0.217672015788965787E+02    0.302829354921646399E+01   -0.627146580746954729E+00   -0.104937551123154122E+02    1
    0.238035560291363737E+02    0.108945673185876357E+01   -0.626577557591631806E+00   -0.104947551123153584E+02    1
    0.210186050783998049E+02    0.297338020090696364E+01   -0.625657295103805633E+00   -0.104957551123153685E+02    1
    0.211530193573129424E+02    0.298119911944452287E+01   -0.624399821011178302E+00   -0.104967551123153697E+02    1
    0.246436021831253278E+02    0.323821984913810557E+01   -0.623633967510961007E+00   -0.104977551123153461E+02    1
    0.197663530540450907E+02    0.971011546365540656E+00   -0.622687208321646035E+00   -0.104987551123154041E+02    1
    0.236974948421165230E+02    0.314839927394683183E+01   -0.622648557679561176E+00   -0.104997551123154551E+02    1
    0.235705595492174957E+02    0.108658129973751216E+01   -0.621339525083412059E+00   -0.105007551123154030E+02    1
    0.221085930346243345E+02    0.304123467429000272E+01   -0.621162208240828240E+00   -0.105017551123153989E+02    1
    0.234911347585871013E+02    0.312912214038511260E+01   -0.619951002504700033E+00   -0.105027551123153930E+02    1
    0.230975947095705436E+02    0.107117408028888539E+01   -0.619432661778613114E+00   -0.105037551123153889E+02    1
    0.252236514418199960E+02    0.328119390243738707E+01   -0.618758194519398286E+00   -0.105047551123154452E+02    1
    0.235585779186670976E+02    0.313164344575311926E+01   -0.618753167623044442E+00   -0.105057551123154145E+02    1
    0.222055831870957761E+02    0.304330972997558291E+01   -0.618437976448566129E+00   -0.105067551123153962E+02    1
    0.221956703706041871E+02    0.304243325829558175E+01   -0.618287994549339803E+00   -0.105077551123154080E+02    1
    0.213330092526726780E+02    0.298309947110965856E+01   -0.617188605893863151E+00   -0.105087551123153915E+02    1
    0.227178293069435533E+02    0.105994601471332972E+01   -0.616872285512894414E+00   -0.105097551123153945E+02    1
    0.247461545240441865E+02    0.323227311864007483E+01   -0.616645856923984770E+00   -0.105107551123153939E+02    1
    0.229453205187383702E+02    0.308825777455778949E+01   -0.616456546582377474E+00   -0.105117551123154023E+02    1
    0.256278498127904442E+02    0.331302187937731274E+01   -0.616225124031474114E+00   -0.105127551123154213E+02    1
    0.244030685746092324E+02    0.319874908544594261E+01   -0.615862868423666332E+00   -0.105137551123154278E+02    1
    0.230460518500780793E+02    0.309266135893834315E+01   -0.615085086422923144E+00   -0.105147551123154415E+02    1
    0.221079895591449933E+02    0.303123965596626377E+01   -0.614753502008266284E+00   -0.105157551123154018E+02    1
    0.255801206126711165E+02    0.330498816580254084E+01   -0.614600979641166556E+00   -0.105167551123153480E+02    1
    0.217071524040612154E+02    0.103257903051965583E+01   -0.613917127730836065E+00   -0.105177551123153581E+02    1
    0.212207495920671256E+02    0.296918578899142682E+01   -0.613489003436019864E+00   -0.105187551123153629E+02    1
    0.242120563479621183E+02    0.111968423548904639E+01   -0.612893340997047620E+00   -0.105197551123153890E+02    1
    0.243719735383058236E+02    0.318817160753630890E+01   -0.612407626350087164E+00   -0.105207551123154417E+02    1
    0.225674479266948040E+02    0.305686598683997568E+01   -0.612062773337183619E+00   -0.105217551123154305E+02    1
    0.210107628397468105E+02    0.101609225171070228E+01   -0.610806396602164736E+00   -0.105227551123154281E+02    1
    0.223955377763879007E+02    0.304282865814151515E+01   -0.610227655134954583E+00   -0.105237551123154169E+02    1
    0.263749901075735060E+02    0.120288135299775290E+01   -0.610095394720894024E+00   -0.105247551123154075E+02    1
    0.224680167463215845E+02    0.105872618653756079E+01   -0.609658042206845829E+00   -0.105257551123153821E+02    1
    0.237049675086365923E+02    0.312684943350404643E+01   -0.609593634465601775E+00   -0.105267551123153513E+02    1
    0.249925720964384048E+02    0.115319587444601002E+01   -0.608759228455926227E+00   -0.105277551123153579E+02    1
    0.202113630981886914E+02    0.288716589903580978E+01   -0.608740449209074885E+00   -0.105287551123153467E+02    1
    0.253730041546405403E+02    0.327110305034974758E+01   -0.608027136127056389E+00   -0.105297551123153514E+02    1
    0.204838731737128192E+02    0.290683778979466734E+01   -0.607980966226908892E+00   -0.105307551123153704E+02    1
    0.236793138797102678E+02    0.110647150624873802E+01   -0.607068164311451941E+00   -0.105317551123153628E+02    1
    0.263980476754470708E+02    0.120797871340725815E+01   -0.606307155926062769E+00   -0.105327551123153818E+02    1
    0.215646319500931618E+02    0.298072696345575361E+01   -0.605048107731747664E+00   -0.105337551123154363E+02    1
    0.225569707743656487E+02    0.304206099547146502E+01   -0.603091703458437545E+00   -0.105347551123154286E+02    1
    0.237979268025443389E+02    0.111534048958469612E+01   -0.603087425817268930E+00   -0.105357551123154138E+02    1
    0.228731845224777679E+02    0.108205914126939140E+01   -0.602241583122855029E+00   -0.105367551123154097E+02    1
    0.247625753761235110E+02    0.319777454475766065E+01   -0.600591802489592097E+00   -0.105377551123153790E+02    1
    0.212812352848377735E+02    0.103226307434414033E+01   -0.599549502573063831E+00   -0.105387551123153766E+02    1
    0.223517578526510619E+02    0.302110075405271816E+01   -0.598285361317699049E+00   -0.105397551123154098E+02    1
    0.238922399837306578E+02    0.112483977534042934E+01   -0.597779373394610958E+00   -0.105407551123154342E+02    1
    0.237954712144934604E+02    0.112315652528438181E+01   -0.596109042551958734E+00   -0.105417551123154301E+02    1
    0.241695803372407028E+02    0.113701123772436707E+01   -0.596105143836885620E+00   -0.105427551123153833E+02    1
    0.196092149874464994E+02    0.282069767645915492E+01   -0.595536584757627829E+00   -0.105437551123153685E+02    1
    0.195713346622456541E+02    0.281663635087460973E+01   -0.594790566242782481E+00   -0.105447551123154035E+02    1
    0.261331825007184655E+02    0.330815100788356675E+01   -0.593305998037743865E+00   -0.105457551123153888E+02    1
    0.232999475630750901E+02    0.307265010853848697E+01   -0.592030180894993818E+00   -0.105467551123153687E+02    1
    0.249860314331213580E+02    0.117273721517100515E+01   -0.591290084239037284E+00   -0.105477551123154001E+02    1
    0.238625756203810013E+02    0.310763996973021372E+01   -0.591073244867046710E+00   -0.105487551123154120E+02    1
    0.213657176082886266E+02    0.294335603118667821E+01   -0.590572139680080710E+00   -0.105497551123154150E+02    1
    0.254661114255915386E+02    0.323849042771932361E+01   -0.589881014518203073E+00   -0.105507551123154233E+02    1
    0.219553556761436752E+02    0.106224493055771196E+01   -0.589799757247308043E+00   -0.105517551123153943E+02    1
    0.229259326670304340E+02    0.304467873075731710E+01   -0.589739494414585730E+00   -0.105527551123153529E+02    1
    0.203361441776897180E+02    0.101281882766801745E+01   -0.588380413438101213E+00   -0.105537551123153346E+02    1
    0.234486788808482167E+02    0.112077470596560569E+01   -0.586979998660896896E+00   -0.105547551123153767E+02    1
    0.240305679288878551E+02    0.114292052919524956E+01   -0.586456954342045811E+00   -0.105557551123153850E+02    1
    0.254810963413153075E+02    0.322935268622825644E+01   -0.585319954324872271E+00   -0.105567551123154004E+02    1
    0.222358857674895845E+02    0.299115099323616729E+01   -0.584348511389980452E+00   -0.105577551123153999E+02    1
    0.233945872989450514E+02    0.112427625280315091E+01   -0.582220680277009350E+00   -0.105587551123153602E+02    1
    0.218505420296538446E+02    0.296226359634053971E+01   -0.581971282804500722E+00   -0.105597551123153863E+02    1
    0.223798346289268402E+02    0.299601461036778272E+01   -0.581594824806880184E+00   -0.105607551123153875E+02    1
    0.211114083814311222E+02    0.290749059509981045E+01   -0.579843958543085680E+00   -0.105617551123153977E+02    1
    0.216090971290853133E+02    0.294240328359638204E+01   -0.579408968157489435E+00   -0.105627551123153811E+02    1
    0.248895758279879153E+02    0.118433248114163203E+01   -0.578174172055305080E+00   -0.105637551123153681E+02    1
    0.224375953761941851E+02    0.299316264300186052E+01   -0.577558243816248429E+00   -0.105647551123153765E+02    1
    0.187024087612516041E+02    0.272171688900515507E+01   -0.576786396624147879E+00   -0.105657551123153528E+02    1
    0.235005606520145243E+02    0.305925627858437954E+01   -0.575780043908653894E+00   -0.105667551123153700E+02    1
    0.235591213451511905E+02    0.306214161375570093E+01   -0.575222759237593251E+00   -0.105677551123154263E+02    1
    0.248560513484252006E+02    0.314370531235464146E+01   -0.573437068767563174E+00   -0.105687551123154400E+02    1
    0.248609342617779419E+02    0.118893003995734103E+01   -0.573342522520783882E+00   -0.105697551123153826E+02    1
    0.242154866881761563E+02    0.116525320751651207E+01   -0.573156227887087644E+00   -0.105707551123153554E+02    1
    0.255053667896757013E+02    0.121339641824737665E+01   -0.572825140327435256E+00   -0.105717551123153743E+02    1
    0.208022273138612697E+02    0.287231222450038359E+01   -0.572094659926721150E+00   -0.105727551123153720E+02    1
    0.226472556357071895E+02    0.299714624156491416E+01   -0.571712434495830646E+00   -0.105737551123154070E+02    1
    0.249681014996659307E+02    0.314939906699670624E+01   -0.571449137915259087E+00   -0.105747551123154491E+02    1
    0.222802502344526374E+02    0.297205394787008936E+01   -0.570948603563113832E+00   -0.105757551123154521E+02    1
    0.250300431217025476E+02    0.119839627384726777E+01   -0.570619965975633470E+00   -0.105767551123154195E+02    1
    0.220044202084468239E+02    0.108717045188210726E+01   -0.569951610872698300E+00   -0.105777551123154030E+02    1
    0.254252855371324635E+02    0.121502243323924652E+01   -0.568932208674741480E+00   -0.105787551123154344E+02    1
    0.215851349250878570E+02    0.107298273358928298E+01   -0.568657212042604332E+00   -0.105797551123153859E+02    1
    0.237750699444804496E+02    0.306517284333221207E+01   -0.568577106218752459E+00   -0.105807551123153853E+02    1
    0.246311667889407815E+02    0.312074462543377207E+01   -0.568570413102564287E+00   -0.105817551123153955E+02    1
    0.237374767080194253E+02    0.306146115579929612E+01   -0.567812663250132355E+00   -0.105827551123153576E+02    1
    0.208043642600738217E+02    0.286486632970159194E+01   -0.567512027418222043E+00   -0.105837551123153890E+02    1
    0.220489986791784887E+02    0.295043350145376193E+01   -0.566970595691453694E+00   -0.105847551123153778E+02    1
    0.230994328495303307E+02    0.301860363819971944E+01   -0.566952401645225756E+00   -0.105857551123153932E+02    1
    0.223397447838335239E+02    0.110475923005385002E+01   -0.565583620225916239E+00   -0.105867551123153998E+02    1
    0.224790192090798513E+02    0.297579650013173724E+01   -0.565437362203231486E+00   -0.105877551123154099E+02    1
    0.248928622390637138E+02    0.313225200558471650E+01   -0.565278296860298624E+00   -0.105887551123153969E+02    1
    0.213884470335938772E+02    0.290157665555907229E+01   -0.564108104605819061E+00   -0.105897551123153750E+02    1
    0.249916897908810753E+02    0.313645135590453616E+01   -0.563951704995532266E+00   -0.105907551123153976E+02    1
    0.235457960099181918E+02    0.304198226621603540E+01   -0.563597295233034812E+00   -0.105917551123154130E+02    1
    0.236659297376442197E+02    0.304817255756122973E+01   -0.562636395942985423E+00   -0.105927551123154000E+02    1
    0.225063467246175861E+02    0.297036262212394098E+01   -0.561132938212408727E+00   -0.105937551123153764E+02    1
    0.215480494787545638E+02    0.108190126927213770E+01   -0.559871474013670101E+00   -0.105947551123153882E+02    1
    0.193786969168134675E+02    0.274484087633750518E+01   -0.559165958854800915E+00   -0.105957551123153788E+02    1
    0.220975945689447144E+02    0.110405359146671866E+01   -0.558669321746677161E+00   -0.105967551123153871E+02    1
    0.208818898834463020E+02    0.105509250530389265E+01   -0.557420625117332369E+00   -0.105977551123154132E+02    1
    0.218078257179541133E+02    0.109696832928363808E+01   -0.555630739905227156E+00   -0.105987551123154180E+02    1
    0.226945993164197510E+02    0.297082954932291221E+01   -0.554171865895133675E+00   -0.105997551123153873E+02    1
    0.229587392322431576E+02    0.298666854734143561E+01   -0.553400351799370083E+00   -0.106007551123154062E+02    1
    0.237732197580426963E+02    0.117273035686730642E+01   -0.553160691626797707E+00   -0.106017551123154412E+02    1
    0.261859713948439747E+02    0.321655781826181286E+01   -0.552377443612396268E+00   -0.106027551123154176E+02    1
    0.221162124959855184E+02    0.292780808049672014E+01   -0.550958181133144875E+00   -0.106037551123154223E+02    1
    0.221077635227779083E+02    0.292658698917864868E+01   -0.550564090176925314E+00   -0.106047551123154253E+02    1
    0.244807829718576357E+02    0.307922868231105085E+01   -0.549727602972663210E+00   -0.106057551123154212E+02    1
    0.236904464889661526E+02    0.117389170503892748E+01   -0.549679771587811117E+00   -0.106067551123154189E+02    1
    0.224844015770666843E+02    0.112950529395233867E+01   -0.549463084336703322E+00   -0.106077551123153828E+02    1
    0.255684499751852563E+02    0.315059935884263087E+01   -0.548785465562556585E+00   -0.106087551123153627E+02    1
    0.228766398319331401E+02    0.114557699620310860E+01   -0.548191180662463196E+00   -0.106097551123153586E+02    1
    0.251207589660911701E+02    0.122886648817758504E+01   -0.548020983287087593E+00   -0.106107551123153829E+02    1
    0.243345229368204912E+02    0.120108252423135498E+01   -0.546936911166458484E+00   -0.106117551123153966E+02    1
    0.234379461360583434E+02    0.300659828287170505E+01   -0.546853688313018949E+00   -0.106127551123153783E+02    1
    0.224845446047972679E+02    0.113404962833351308E+01   -0.545746096189753560E+00   -0.106137551123153830E+02    1
    0.236248031668853784E+02    0.301567653548802950E+01   -0.545077583882831118E+00   -0.106147551123154162E+02    1
    0.248152455319865837E+02    0.308806240051626935E+01   -0.542235105219196156E+00   -0.106157551123154175E+02    1
    0.211562051895901284E+02    0.284669867632864637E+01   -0.541756227195873130E+00   -0.106167551123154151E+02    1
    0.214434839667284933E+02    0.286696474664226875E+01   -0.541419497968699259E+00   -0.106177551123154394E+02    1
    0.242881550445702210E+02    0.305188494289100909E+01   -0.541105303336219423E+00   -0.106187551123153945E+02    1
    0.247532002783957132E+02    0.307952128203534548E+01   -0.539631013387726011E+00   -0.106197551123153282E+02    1
    0.218510232911917193E+02    0.111929930650869047E+01   -0.538540657040760595E+00   -0.106207551123153721E+02    1
    0.246593551309795664E+02    0.306693918384490161E+01   -0.535905333858026411E+00   -0.106217551123153768E+02    1
    0.207407248571104788E+02    0.280609888643554495E+01   -0.535748926359994382E+00   -0.106227551123153372E+02    1
    0.229965629511349903E+02    0.116564615927713788E+01   -0.535507941631652717E+00   -0.106237551123154006E+02    1
    0.229986630597827215E+02    0.116603677759133539E+01   -0.535256647446826106E+00   -0.106247551123154249E+02    1
    0.224633119030154198E+02    0.292078779423182855E+01   -0.533864449864779989E+00   -0.106257551123154190E+02    1
    0.240703990525675167E+02    0.120758725088705843E+01   -0.533754679371206353E+00   -0.106267551123153883E+02    1
    0.200550644666550397E+02    0.275014703251479897E+01   -0.532216227556697508E+00   -0.106277551123153380E+02    1
    0.223504065961803313E+02    0.114612007687701700E+01   -0.531986502058407806E+00   -0.106287551123153499E+02    1
    0.240736001362279524E+02    0.301993295523079475E+01   -0.530788762144719928E+00   -0.106297551123153511E+02    1
    0.216378036939382419E+02    0.286151595154050709E+01   -0.530635166254530999E+00   -0.106307551123153434E+02    1
    0.232417629274168007E+02    0.296521689554652434E+01   -0.530386838093808044E+00   -0.106317551123153944E+02    1
    0.221252653641241821E+02    0.289193866415963896E+01   -0.529939640307496518E+00   -0.106327551123154258E+02    1
    0.231945490789337079E+02    0.118028322838430766E+01   -0.529665438706216407E+00   -0.106337551123154199E+02    1
    0.186308813128174293E+02    0.263602981411758641E+01   -0.528492452832369453E+00   -0.106347551123154265E+02    1
    0.223591700926495349E+02    0.290328908749561609E+01   -0.527768876826549271E+00   -0.106357551123154135E+02    1
    0.186011648334138222E+02    0.263229244619041980E+01   -0.527643613150359458E+00   -0.106367551123154165E+02    1
    0.225203981179337056E+02    0.291176182051788723E+01   -0.526642928486116713E+00   -0.106377551123153840E+02    1
    0.249128771921514307E+02    0.306417537988874322E+01   -0.524998600492165735E+00   -0.106387551123153976E+02    1
    0.203272116025722838E+02    0.275693057487098203E+01   -0.524882074534002929E+00   -0.106397551123153846E+02    1
    0.201817094344938184E+02    0.274623800677704599E+01   -0.524807379783322814E+00   -0.106407551123153326E+02    1
    0.235030181307991910E+02    0.119915403853790470E+01   -0.523765529147562359E+00   -0.106417551123153533E+02    1
    0.202256512171720431E+02    0.106806785938217352E+01   -0.522848158887771808E+00   -0.106427551123154061E+02    1
    0.205984889238926030E+02    0.108613037958238867E+01   -0.521722934536004490E+00   -0.106437551123154304E+02    1
    0.225014728489727744E+02    0.116487009915603812E+01   -0.521566963311492104E+00   -0.106447551123154192E+02    1
    0.253180788220524207E+02    0.308287945213512682E+01   -0.520738335893419668E+00   -0.106457551123154222E+02    1
    0.252261567119206909E+02    0.126707839964678382E+01   -0.520519816689875348E+00   -0.106467551123153967E+02    1
    0.211560193363792770E+02    0.111425410454295837E+01   -0.519163520437231685E+00   -0.106477551123153535E+02    1
    0.203146348037674933E+02    0.107676573473891768E+01   -0.519102284111552459E+00   -0.106487551123153530E+02    1
    0.220042960090171213E+02    0.286278624139095461E+01   -0.517985498291112956E+00   -0.106497551123153613E+02    1
    0.223983076975369677E+02    0.116585592478951061E+01   -0.517806568556898217E+00   -0.106507551123153927E+02    1
    0.205903948374430676E+02    0.109079286623236738E+01   -0.517748468494009462E+00   -0.106517551123154401E+02    1
    0.208623183778718087E+02    0.110381164453736624E+01   -0.517056604780673390E+00   -0.106527551123153952E+02    1
    0.239877809943709508E+02    0.298836697184078703E+01   -0.516210739025527832E+00   -0.106537551123153431E+02    1
    0.235784718547955343E+02    0.121208085384201647E+01   -0.515834110350560593E+00   -0.106547551123153426E+02    1
    0.230161999850462990E+02    0.292301554041099765E+01   -0.514954288096660107E+00   -0.106557551123153509E+02    1
    0.217943453816493786E+02    0.114666246518432358E+01   -0.514891682911246873E+00   -0.106567551123153663E+02    1
    0.263332852502386849E+02    0.131592708194325936E+01   -0.514391857405445463E+00   -0.106577551123153587E+02    1
    0.224184028249755656E+02    0.117113421584775601E+01   -0.514280215778950001E+00   -0.106587551123153421E+02    1
    0.231427377941481680E+02    0.292938053912948915E+01   -0.513932271318339629E+00   -0.106597551123153682E+02    1
    0.263095949974450605E+02    0.313409009648192782E+01   -0.513434968526099267E+00   -0.106607551123153819E+02    1
    0.246205370492198483E+02    0.302411974626995095E+01   -0.513265935277206320E+00   -0.106617551123153671E+02    1
    0.202556454715300731E+02    0.273079498967921541E+01   -0.513225247690517694E+00   -0.106627551123153452E+02    1
    0.234960010870455100E+02    0.121269880875255809E+01   -0.512987059893931341E+00   -0.106637551123153802E+02    1
    0.255703703791153245E+02    0.308490860184740789E+01   -0.512781149851918028E+00   -0.106647551123154170E+02    1
    0.223252007787061224E+02    0.287196976869552323E+01   -0.511547260851738961E+00   -0.106657551123153649E+02    1
    0.226649534317430934E+02    0.118540266970180141E+01   -0.510308233666594613E+00   -0.106667551123153892E+02    1
    0.236858791492111891E+02    0.295695335271365378E+01   -0.509704095589367023E+00   -0.106677551123153957E+02    1
    0.223510570562193394E+02    0.286985152430735901E+01   -0.509464668263796105E+00   -0.106687551123153899E+02    1
    0.239209765006038424E+02    0.123364974024208207E+01   -0.508964998741741059E+00   -0.106697551123154124E+02    1
    0.252020180046037758E+02    0.128165521775734015E+01   -0.508520608403145502E+00   -0.106707551123153870E+02    1
    0.237076207193077018E+02    0.295605875399219142E+01   -0.508442368760025687E+00   -0.106717551123154113E+02    1
    0.245151862523106026E+02    0.300809831615124779E+01   -0.508227964959570344E+00   -0.106727551123153948E+02    1
    0.233534368669748851E+02    0.121435919130202108E+01   -0.507644599526224094E+00   -0.106737551123153391E+02    1
    0.219720787966907132E+02    0.284089170934397384E+01   -0.507085779113972124E+00   -0.106747551123153581E+02    1
    0.250051799172486007E+02    0.303674850586289402E+01   -0.506502636463317168E+00   -0.106757551123153593E+02    1
    0.198473764790244012E+02    0.268827138704430313E+01   -0.506163373109212889E+00   -0.106767551123153517E+02    1
    0.241194770550692859E+02    0.124484728128448374E+01   -0.506016323508527655E+00   -0.106777551123153689E+02    1
    0.201471347298536720E+02    0.270563513592846405E+01   -0.503778533949403196E+00   -0.106787551123153914E+02    1
    0.225917822953304466E+02    0.119166318939992388E+01   -0.503443811012075138E+00   -0.106797551123154211E+02    1
    0.245637690809047307E+02    0.300191061009997417E+01   -0.503147602682443740E+00   -0.106807551123154045E+02    1
    0.258921258720319543E+02    0.131450946297888471E+01   -0.502941334408644969E+00   -0.106817551123153862E+02    1
    0.229084257962605626E+02    0.120437590846807829E+01   -0.502691337294552953E+00   -0.106827551123154283E+02    1
    0.240180982423120284E+02    0.124561780675626332E+01   -0.502570127759542351E+00   -0.106837551123154562E+02    1
    0.228563770951459233E+02    0.120316288696464535E+01   -0.502149299828043016E+00   -0.106847551123154165E+02    1
    0.226010019043573855E+02    0.287123217301079814E+01   -0.501394285701823872E+00   -0.106857551123154213E+02    1
    0.237260917698104166E+02    0.294329560537746726E+01   -0.500863483697279399E+00   -0.106867551123154474E+02    1
    0.210454971684859409E+02    0.276337294612098150E+01   -0.499750134981927441E+00   -0.106877551123154060E+02    1
    0.241134587975050358E+02    0.125303783329759577E+01   -0.499624101408582710E+00   -0.106887551123153770E+02    1
    0.235327526038265802E+02    0.123176205395279981E+01   -0.499455573873392344E+00   -0.106897551123153729E+02    1
    0.250095487845807298E+02    0.302325847142063964E+01   -0.499051371741590644E+00   -0.106907551123153457E+02    1
    0.260670830071332773E+02    0.309105911536460454E+01   -0.498589039734113948E+00   -0.106917551123153292E+02    1
    0.231870476513126640E+02    0.122033975169429643E+01   -0.498417171237654610E+00   -0.106927551123153659E+02    1
    0.237613581588552556E+02    0.124189203087503208E+01   -0.498198526028506006E+00   -0.106937551123154329E+02    1
    0.227832461895782430E+02    0.120569142639827831E+01   -0.498190183279243581E+00   -0.106947551123154359E+02    1
    0.228804342704945327E+02    0.121040017671318845E+01   -0.497354053106877969E+00   -0.106957551123153625E+02    1
    0.246550558698684554E+02    0.299445507651915932E+01   -0.495950309764355501E+00   -0.106967551123153619E+02    1
    0.244766833608544019E+02    0.127172260147040439E+01   -0.495682077993910397E+00   -0.106977551123154289E+02    1
    0.220542180795969038E+02    0.282484201776824895E+01   -0.495549113208753389E+00   -0.106987551123154123E+02    1
    0.268737498626199738E+02    0.313652610083313466E+01   -0.494893574720245977E+00   -0.106997551123153887E+02    1
    0.207968339608985175E+02    0.273487303524629555E+01   -0.494154794701620936E+00   -0.107007551123153632E+02    1
    0.236343427265007868E+02    0.292469818305875418E+01   -0.494090948516174744E+00   -0.107017551123153396E+02    1
    0.210039269537466744E+02    0.274854495014070510E+01   -0.493432315364596086E+00   -0.107027551123153959E+02    1
    0.214189507486355666E+02    0.277378936179269209E+01   -0.490845833416775124E+00   -0.107037551123153776E+02    1
    0.232971799824268793E+02    0.289577687782783677E+01   -0.490360581371930171E+00   -0.107047551123153593E+02    1
    0.213648947723072489E+02    0.276831696805145411E+01   -0.490026545827492943E+00   -0.107057551123154120E+02    1
    0.229858014316531083E+02    0.287458845580359634E+01   -0.489846976468313433E+00   -0.107067551123154452E+02    1
    0.233834830020848372E+02    0.289869698550436405E+01   -0.488943806712178963E+00   -0.107077551123154429E+02    1
    0.240787008370323328E+02    0.294153770326032582E+01   -0.487733992735300381E+00   -0.107087551123153784E+02    1
    0.259914716463467848E+02    0.306386732338303380E+01   -0.486756975363022870E+00   -0.107097551123153725E+02    1
    0.256679634952403184E+02    0.132899296864468219E+01   -0.485898224672429380E+00   -0.107107551123153844E+02    1
    0.258189914045044588E+02    0.133608942829833133E+01   -0.484791330430701994E+00   -0.107117551123153607E+02    1
    0.261337372283295970E+02    0.134787650051522379E+01   -0.484692495678415658E+00   -0.107127551123153939E+02    1
    0.226310185854033890E+02    0.121835224121493058E+01   -0.484579798970670939E+00   -0.107137551123154076E+02    1
    0.237915980898261914E+02    0.126160911102274120E+01   -0.484366974118374816E+00   -0.107147551123153892E+02    1
    0.223819225262900332E+02    0.121002060884518681E+01   -0.483850268126212013E+00   -0.107157551123153958E+02    1
    0.257722691466547467E+02    0.133565000206662088E+01   -0.483844267475729395E+00   -0.107167551123153828E+02    1
    0.216881503397877395E+02    0.277721641336775438E+01   -0.482961877482357416E+00   -0.107177551123153716E+02    1
    0.223640919779516842E+02    0.282027704591617523E+01   -0.482531728662628168E+00   -0.107187551123153693E+02    1
    0.220070880035199039E+02    0.119770262617351708E+01   -0.482263330894564302E+00   -0.107197551123153616E+02    1
    0.233673892451110277E+02    0.288486343145545776E+01   -0.482243446364970851E+00   -0.107207551123153912E+02    1
    0.195162265785006994E+02    0.108968678479854830E+01   -0.481976079727025608E+00   -0.107217551123154067E+02    1
    0.261872569156111368E+02    0.135394408755687579E+01   -0.481699878674067272E+00   -0.107227551123154115E+02    1
    0.241996510271613730E+02    0.128053788130705248E+01   -0.481569201442730299E+00   -0.107237551123153878E+02    1
    0.220477780813294792E+02    0.279530107696497554E+01   -0.480224911599390292E+00   -0.107247551123153713E+02    1
    0.205703617677200015E+02    0.113939717277199026E+01   -0.480025781231744442E+00   -0.107257551123153743E+02    1
    0.264881446189478638E+02    0.136763566982661455E+01   -0.479839600437904412E+00   -0.107267551123153861E+02    1
    0.239396748029919131E+02    0.291638754462597483E+01   -0.479320039353016036E+00   -0.107277551123153660E+02    1
    0.234740418065310230E+02    0.288507958007540433E+01   -0.478763278584623975E+00   -0.107287551123153264E+02    1
    0.211712877292780703E+02    0.116804347369725603E+01   -0.478691158259646032E+00   -0.107297551123153312E+02    1
    0.205555559820777063E+02    0.268765350073169174E+01   -0.478567792794881486E+00   -0.107307551123153360E+02    1
    0.256448716220106583E+02    0.134009674791054634E+01   -0.477168594190722661E+00   -0.107317551123153425E+02    1
    0.251498512512928691E+02    0.132274694945680626E+01   -0.476462090756805567E+00   -0.107327551123154006E+02    1
    0.246993016691284879E+02    0.130656248900276917E+01   -0.476103891457887451E+00   -0.107337551123154533E+02    1
    0.258324625067716305E+02    0.134943307619959452E+01   -0.475440838239947650E+00   -0.107347551123154030E+02    1
    0.193032015973198945E+02    0.109015479070536236E+01   -0.474658921549868107E+00   -0.107357551123153598E+02    1
    0.242578338062268770E+02    0.292648591274460301E+01   -0.473884703972930865E+00   -0.107367551123153984E+02    1
    0.240752136949703690E+02    0.128680947435368420E+01   -0.473688883304550223E+00   -0.107377551123153960E+02    1
    0.228852868847522863E+02    0.124333494684493973E+01   -0.473272942425281062E+00   -0.107387551123153528E+02    1
    0.191121972668352029E+02    0.257256799196596564E+01   -0.473254775335852584E+00   -0.107397551123153896E+02    1
    0.241126597231832065E+02    0.291433258510790605E+01   -0.472490059990681055E+00   -0.107407551123154263E+02    1
    0.228082579837607788E+02    0.124336184253935667E+01   -0.471210028080977006E+00   -0.107417551123154258E+02    1
    0.250946368626056220E+02    0.297243170914048349E+01   -0.469610455091466483E+00   -0.107427551123153844E+02    1
    0.246406840875157904E+02    0.294282617603193186E+01   -0.469543350713588048E+00   -0.107437551123153359E+02    1
    0.243018749009889774E+02    0.292061761863592251E+01   -0.469436255822667681E+00   -0.107447551123153566E+02    1
    0.234103704486030679E+02    0.126813868521898820E+01   -0.469435860997068799E+00   -0.107457551123153916E+02    1
    0.256115983803613680E+02    0.300389888936515748E+01   -0.468547225420269942E+00   -0.107467551123154195E+02    1
    0.254863011237960073E+02    0.134734590299627754E+01   -0.467762808550426512E+00   -0.107477551123153781E+02    1
    0.207401761874246020E+02    0.267967497721477255E+01   -0.467640615098394496E+00   -0.107487551123153917E+02    1
    0.260238524648805303E+02    0.302872048829464013E+01   -0.467563466610803447E+00   -0.107497551123154604E+02    1
    0.261782320789999652E+02    0.303845665579293778E+01   -0.467418390505176196E+00   -0.107507551123154492E+02    1
    0.230992098414948650E+02    0.125949897330767158E+01   -0.467388027177081777E+00   -0.107517551123154167E+02    1
    0.259376933130478839E+02    0.136566054355082489E+01   -0.466625748442441535E+00   -0.107527551123153700E+02    1
    0.201620002619987702E+02    0.263566447572056228E+01   -0.466605470905601116E+00   -0.107537551123153392E+02    1
    0.248684226241365742E+02    0.295120080196920576E+01   -0.466300372847723410E+00   -0.107547551123153866E+02    1
    0.260894794419063629E+02    0.303039909128450002E+01   -0.466260051553469834E+00   -0.107557551123154340E+02    1
    0.242784094234743009E+02    0.291051272442931941E+01   -0.465101626959297021E+00   -0.107567551123154299E+02    1
    0.250354784978952694E+02    0.133619054364423007E+01   -0.463848456084432870E+00   -0.107577551123154258E+02    1
    0.222038686680544330E+02    0.277227589722364254E+01   -0.463322184213618038E+00   -0.107587551123154181E+02    1
    0.269659341374801755E+02    0.140877304537755066E+01   -0.463065098615812687E+00   -0.107597551123154229E+02    1
    0.265302563794985531E+02    0.305247369856810602E+01   -0.462973107115818960E+00   -0.107607551123153922E+02    1
    0.230924732900669909E+02    0.126564656385658436E+01   -0.462870468970773552E+00   -0.107617551123153863E+02    1
    0.221438875366467052E+02    0.276660071314762890E+01   -0.462430849593548632E+00   -0.107627551123153946E+02    1
    0.219728522645373090E+02    0.275528233939961709E+01   -0.462323980297499215E+00   -0.107637551123153514E+02    1
    0.233293905519331410E+02    0.284282695279008468E+01   -0.462059129393020351E+00   -0.107647551123153633E+02    1
    0.217317622848904257E+02    0.121556236031315645E+01   -0.461647234705465703E+00   -0.107657551123153947E+02    1
    0.257493894334480338E+02    0.299805829281859282E+01   -0.461116042727167830E+00   -0.107667551123154226E+02    1
    0.237208527788971821E+02    0.286348403654762462E+01   -0.459687305125453749E+00   -0.107677551123154380E+02    1
    0.240659927127025348E+02    0.288413756609058769E+01   -0.458815646134434929E+00   -0.107687551123153611E+02    1
    0.230095959208455660E+02    0.281535072974789324E+01   -0.458716778794461155E+00   -0.107697551123153747E+02    1
    0.209446652537396893E+02    0.118573354743719905E+01   -0.458696776393590022E+00   -0.107707551123154204E+02    1
    0.225800117011851142E+02    0.278693522925943027E+01   -0.458456728397300117E+00   -0.107717551123153736E+02    1
    0.228707966560778289E+02    0.126454566370648624E+01   -0.457902183516756933E+00   -0.107727551123153589E+02    1
    0.225777612349974497E+02    0.125492083220659456E+01   -0.456910881061190266E+00   -0.107737551123153494E+02    1
    0.209061929760606660E+02    0.267004661560954570E+01   -0.456806768086894743E+00   -0.107747551123153222E+02    1
    0.239484993509825053E+02    0.130663261581687329E+01   -0.456382845861587283E+00   -0.107757551123153466E+02    1
    0.233045781610894345E+02    0.282844203080913159E+01   -0.455719766314342301E+00   -0.107767551123154082E+02    1
    0.220896338427026109E+02    0.274887414290787246E+01   -0.455381530824619796E+00   -0.107777551123154200E+02    1
    0.245085647308703898E+02    0.290524061274073064E+01   -0.455044305663976689E+00   -0.107787551123153769E+02    1
    0.236201913809589321E+02    0.284753638409509913E+01   -0.455031636153940600E+00   -0.107797551123153585E+02    1
    0.221108244149520416E+02    0.274938830427609382E+01   -0.454957330348473077E+00   -0.107807551123153651E+02    1
    0.249301442707760295E+02    0.293187795086210379E+01   -0.454683135778124470E+00   -0.107817551123153965E+02    1
    0.222421826785398089E+02    0.124580493988370145E+01   -0.454230782723109128E+00   -0.107827551123153658E+02    1
    0.238303159817924310E+02    0.285906361302537171E+01   -0.453991746388212936E+00   -0.107837551123153546E+02    1
    0.224003130502933629E+02    0.276418152344834223E+01   -0.452992203381613834E+00   -0.107847551123153522E+02    1
    0.221583332958142378E+02    0.124568858560599671E+01   -0.452060848277470617E+00   -0.107857551123153517E+02    1
    0.213149027331674255E+02    0.269001693975190292E+01   -0.452043416173347867E+00   -0.107867551123154186E+02    1
    0.248461859083962757E+02    0.291959415557138025E+01   -0.451335233645399347E+00   -0.107877551123154465E+02    1
    0.232161682074850297E+02    0.128728081946558914E+01   -0.451034708585133282E+00   -0.107887551123154068E+02    1
    0.272727720537087137E+02    0.143766663408071826E+01   -0.450896231096414579E+00   -0.107897551123153459E+02    1
    0.239633933110154835E+02    0.286089537607339217E+01   -0.450660772319444569E+00   -0.107907551123153862E+02    1
    0.217836403631987530E+02    0.123328475052763764E+01   -0.450638200925079335E+00   -0.107917551123153892E+02    1
    0.223282365717327416E+02    0.275207839381019204E+01   -0.449369500248324505E+00   -0.107927551123153673E+02    1
    0.222709147759592376E+02    0.125416473585534938E+01   -0.449201598875436647E+00   -0.107937551123154130E+02    1
    0.224103373390397458E+02    0.125969983804695884E+01   -0.449094160049366642E+00   -0.107947551123154319E+02    1
    0.208664097458739732E+02    0.119648495205569594E+01   -0.448773137940296940E+00   -0.107957551123154012E+02    1
    0.219213408865831916E+02    0.272440347291187557E+01   -0.448759042388215512E+00   -0.107967551123153704E+02    1
    0.226799089350527225E+02    0.277295481249270281E+01   -0.448419690068518118E+00   -0.107977551123153663E+02    1
    0.220916483561765027E+02    0.124881919574791711E+01   -0.448119352440693730E+00   -0.107987551123154066E+02    1
    0.208754716751825065E+02    0.264990626720830047E+01   -0.448042474243000921E+00   -0.107997551123154008E+02    1
    0.257848773060023504E+02    0.297373486794212383E+01   -0.448025563209522137E+00   -0.108007551123153238E+02    1
    0.247256933202706541E+02    0.290486757086866199E+01   -0.447977704966839085E+00   -0.108017551123153890E+02    1
    0.224051129322794580E+02    0.126120247998970147E+01   -0.447920587574794249E+00   -0.108027551123154453E+02    1
    0.232114622407157860E+02    0.280583060453487620E+01   -0.447627010422302074E+00   -0.108037551123154039E+02    1
    0.216942922847077355E+02    0.270708528598242726E+01   -0.447510049638084051E+00   -0.108047551123154140E+02    1
    0.235383705172610966E+02    0.282650268777035363E+01   -0.447359480143582955E+00   -0.108057551123154205E+02    1
    0.238621475488977097E+02    0.131738698827720402E+01   -0.446813426418381676E+00   -0.108067551123154377E+02    1
    0.237105294230731154E+02    0.131181465027504141E+01   -0.446785690380510414E+00   -0.108077551123154496E+02    1
    0.263060928841985735E+02    0.141063904444118848E+01   -0.444936032519556268E+00   -0.108087551123154100E+02    1
    0.219666083505350898E+02    0.271905366909830759E+01   -0.444753955057549333E+00   -0.108097551123154201E+02    1
    0.216381662609498164E+02    0.269615991301716473E+01   -0.443999751402413267E+00   -0.108107551123153804E+02    1
    0.226596881563282118E+02    0.276213583346700320E+01   -0.443832989777904530E+00   -0.108117551123153266E+02    1
    0.247605528090982148E+02    0.289801927927210912E+01   -0.443584813424339086E+00   -0.108127551123153562E+02    1
    0.222584695989360242E+02    0.273520139826180975E+01   -0.443408436725544586E+00   -0.108137551123153592E+02    1
    0.258912903002018453E+02    0.296928703254609605E+01   -0.442556343186250700E+00   -0.108147551123153622E+02    1
    0.225556627697315726E+02    0.275250953351603167E+01   -0.442456473462597477E+00   -0.108157551123153599E+02    1
    0.229501659458450611E+02    0.129053250823054411E+01   -0.442149565598591421E+00   -0.108167551123153967E+02    1
    0.218300911819216772E+02    0.124949772964436012E+01   -0.440770920801814792E+00   -0.108177551123153961E+02    1
    0.235832515207934001E+02    0.281440669647082231E+01   -0.440156373483290231E+00   -0.108187551123153263E+02    1
    0.221602956853702615E+02    0.272151760032361745E+01   -0.439917367880839572E+00   -0.108197551123153790E+02    1
    0.245250330560347400E+02    0.287369987424768025E+01   -0.439275446879344111E+00   -0.108207551123154460E+02    1
    0.213254858836847276E+02    0.123118711619966370E+01   -0.439092390528995735E+00   -0.108217551123153779E+02    1
    0.250660737013096195E+02    0.290619740712765884E+01   -0.438028145448291051E+00   -0.108227551123153312E+02    1
    0.208564746094992728E+02    0.121223740293305005E+01   -0.437753036360902792E+00   -0.108237551123153324E+02    1
    0.238079699547564694E+02    0.282359021238473273E+01   -0.437590989753818493E+00   -0.108247551123153620E+02    1
    0.240289030796309042E+02    0.133792788758059644E+01   -0.437170630556608153E+00   -0.108257551123153615E+02    1
    0.231653807494824591E+02    0.278087186361000338E+01   -0.437119304775597461E+00   -0.108267551123153059E+02    1
    0.215752319101399621E+02    0.267729043791323162E+01   -0.436958909028671960E+00   -0.108277551123153035E+02    1
    0.223209826904227988E+02    0.272558470206431558E+01   -0.436900191037339847E+00   -0.108287551123153225E+02    1
    0.242476995305055532E+02    0.284891138848424452E+01   -0.436066355589822985E+00   -0.108297551123153752E+02    1
    0.194539570479972497E+02    0.252094508405623952E+01   -0.435717510060115498E+00   -0.108307551123154173E+02    1
    0.205640521811681758E+02    0.260129064801334353E+01   -0.435614570079016494E+00   -0.108317551123154452E+02    1
    0.235734560840977565E+02    0.280383369034603724E+01   -0.435453183970898050E+00   -0.108327551123154020E+02    1
    0.237748922028094078E+02    0.133116463706923804E+01   -0.435421655849702438E+00   -0.108337551123153499E+02    1
    0.223975784788500363E+02    0.272680053159744018E+01   -0.435129398129680878E+00   -0.108347551123153902E+02    1
    0.209594295292407615E+02    0.262891689295108710E+01   -0.435112038946422697E+00   -0.108357551123153879E+02    1
    0.244748772499857097E+02    0.135803885437695016E+01   -0.434788068027969876E+00   -0.108367551123153305E+02    1
    0.197080216721569172E+02    0.253637816418685880E+01   -0.434304424308097181E+00   -0.108377551123153228E+02    1
    0.228652637490368491E+02    0.275491147654191249E+01   -0.434070674940167156E+00   -0.108387551123153223E+02    1
    0.242820235768755452E+02    0.135238284550059262E+01   -0.433809998017092191E+00   -0.108397551123153182E+02    1
    0.205933562829957317E+02    0.259903238375561019E+01   -0.433554955451965707E+00   -0.108407551123153212E+02    1
    0.222256415783965373E+02    0.127674419230461789E+01   -0.432738735937467922E+00   -0.108417551123153757E+02    1
    0.213171861242000915E+02    0.124168327686595670E+01   -0.431831968587761961E+00   -0.108427551123154569E+02    1
    0.247155435035394682E+02    0.137163097516276311E+01   -0.431709591113395463E+00   -0.108437551123153941E+02    1
    0.263077616229978410E+02    0.297264602331958860E+01   -0.431371291055620110E+00   -0.108447551123153900E+02    1
    0.246826513701562931E+02    0.286675801969736144E+01   -0.431196005990708953E+00   -0.108457551123154037E+02    1
    0.210045536050719797E+02    0.262350006343898245E+01   -0.431044377589416272E+00   -0.108467551123153285E+02    1
    0.246339566661357949E+02    0.137041708437280119E+01   -0.430527865833250367E+00   -0.108477551123153493E+02    1
    0.226819445545044651E+02    0.129787062416176413E+01   -0.430408077326135508E+00   -0.108487551123153949E+02    1
    0.210672238277582586E+02    0.123278099172161992E+01   -0.430339133332418133E+00   -0.108497551123154228E+02    1
    0.230477657443479984E+02    0.275835576322165910E+01   -0.430146460967242683E+00   -0.108507551123153991E+02    1
    0.202571866027548282E+02    0.256702227358306434E+01   -0.430003326451620427E+00   -0.108517551123154021E+02    1
    0.252325263804847673E+02    0.289955919943451601E+01   -0.429847209937939345E+00   -0.108527551123154353E+02    1
    0.207448045680292310E+02    0.121965581465052209E+01   -0.429501802542695321E+00   -0.108537551123154277E+02    1
    0.229396087527947365E+02    0.274959087647809142E+01   -0.429337470059725779E+00   -0.108547551123154111E+02    1
    0.250583555764278039E+02    0.288707945503191743E+01   -0.429303580847379573E+00   -0.108557551123154283E+02    1
    0.206291081501781193E+02    0.121535702645200550E+01   -0.428931342933310644E+00   -0.108567551123154473E+02    1
    0.242113362501372364E+02    0.283068471593365922E+01   -0.428654333445409041E+00   -0.108577551123154468E+02    1
    0.247814681748101577E+02    0.137890752027472185E+01   -0.428554029717194473E+00   -0.108587551123154160E+02    1
    0.229950233671729372E+02    0.131310268998251023E+01   -0.428332461319150259E+00   -0.108597551123153480E+02    1
    0.235253805777617266E+02    0.278468403444201140E+01   -0.427976932253124165E+00   -0.108607551123153403E+02    1
    0.236797217888137546E+02    0.133922857542247065E+01   -0.427833205186595511E+00   -0.108617551123154055E+02    1
    0.246484739774561881E+02    0.137522110367998773E+01   -0.427750569953595172E+00   -0.108627551123153783E+02    1
    0.249466742907339381E+02    0.138627040520768485E+01   -0.427744520972312081E+00   -0.108637551123153742E+02    1
    0.248259131937676187E+02    0.286720916879036380E+01   -0.427093612541528223E+00   -0.108647551123154198E+02    1
    0.221630921746790825E+02    0.269398935004896023E+01   -0.426939774839028119E+00   -0.108657551123153624E+02    1
    0.217077116112982651E+02    0.126566412610664147E+01   -0.426871006060100533E+00   -0.108667551123153263E+02    1
    0.199888053875530858E+02    0.254003825323654553E+01   -0.426531317388084807E+00   -0.108677551123153435E+02    1
    0.215222590490903301E+02    0.264943639937969655E+01   -0.425661414691763440E+00   -0.108687551123153572E+02    1
    0.240731384479954791E+02    0.281498103098657015E+01   -0.425549954119954998E+00   -0.108697551123153975E+02    1
    0.249528349184602725E+02    0.286829599955140901E+01   -0.423807882634637090E+00   -0.108707551123154040E+02    1
    0.223267493535318415E+02    0.269706443826110309E+01   -0.423473902258330426E+00   -0.108717551123154070E+02    1
    0.237189124101851618E+02    0.278628833133685427E+01   -0.422942450134229764E+00   -0.108727551123154260E+02    1
    0.217072414193275307E+02    0.127178926428475481E+01   -0.422871384748298773E+00   -0.108737551123153882E+02    1
    0.229956462402148318E+02    0.273885759437287479E+01   -0.422727084603482239E+00   -0.108747551123154000E+02    1
    0.233904752666803297E+02    0.276377341271820365E+01   -0.422399313937719678E+00   -0.108757551123153728E+02    1
    0.246351311498763081E+02    0.138391811601898329E+01   -0.421832174469295995E+00   -0.108767551123153954E+02    1
    0.258955730153144614E+02    0.292466770118761987E+01   -0.421601782241370238E+00   -0.108777551123154570E+02    1
    0.256691271780911237E+02    0.142337765622791723E+01   -0.421079394813761443E+00   -0.108787551123154440E+02    1
    0.252569741236753593E+02    0.287985728445056566E+01   -0.420081516783330722E+00   -0.108797551123154133E+02    1
    0.212069407014917459E+02    0.261420999642023721E+01   -0.420029652672505693E+00   -0.108807551123154163E+02    1
    0.230142092256781723E+02    0.132717006214646815E+01   -0.419675079738353940E+00   -0.108817551123153891E+02    1
    0.228840869227328128E+02    0.272443362890744467E+01   -0.419465034548607285E+00   -0.108827551123153565E+02    1
    0.233871584281280391E+02    0.134184531030270304E+01   -0.419201600519115258E+00   -0.108837551123154146E+02    1
    0.227679970433203493E+02    0.271617141292166941E+01   -0.419137216871919627E+00   -0.108847551123154567E+02    1
    0.227636298455746378E+02    0.271561387314345826E+01   -0.419013393687011959E+00   -0.108857551123154579E+02    1
    0.242204617904150474E+02    0.137302273140705600E+01   -0.418994157476499374E+00   -0.108867551123154627E+02    1
    0.192669826438664522E+02    0.117035312042705897E+01   -0.418665466875371428E+00   -0.108877551123154070E+02    1
    0.235155953954702106E+02    0.276360031466344758E+01   -0.418635999270767556E+00   -0.108887551123153870E+02    1
    0.228867661706783139E+02    0.272127743202915440E+01   -0.417961495683796480E+00   -0.108897551123153900E+02    1
    0.234814826194604720E+02    0.134828882972709541E+01   -0.417332430468055238E+00   -0.108907551123153787E+02    1
    0.245154875483034083E+02    0.282505520378354857E+01   -0.417075480078436200E+00   -0.108917551123153871E+02    1
    0.246328747652325717E+02    0.283165247806037090E+01   -0.416615303100855594E+00   -0.108927551123153297E+02    1
    0.227375390306843315E+02    0.132305396891946447E+01   -0.415483994112131327E+00   -0.108937551123153771E+02    1
    0.225799487695611383E+02    0.269573801120647349E+01   -0.415437836463657617E+00   -0.108947551123153943E+02    1
    0.219425203207367403E+02    0.265404480379797958E+01   -0.415300184809387740E+00   -0.108957551123154008E+02    1
    0.235909443648493031E+02    0.275881841079445955E+01   -0.414293841617667358E+00   -0.108967551123153950E+02    1
    0.213447012224337236E+02    0.127031727182285525E+01   -0.414079752046367044E+00   -0.108977551123153393E+02    1
    0.251771341379701354E+02    0.141625719133771155E+01   -0.414066379282787445E+00   -0.108987551123153583E+02    1
    0.256016988297224799E+02    0.288863244621706494E+01   -0.413965462477039914E+00   -0.108997551123153524E+02    1
    0.252745818154288280E+02    0.286721816911855631E+01   -0.413887039249153044E+00   -0.109007551123153839E+02    1
    0.204333086275410949E+02    0.254247599186636597E+01   -0.413031828688004088E+00   -0.109017551123153797E+02    1
    0.256196213012335541E+02    0.143608823296372456E+01   -0.411912092486789283E+00   -0.109027551123153330E+02    1
    0.186785349435151353E+02    0.241144150129760870E+01   -0.411397068241024899E+00   -0.109037551123153875E+02    1
    0.228832837801782389E+02    0.133562577521613735E+01   -0.411093673790827174E+00   -0.109047551123154580E+02    1
    0.229503605001794284E+02    0.270982249469158587E+01   -0.411003354916557373E+00   -0.109057551123154273E+02    1
    0.212511614763895231E+02    0.259700910127925111E+01   -0.410893240380800273E+00   -0.109067551123154196E+02    1
    0.224733148086810566E+02    0.132049458743885961E+01   -0.410662681668454210E+00   -0.109077551123154244E+02    1
    0.220329351693313846E+02    0.264762218419956330E+01   -0.409839254520190988E+00   -0.109087551123153936E+02    1
    0.214126781701446021E+02    0.128024333602894713E+01   -0.409741802890926099E+00   -0.109097551123154233E+02    1
    0.248896049187112425E+02    0.283044083599116503E+01   -0.408671017989366891E+00   -0.109107551123153783E+02    1
    0.192882208977185741E+02    0.244709507072160992E+01   -0.407610794163208889E+00   -0.109117551123153653E+02    1
    0.250093797977439998E+02    0.283331790918876303E+01   -0.406523641196428920E+00   -0.109127551123154429E+02    1
    0.234861361127250099E+02    0.136586898631700793E+01   -0.406492545992281240E+00   -0.109137551123154370E+02    1
    0.227675878464758839E+02    0.133977848095453078E+01   -0.405720849389139993E+00   -0.109147551123154116E+02    1
    0.223704516316159641E+02    0.132459977675281459E+01   -0.405631786793915428E+00   -0.109157551123153809E+02    1
    0.256321395894876467E+02    0.144711842213882047E+01   -0.405389661118389311E+00   -0.109167551123154034E+02    1
    0.239809664996308847E+02    0.276356114352759308E+01   -0.405221099553367714E+00   -0.109177551123153993E+02    1
    0.182760162489201221E+02    0.236803251812194526E+01   -0.405163365335395487E+00   -0.109187551123153241E+02    1
    0.237350560856132091E+02    0.137741312351527445E+01   -0.405066457703249005E+00   -0.109197551123153733E+02    1
    0.212223038369500969E+02    0.258121488015192480E+01   -0.404884057185655899E+00   -0.109207551123154030E+02    1
    0.251777017179482918E+02    0.283816247321003079E+01   -0.403874771572866220E+00   -0.109217551123154006E+02    1
    0.181723861045219337E+02    0.114503773184850410E+01   -0.403865414316183835E+00   -0.109227551123154019E+02    1
    0.194451467311908672E+02    0.244964190771288548E+01   -0.403755948416901211E+00   -0.109237551123153782E+02    1
    0.216069064345925206E+02    0.260499911851192500E+01   -0.403300010079267413E+00   -0.109247551123153439E+02    1
    0.226070594639739646E+02    0.266842222119861860E+01   -0.402645453379865959E+00   -0.109257551123153522E+02    1
    0.247630369260734255E+02    0.142070990063767022E+01   -0.401878740722469652E+00   -0.109267551123153925E+02    1
    0.229269877010861656E+02    0.268607217579612012E+01   -0.401298572442058521E+00   -0.109277551123153955E+02    1
    0.195301155905124304E+02    0.244975227581542887E+01   -0.401139448546590005E+00   -0.109287551123154252E+02    1
    0.240064642344117836E+02    0.139422278271065636E+01   -0.400957560237775901E+00   -0.109297551123153820E+02    1
    0.227522313903658464E+02    0.267344261509947589E+01   -0.400746357192359404E+00   -0.109307551123153939E+02    1
    0.258049944457691893E+02    0.287155760297147422E+01   -0.400739147849687227E+00   -0.109317551123154306E+02    1
    0.235372707344942746E+02    0.272434717974967144E+01   -0.400718470105600466E+00   -0.109327551123153910E+02    1
    0.230137821322412783E+02    0.135806009452159815E+01   -0.400325746315084108E+00   -0.109337551123154011E+02    1
    0.237056626600179072E+02    0.273429517712493153E+01   -0.400295249558084654E+00   -0.109347551123154183E+02    1
    0.246104159171737393E+02    0.279055525242831015E+01   -0.399231148587100515E+00   -0.109357551123154302E+02    1
    0.234037488791424657E+02    0.137539472389615147E+01   -0.398857980357906650E+00   -0.109367551123154527E+02    1
    0.242378489372421377E+02    0.140746659801692164E+01   -0.398143005552008711E+00   -0.109377551123154255E+02    1
    0.248201219674094418E+02    0.280035801942729190E+01   -0.397602852248953198E+00   -0.109387551123154179E+02    1
    0.275601644317977730E+02    0.152977654676188113E+01   -0.396293935158320842E+00   -0.109397551123154173E+02    1
    0.232770514572813774E+02    0.269689531448703779E+01   -0.396209275988503751E+00   -0.109407551123153439E+02    1
    0.247812516528184723E+02    0.279326157891428650E+01   -0.395660037466161851E+00   -0.109417551123153309E+02    1
    0.239617770629752727E+02    0.140220876232696101E+01   -0.395181634331599752E+00   -0.109427551123153393E+02    1
    0.226334767874123415E+02    0.135196499112636936E+01   -0.395135616623810138E+00   -0.109437551123153494E+02    1
    0.237625099219622236E+02    0.139567110772811898E+01   -0.394683171665647370E+00   -0.109447551123153595E+02    1
    0.247163695440777964E+02    0.143169167345902415E+01   -0.394264153356764790E+00   -0.109457551123153873E+02    1
    0.193883014290377815E+02    0.242304055231250048E+01   -0.394142994980410388E+00   -0.109467551123153690E+02    1
    0.230504759402780941E+02    0.267718833220908037E+01   -0.394095696164609488E+00   -0.109477551123153560E+02    1
    0.224130962511034220E+02    0.263563638141591472E+01   -0.394024238663564008E+00   -0.109487551123154141E+02    1
    0.231651319894156273E+02    0.268253148636760264E+01   -0.393210860644038207E+00   -0.109497551123154278E+02    1
    0.189706462570654537E+02    0.119914006453179400E+01   -0.392678776090262804E+00   -0.109507551123153899E+02    1
    0.222313351091260252E+02    0.261664066133886974E+01   -0.391004514521989255E+00   -0.109517551123154089E+02    1
    0.203875494042099277E+02    0.248734332120207258E+01   -0.390695295687158939E+00   -0.109527551123154030E+02    1
    0.210846657242432549E+02    0.253681587492257732E+01   -0.390228096889099985E+00   -0.109537551123154007E+02    1
    0.257111234071916996E+02    0.147546556181490862E+01   -0.390173692862522348E+00   -0.109547551123154410E+02    1
    0.252054918020680461E+02    0.280738436688115289E+01   -0.390021505342417640E+00   -0.109557551123153711E+02    1
    0.218682979787577523E+02    0.259011018316827402E+01   -0.389770120948423338E+00   -0.109567551123153457E+02    1
    0.252969106209736339E+02    0.146084500984891275E+01   -0.389755819547577820E+00   -0.109577551123153238E+02    1
    0.224016278244659723E+02    0.262427597579893224E+01   -0.389578220770188555E+00   -0.109587551123153712E+02    1
    0.227710621807156777E+02    0.264669417551071673E+01   -0.388926705182876753E+00   -0.109597551123154595E+02    1
    0.234318764755027011E+02    0.268931651503220559E+01   -0.388809787625103653E+00   -0.109607551123154625E+02    1
    0.240331837582979055E+02    0.141632593883298963E+01   -0.388433588106386618E+00   -0.109617551123154549E+02    1
    0.238067110554235448E+02    0.271225184937422803E+01   -0.388228783867088922E+00   -0.109627551123154152E+02    1
    0.220182228465586434E+02    0.259595308699712790E+01   -0.388154443540074667E+00   -0.109637551123154200E+02    1
    0.237948079264682448E+02    0.140825626861749198E+01   -0.387994071547805686E+00   -0.109647551123154461E+02    1
    0.250991461821505695E+02    0.279546381948771838E+01   -0.387938657212870353E+00   -0.109657551123153691E+02    1
    0.229523901376175949E+02    0.265601080432056902E+01   -0.387908511551022794E+00   -0.109667551123153597E+02    1
    0.234161481484699507E+02    0.139469846676378451E+01   -0.387691789108886575E+00   -0.109677551123153911E+02    1
    0.239318792851519113E+02    0.141460185453301301E+01   -0.387256027697455762E+00   -0.109687551123154226E+02    1
    0.267800767230176504E+02    0.289400172771528563E+01   -0.387164648135881140E+00   -0.109697551123154149E+02    1
    0.257016186365043566E+02    0.283055685150580860E+01   -0.386814777216872296E+00   -0.109707551123154197E+02    1
    0.221327369772250222E+02    0.259926613387984107E+01   -0.386451665365777020E+00   -0.109717551123154831E+02    1
    0.224761345602587603E+02    0.136055330582304101E+01   -0.386447616079488188E+00   -0.109727551123154363E+02    1
    0.195123949460481576E+02    0.123448645155152903E+01   -0.386093381943894254E+00   -0.109737551123154091E+02    1
    0.227506827695114211E+02    0.263763717683057042E+01   -0.385731577371683843E+00   -0.109747551123154139E+02    1
    0.248639524402990233E+02    0.277483728150422504E+01   -0.385729134420814024E+00   -0.109757551123153565E+02    1
    0.254328172071901690E+02    0.147303619026332111E+01   -0.385597543184921232E+00   -0.109767551123153275E+02    1
    0.239042892253418842E+02    0.271043807636632517E+01   -0.384870226934439397E+00   -0.109777551123154069E+02    1
    0.219039820808472534E+02    0.257981537634013458E+01   -0.384562538164726297E+00   -0.109787551123154525E+02    1
    0.241702743440717640E+02    0.272661606325942119E+01   -0.384423105032586698E+00   -0.109797551123154147E+02    1
    0.248134757121566487E+02    0.145244225608293576E+01   -0.384252745644177773E+00   -0.109807551123154230E+02    1
    0.258142111084963979E+02    0.148990316158051250E+01   -0.384016279811307371E+00   -0.109817551123153923E+02    1
    0.239577782808753099E+02    0.271177400439962257E+01   -0.383995337791577240E+00   -0.109827551123153153E+02    1
    0.235774012026874189E+02    0.140928398940903610E+01   -0.382760108675637145E+00   -0.109837551123153716E+02    1
    0.183922375676157053E+02    0.119041791362369676E+01   -0.382639630921234764E+00   -0.109847551123154119E+02    1
    0.247323991843139730E+02    0.275777835266419169E+01   -0.382246758021121846E+00   -0.109857551123153705E+02    1
    0.238539619557198463E+02    0.142094673541916627E+01   -0.381946805729681871E+00   -0.109867551123153593E+02    1
    0.210843241599619482E+02    0.131203119012249747E+01   -0.381821301596382889E+00   -0.109877551123153658E+02    1
    0.207185556145893415E+02    0.248971641328397286E+01   -0.381782150590704861E+00   -0.109887551123153511E+02    1
    0.258149495426771693E+02    0.149393988445483838E+01   -0.381722458290084887E+00   -0.109897551123153576E+02    1
    0.234938021370647228E+02    0.140810070160129275E+01   -0.381639678039684627E+00   -0.109907551123153944E+02    1
    0.203340947457790975E+02    0.128113810299998421E+01   -0.380324627412437277E+00   -0.109917551123154453E+02    1
    0.219807763344276310E+02    0.257308889580246269E+01   -0.379801513124927215E+00   -0.109927551123154661E+02    1
    0.213731506619820202E+02    0.253167712047159421E+01   -0.379538703610550310E+00   -0.109937551123153803E+02    1
    0.247224238329908488E+02    0.274889666568647861E+01   -0.378916797742210765E+00   -0.109947551123153922E+02    1
    0.228292632025048192E+02    0.138728309833870833E+01   -0.378874250157149706E+00   -0.109957551123154644E+02    1
    0.227569228083800432E+02    0.262027302046172350E+01   -0.378510155374688961E+00   -0.109967551123154248E+02    1
    0.233083009051163081E+02    0.265461524085907019E+01   -0.377925621233203612E+00   -0.109977551123153763E+02    1
    0.241952263089626953E+02    0.271172994221331987E+01   -0.377737329781983600E+00   -0.109987551123153899E+02    1
    0.218735014729392390E+02    0.256013870655118403E+01   -0.377396520942464009E+00   -0.109997551123153912E+02    1
    0.210148497729999733E+02    0.250025360633836735E+01   -0.377361843947036812E+00   -0.110007551123153764E+02    1
    0.208674592538802131E+02    0.248953564437721830E+01   -0.377353349193818133E+00   -0.110017551123154060E+02    1
    0.233532315915044251E+02    0.141029550924077807E+01   -0.377281975885599696E+00   -0.110027551123153948E+02    1
    0.228625058929336333E+02    0.262397667771916465E+01   -0.377246835679606318E+00   -0.110037551123153268E+02    1
    0.261756538970988260E+02    0.151584616587071008E+01   -0.376885553240850324E+00   -0.110047551123153440E+02    1
    0.226043455505558519E+02    0.260587756970859719E+01   -0.376712134177911051E+00   -0.110057551123153470E+02    1
    0.253042305913658048E+02    0.148415350803908974E+01   -0.376566341376788127E+00   -0.110067551123152914E+02    1
    0.245696786881691764E+02    0.273238064414619730E+01   -0.376273963817605916E+00   -0.110077551123152979E+02    1
    0.226838541848501336E+02    0.260983873266832056E+01   -0.376232911611839249E+00   -0.110087551123153382E+02    1
    0.231687696296222150E+02    0.140552858910483058E+01   -0.375950179116543715E+00   -0.110097551123153341E+02    1
    0.242699071019625379E+02    0.144732019583932647E+01   -0.375749410391949201E+00   -0.110107551123153744E+02    1
    0.240726314992083843E+02    0.144078436236018081E+01   -0.375320568907256513E+00   -0.110117551123153916E+02    1
    0.217817364764159684E+02    0.135378251249020742E+01   -0.374951303045462259E+00   -0.110127551123153697E+02    1
    0.234004822788157831E+02    0.265279971039463192E+01   -0.374814199805068970E+00   -0.110137551123153532E+02    1
    0.196515203526345275E+02    0.239458879354028209E+01   -0.374683531089023081E+00   -0.110147551123153313E+02    1
    0.243341265761645964E+02    0.271260569374940941E+01   -0.374492254893417087E+00   -0.110157551123153450E+02    1
    0.223364554410854623E+02    0.137665131221663484E+01   -0.374126157754011424E+00   -0.110167551123153800E+02    1
    0.220756734675235293E+02    0.136682622168241652E+01   -0.373993220283386274E+00   -0.110177551123153741E+02    1
    0.196666354500473304E+02    0.126252529016232296E+01   -0.373973815006804544E+00   -0.110187551123153042E+02    1
    0.240686990163803536E+02    0.269322206511267037E+01   -0.373641052915767879E+00   -0.110197551123153072E+02    1
    0.223975230432311250E+02    0.258470411039988202E+01   -0.373635020656701733E+00   -0.110207551123153582E+02    1
    0.251018689357576967E+02    0.148192218688792554E+01   -0.373632129109299771E+00   -0.110217551123153665E+02    1
    0.245662153408725494E+02    0.146214761089186362E+01   -0.373600826298788991E+00   -0.110227551123153980E+02    1
    0.225566860032466501E+02    0.138660486986588438E+01   -0.373308768107063038E+00   -0.110237551123154560E+02    1
    0.241966671130589255E+02    0.144941661150121814E+01   -0.373073830958148500E+00   -0.110247551123153738E+02    1
    0.231237932928831285E+02    0.140893001214209646E+01   -0.373059713846879359E+00   -0.110257551123153483E+02    1
    0.245305742376622824E+02    0.146252412584211711E+01   -0.372661065398754210E+00   -0.110267551123154011E+02    1
    0.251819253641447673E+02    0.148701822865619970E+01   -0.372451046162186827E+00   -0.110277551123153863E+02    1
    0.207498564864503123E+02    0.246861266328076567E+01   -0.372436423312921927E+00   -0.110287551123154106E+02    1
    0.228177864244956083E+02    0.139878005491277624E+01   -0.372133508694968529E+00   -0.110297551123154047E+02    1
    0.241012814742032440E+02    0.144910600286653080E+01   -0.371294963077272500E+00   -0.110307551123153349E+02    1
    0.261803904206030005E+02    0.281724115110890416E+01   -0.371209238587889900E+00   -0.110317551123153166E+02    1
    0.214430859183852291E+02    0.251527647023452205E+01   -0.371004464787766719E+00   -0.110327551123153906E+02    1
    0.229604532665267627E+02    0.140685698426332784E+01   -0.370701073032975503E+00   -0.110337551123154185E+02    1
    0.236293333914301265E+02    0.265533759780380851E+01   -0.369965350245257452E+00   -0.110347551123154073E+02    1
    0.213413226887674625E+02    0.250486599318633507E+01   -0.369821921673076037E+00   -0.110357551123153890E+02    1
    0.227885265649705033E+02    0.140216868783034521E+01   -0.369622639700928790E+00   -0.110367551123153280E+02    1
    0.277091889652718990E+02    0.158030892667740108E+01   -0.369401559168173854E+00   -0.110377551123153257E+02    1
    0.236600729954689371E+02    0.143621001202697429E+01   -0.369393263034986541E+00   -0.110387551123154033E+02    1
    0.238108492045451179E+02    0.266446447083697491E+01   -0.368929701792946430E+00   -0.110397551123153956E+02    1
    0.209477098952473177E+02    0.247377552041740412E+01   -0.368838817663310059E+00   -0.110407551123153862E+02    1
    0.245032644457286146E+02    0.270826457794503961E+01   -0.368480635888301100E+00   -0.110417551123153732E+02    1
    0.254629761896095133E+02    0.150513276885209657E+01   -0.368220071344863786E+00   -0.110427551123153833E+02    1
    0.215067688599086253E+02    0.251238836420568656E+01   -0.368077689087914828E+00   -0.110437551123154680E+02    1
    0.248740294886081870E+02    0.148386439623818500E+01   -0.367928421447090093E+00   -0.110447551123153769E+02    1
    0.225071057053520391E+02    0.139450495669688679E+01   -0.367860373793707507E+00   -0.110457551123153195E+02    1
    0.254728224944091579E+02    0.276708241415535472E+01   -0.367852089264934068E+00   -0.110467551123154148E+02    1
    0.239123627046415628E+02    0.144960747296616344E+01   -0.367196877669135502E+00   -0.110477551123154836E+02    1
    0.226282332819392558E+02    0.258284529706421884E+01   -0.367054881263392530E+00   -0.110487551123154724E+02    1
    0.240215579924877716E+02    0.267241368907941190E+01   -0.366709490025286633E+00   -0.110497551123154523E+02    1
    0.261888307510236480E+02    0.153510830542713972E+01   -0.366534650820674712E+00   -0.110507551123154109E+02    1
    0.236310642170377605E+02    0.264523084502054173E+01   -0.366004356545400866E+00   -0.110517551123153481E+02    1
    0.229973524802710969E+02    0.260396317432475000E+01   -0.365956889185081569E+00   -0.110527551123153938E+02    1
    0.246309986801868526E+02    0.147893853574375767E+01   -0.365721163192850529E+00   -0.110537551123154714E+02    1
    0.227980184276157445E+02    0.258932429608639092E+01   -0.365304603189158750E+00   -0.110547551123154086E+02    1
    0.227626777012464174E+02    0.258673045111514766E+01   -0.365189706584910845E+00   -0.110557551123153797E+02    1
    0.234808099116459275E+02    0.263307723265476046E+01   -0.365082790112348565E+00   -0.110567551123153507E+02    1
    0.243315294006436922E+02    0.147028817296461201E+01   -0.364408530289763777E+00   -0.110577551123152951E+02    1
    0.241947011092115325E+02    0.146531364118217033E+01   -0.364359558404975359E+00   -0.110587551123153123E+02    1
    0.205554444068827245E+02    0.131978209832725124E+01   -0.364267035408177009E+00   -0.110597551123153988E+02    1
    0.213002886550357609E+02    0.135359116503147803E+01   -0.363966643795697098E+00   -0.110607551123154497E+02    1
    0.261481216172694175E+02    0.153886324644558936E+01   -0.363699382955654182E+00   -0.110617551123153692E+02    1
    0.238337313909652195E+02    0.265200861362132612E+01   -0.363559180795789860E+00   -0.110627551123153971E+02    1
    0.237754138316597050E+02    0.145150673610658076E+01   -0.363439020129289247E+00   -0.110637551123154498E+02    1
    0.234085006102294066E+02    0.143762414845107767E+01   -0.363309947088215401E+00   -0.110647551123154457E+02    1
    0.218503645507657858E+02    0.252252981915641117E+01   -0.363289638849463858E+00   -0.110657551123154185E+02    1
    0.231322023810608890E+02    0.260427027871036465E+01   -0.362724544551247974E+00   -0.110667551123153505E+02    1
    0.212672452066176518E+02    0.248090152834392619E+01   -0.362661670441043915E+00   -0.110677551123153357E+02    1
    0.252261034319562896E+02    0.273834053122679144E+01   -0.362620462942848221E+00   -0.110687551123153565E+02    1
    0.210501289206214857E+02    0.134504335103373873E+01   -0.362548524548893747E+00   -0.110697551123153985E+02    1
    0.228762152802038550E+02    0.258717294217361582E+01   -0.362543114935370947E+00   -0.110707551123153856E+02    1
    0.236086849791282773E+02    0.263406494007259040E+01   -0.362290715665173346E+00   -0.110717551123153548E+02    1
    0.250486485934161536E+02    0.272686183048303299E+01   -0.362194613486061356E+00   -0.110727551123153933E+02    1
    0.250674058007682135E+02    0.272788231712151852E+01   -0.362170460268029681E+00   -0.110737551123154194E+02    1
    0.250749845649398360E+02    0.272679685291338858E+01   -0.361624312581979579E+00   -0.110747551123153958E+02    1
    0.217943079274191938E+02    0.251391393249847761E+01   -0.361399382269112612E+00   -0.110757551123153970E+02    1
    0.246316806658303022E+02    0.148709306226858606E+01   -0.361365896576734458E+00   -0.110767551123153769E+02    1
    0.227302697713861193E+02    0.257321195873561370E+01   -0.360843438502073899E+00   -0.110777551123153337E+02    1
    0.239801641308516871E+02    0.265217776366052727E+01   -0.360019386136779362E+00   -0.110787551123153705E+02    1
    0.216148888793985847E+02    0.137632529807976089E+01   -0.359066400651942064E+00   -0.110797551123154143E+02    1
    0.197082751307009794E+02    0.235697518688840679E+01   -0.358590780698705536E+00   -0.110807551123153765E+02    1
    0.199555636482494592E+02    0.130361411051208975E+01   -0.358562952242535316E+00   -0.110817551123153830E+02    1
    0.259588942039298516E+02    0.154162107091836287E+01   -0.358515168817489238E+00   -0.110827551123153789E+02    1
    0.232788393740890136E+02    0.260172144668800431E+01   -0.358172098879416034E+00   -0.110837551123153464E+02    1
    0.269767206017596415E+02    0.282687027747265240E+01   -0.357992069822358761E+00   -0.110847551123153707E+02    1
    0.250939804199659307E+02    0.151115871404190605E+01   -0.357696824328004648E+00   -0.110857551123154057E+02    1
    0.235353125504116782E+02    0.261592507765817661E+01   -0.357258076064888686E+00   -0.110867551123153856E+02    1
    0.199038508602440665E+02    0.130397748360692800E+01   -0.357145941444478199E+00   -0.110877551123153406E+02    1
    0.207950826576353229E+02    0.243097421404644720E+01   -0.356770899322397528E+00   -0.110887551123153401E+02    1
    0.217064175685539062E+02    0.138482382903768730E+01   -0.356433545819220154E+00   -0.110897551123153733E+02    1
    0.209778964276581377E+02    0.135337775275265337E+01   -0.356381996956371405E+00   -0.110907551123154118E+02    1
    0.251851786456970643E+02    0.151725512152515085E+01   -0.356274618600974424E+00   -0.110917551123153970E+02    1
    0.272205174562613728E+02    0.283594902543626048E+01   -0.356211915321324901E+00   -0.110927551123153716E+02    1
    0.251071441848875949E+02    0.271296900406407193E+01   -0.356067868695085221E+00   -0.110937551123153408E+02    1
    0.222843685945128591E+02    0.253138933706069613E+01   -0.356024705041785627E+00   -0.110947551123153545E+02    1
    0.210821411528699585E+02    0.244793349632200963E+01   -0.355333769700373114E+00   -0.110957551123153664E+02    1
    0.250648536730702673E+02    0.270798851030573884E+01   -0.355183705666361038E+00   -0.110967551123153694E+02    1
    0.235884093525587666E+02    0.145990784673770957E+01   -0.355133254317212210E+00   -0.110977551123153795E+02    1
    0.232547054655173184E+02    0.144776242083265094E+01   -0.354750554822877318E+00   -0.110987551123153860E+02    1
    0.145912595556911224E+02    0.195663388566564533E+01   -0.354722432810904598E+00   -0.110997551123153997E+02    1
    0.224365398469485342E+02    0.141658312329698344E+01   -0.354547428417915478E+00   -0.111007551123154045E+02    1
    0.221687263269068637E+02    0.251987689205883925E+01   -0.354543537205621040E+00   -0.111017551123154092E+02    1
    0.234606911205098143E+02    0.145691730402451380E+01   -0.354118652183675331E+00   -0.111027551123153838E+02    1
    0.226019256812067404E+02    0.254531464489759651E+01   -0.353553956285874604E+00   -0.111037551123153815E+02    1
    0.245335064196067734E+02    0.149848037480493668E+01   -0.353499064294807819E+00   -0.111047551123153649E+02    1
    0.248290126862279301E+02    0.268905976875438002E+01   -0.353356741525449825E+00   -0.111057551123153679E+02    1
    0.252897985084775954E+02    0.271497707539943534E+01   -0.353077161343191781E+00   -0.111067551123153940E+02    1
    0.214478714700254685E+02    0.246658363218465793E+01   -0.352430264497905599E+00   -0.111077551123154006E+02    1
    0.210102895971255315E+02    0.136291249911744394E+01   -0.352151688081739633E+00   -0.111087551123154249E+02    1
    0.203620601521127931E+02    0.238652028368468239E+01   -0.351969203817420195E+00   -0.111097551123154066E+02    1
    0.196434590135742937E+02    0.233301269957015256E+01   -0.351474658700568543E+00   -0.111107551123154096E+02    1
    0.255117731361736766E+02    0.272272348832758304E+01   -0.351307579393293601E+00   -0.111117551123154055E+02    1
    0.222122904911344143E+02    0.251303562733661323E+01   -0.351001659004962274E+00   -0.111127551123153729E+02    1
    0.253164809977223975E+02    0.270974657190240853E+01   -0.350740562500732378E+00   -0.111137551123153671E+02    1
    0.229597600884806070E+02    0.144415274984029107E+01   -0.350711091141793885E+00   -0.111147551123153896E+02    1
    0.235450363898236645E+02    0.259847843315235272E+01   -0.350606597908705075E+00   -0.111157551123154033E+02    1
    0.239112232754188909E+02    0.148153524302400408E+01   -0.350364545342532308E+00   -0.111167551123153725E+02    1
    0.252356245301369633E+02    0.270342005423528375E+01   -0.350179447439342262E+00   -0.111177551123153915E+02    1
    0.239521726159144173E+02    0.262362366862379437E+01   -0.350139118441111008E+00   -0.111187551123153874E+02    1
    0.200040349892894440E+02    0.235472016996953659E+01   -0.349854244125333169E+00   -0.111197551123153531E+02    1
    0.233569594918459664E+02    0.146144948381928153E+01   -0.349696296087406155E+00   -0.111207551123153401E+02    1
    0.236122022427525700E+02    0.147225826220552891E+01   -0.349203282994696329E+00   -0.111217551123153555E+02    1
    0.219730444535948592E+02    0.249227406006098917E+01   -0.349107185496327410E+00   -0.111227551123154011E+02    1
    0.249170953419765766E+02    0.268120287834010451E+01   -0.348901113058583845E+00   -0.111237551123153722E+02    1
    0.245281726278528112E+02    0.150744592411097633E+01   -0.348815928116346374E+00   -0.111247551123153343E+02    1
    0.245311221970393198E+02    0.265730328929084747E+01   -0.348726150041156979E+00   -0.111257551123153604E+02    1
    0.238069704905886468E+02    0.148088117331086222E+01   -0.348635852801650825E+00   -0.111267551123154025E+02    1
    0.244508706079561797E+02    0.265163089604392077E+01   -0.348559702770489144E+00   -0.111277551123154108E+02    1
    0.237264577429244738E+02    0.260385937564169767E+01   -0.348293926390222275E+00   -0.111287551123153943E+02    1
    0.237874222740958992E+02    0.148208214681219719E+01   -0.347637936101921785E+00   -0.111297551123153564E+02    1
    0.212629639844019849E+02    0.243845037318932389E+01   -0.347105147859260277E+00   -0.111307551123153594E+02    1
    0.244898106767937840E+02    0.150979374247324660E+01   -0.346915491952384525E+00   -0.111317551123153979E+02    1
    0.243557086980383701E+02    0.263942952979406531E+01   -0.346400038154094869E+00   -0.111327551123154009E+02    1
    0.239501409136074237E+02    0.149125266641142629E+01   -0.346169150467742326E+00   -0.111337551123154110E+02    1
    0.222777374137922983E+02    0.250331734320837773E+01   -0.345972777224273109E+00   -0.111347551123154016E+02    1
    0.206238798265253322E+02    0.135823098908286877E+01   -0.345715346465596041E+00   -0.111357551123153975E+02    1
    0.239336104421686677E+02    0.149177564398607743E+01   -0.345582203291159407E+00   -0.111367551123154112E+02    1
    0.221921128356409767E+02    0.249661593491337808E+01   -0.345566113634826033E+00   -0.111377551123153875E+02    1
    0.253235356974626882E+02    0.269282746825974417E+01   -0.344865355115402838E+00   -0.111387551123153763E+02    1
    0.261606067869301029E+02    0.274123161126557768E+01   -0.344817341311425718E+00   -0.111397551123154130E+02    1
    0.212884416132524663E+02    0.139076852729298128E+01   -0.344271277326705982E+00   -0.111407551123154036E+02    1
    0.206719767445950566E+02    0.238645666440395399E+01   -0.343867795540634236E+00   -0.111417551123153515E+02    1
    0.257442508545532505E+02    0.271310373875209265E+01   -0.343487977012448042E+00   -0.111427551123153705E+02    1
    0.242063530015380870E+02    0.150630005748812001E+01   -0.343424034008549928E+00   -0.111437551123153735E+02    1
    0.230343841248847063E+02    0.146213592856460828E+01   -0.343042887861596479E+00   -0.111447551123153747E+02    1
    0.224020798172100903E+02    0.143793200290258838E+01   -0.342946912649382152E+00   -0.111457551123153724E+02    1
    0.232396532382225978E+02    0.255443982942431802E+01   -0.341968928892371571E+00   -0.111467551123153417E+02    1
    0.209646500395267203E+02    0.138123811441038713E+01   -0.341809975276127720E+00   -0.111477551123153535E+02    1
    0.224989655484487372E+02    0.250583864341687734E+01   -0.341789844583815616E+00   -0.111487551123153441E+02    1
    0.228243809536558757E+02    0.252673721278049213E+01   -0.341709568887604065E+00   -0.111497551123153418E+02    1
    0.216609620572128954E+02    0.244961833555350417E+01   -0.341156291681291024E+00   -0.111507551123153466E+02    1
    0.229321941530629090E+02    0.146216694202907282E+01   -0.341065774341330785E+00   -0.111517551123153424E+02    1
    0.217547000133828021E+02    0.245466784175108099E+01   -0.340794686353363074E+00   -0.111527551123153383E+02    1
    0.243759241296506950E+02    0.262413528196081991E+01   -0.340544522524638626E+00   -0.111537551123153804E+02    1
    0.209652144150730564E+02    0.138394314191927359E+01   -0.340481867889820156E+00   -0.111547551123154278E+02    1
    0.216104344668760433E+02    0.141257866693665202E+01   -0.340368844317854968E+00   -0.111557551123154042E+02    1
    0.254682918677793708E+02    0.268690941954396090E+01   -0.340119022013262995E+00   -0.111567551123153894E+02    1
    0.250223383234117911E+02    0.265997899257681336E+01   -0.339769228169273740E+00   -0.111577551123153693E+02    1
    0.193326395385082819E+02    0.131261244622961870E+01   -0.339712282383116071E+00   -0.111587551123153563E+02    1
    0.229547084551486549E+02    0.252664495005981582E+01   -0.338735247402804140E+00   -0.111597551123153913E+02    1
    0.236224114226698774E+02    0.149360591064547510E+01   -0.338695847208398515E+00   -0.111607551123154227E+02    1
    0.247351703000629222E+02    0.153628244546184511E+01   -0.338329179767767996E+00   -0.111617551123154186E+02    1
    0.252963819889013379E+02    0.155777397588657829E+01   -0.337983520192160325E+00   -0.111627551123153737E+02    1
    0.266558919510741852E+02    0.274856551285588901E+01   -0.337761180855241927E+00   -0.111637551123153660E+02    1
    0.255983439321778192E+02    0.156970093173180647E+01   -0.337622280998358615E+00   -0.111647551123153779E+02    1
    0.248267191676340815E+02    0.154189482567734748E+01   -0.337255222478277772E+00   -0.111657551123153453E+02    1
    0.236818361028410322E+02    0.149979251445173634E+01   -0.336794752248399054E+00   -0.111667551123153501E+02    1
    0.239825427506708486E+02    0.151152821663231762E+01   -0.336729806783530872E+00   -0.111677551123153709E+02    1
    0.236054949097584483E+02    0.256297999925352205E+01   -0.336700132721281853E+00   -0.111687551123153437E+02    1
    0.238540311179878870E+02    0.257910353769666623E+01   -0.336695712704838945E+00   -0.111697551123153449E+02    1
    0.235521382576127607E+02    0.149551092332588786E+01   -0.336443775045801585E+00   -0.111707551123154030E+02    1
    0.196488101840603413E+02    0.229057699537506076E+01   -0.336353239789016545E+00   -0.111717551123153793E+02    1
    0.211444061077291074E+02    0.239744865163412202E+01   -0.335783222801718628E+00   -0.111727551123153344E+02    1
    0.221319317604282766E+02    0.144245350237424885E+01   -0.335601740251761538E+00   -0.111737551123153409E+02    1
    0.173330231779138515E+02    0.212024095911897614E+01   -0.335578775008055885E+00   -0.111747551123153634E+02    1
    0.256941255237374087E+02    0.268590294346784519E+01   -0.335536525286870724E+00   -0.111757551123153753E+02    1
    0.248126561647163300E+02    0.263475981199730258E+01   -0.335529876098075275E+00   -0.111767551123153588E+02    1
    0.224731130381253656E+02    0.248578577748438123E+01   -0.335446236386563457E+00   -0.111777551123153724E+02    1
    0.231745167824909295E+02    0.148432645066780355E+01   -0.334806728793253627E+00   -0.111787551123153559E+02    1
    0.235958442751239907E+02    0.255651446399577331E+01   -0.334710292807937959E+00   -0.111797551123153784E+02    1
    0.240938585661714448E+02    0.258689215371022430E+01   -0.334047618767745802E+00   -0.111807551123153956E+02    1
    0.228073151724244383E+02    0.147226793542063206E+01   -0.333792943258151342E+00   -0.111817551123153667E+02    1
    0.256258229813577856E+02    0.267591920332712618E+01   -0.333608370645533114E+00   -0.111827551123153803E+02    1
    0.208584661693498674E+02    0.236680179312108496E+01   -0.332435762593739748E+00   -0.111837551123154046E+02    1
    0.185729008165492786E+02    0.219942652623590007E+01   -0.331932025363030347E+00   -0.111847551123154059E+02    1
    0.221788308064114368E+02    0.145263916100509927E+01   -0.331588879051984975E+00   -0.111857551123153591E+02    1
    0.208736902001426898E+02    0.236513739550771751E+01   -0.331508190764515431E+00   -0.111867551123153586E+02    1
    0.217759899275630211E+02    0.143776820339458844E+01   -0.331270288301823146E+00   -0.111877551123153740E+02    1
    0.224938658878814337E+02    0.247258520444823127E+01   -0.330550180446782638E+00   -0.111887551123153770E+02    1
    0.243431883302503778E+02    0.259143611065690260E+01   -0.330414867142175328E+00   -0.111897551123153960E+02    1
    0.231693009289425511E+02    0.251526232788187709E+01   -0.330159240855026959E+00   -0.111907551123153954E+02    1
    0.211924677153489540E+02    0.238356386806102849E+01   -0.329940363342040022E+00   -0.111917551123153967E+02    1
    0.237729863428839856E+02    0.151769315853142195E+01   -0.329912057681523763E+00   -0.111927551123154139E+02    1
    0.205065661904295560E+02    0.233298365781492922E+01   -0.329674642109461624E+00   -0.111937551123153938E+02    1
    0.233078568530933907E+02    0.251991649579604937E+01   -0.328722420496270040E+00   -0.111947551123153382E+02    1
    0.242302899564309442E+02    0.257939245966614061E+01   -0.328696332643056532E+00   -0.111957551123153696E+02    1
    0.234547622087556853E+02    0.252921577367312267E+01   -0.328643717795851109E+00   -0.111967551123154045E+02    1
    0.238549400838710319E+02    0.255465112516571446E+01   -0.328463610907438808E+00   -0.111977551123153543E+02    1
    0.228004427853623604E+02    0.248489372877779280E+01   -0.328038122978719926E+00   -0.111987551123153715E+02    1
    0.196466707508580321E+02    0.226515995668424841E+01   -0.327887506520994354E+00   -0.111997551123154011E+02    1
    0.257595743113018223E+02    0.159693910553198348E+01   -0.327590622649102436E+00   -0.112007551123153828E+02    1
