    0.219701988104704036E+02    0.122322638187406323E+02   -0.804572636178368228E+01
    0.218606329003887154E+02    0.116106321214747190E+02   -0.719876629564489523E+01
    0.253018636867667830E+02    0.104642790887397599E+02   -0.547663220787591598E+01
    0.229759538390037399E+02    0.978850818969972458E+01   -0.530470724202367450E+01
    0.236181448718872318E+02    0.969182594972472522E+01   -0.514529836919771189E+01
    0.250886513148254160E+02    0.981222600484688101E+01   -0.502417235522159178E+01
    0.246694310122037592E+02    0.967250587882199220E+01   -0.498540609784877820E+01
    0.250046197868848736E+02    0.958754236961295803E+01   -0.488094675227826791E+01
    0.234580533177908706E+02    0.928411063786552582E+01   -0.487514663460369668E+01
    0.250500175948889101E+02    0.954470098563567682E+01   -0.484552143517777800E+01
    0.232938685273267367E+02    0.897359877706968767E+01   -0.466724416782246010E+01
    0.259284033630398341E+02    0.916623491220318165E+01   -0.445922676138601481E+01
    0.227374987591160789E+02    0.855454652370546853E+01   -0.443805225818181093E+01
    0.226526919100748074E+02    0.849517883097250603E+01   -0.440684960543419280E+01
    0.224193239560649999E+02    0.832571384511774681E+01   -0.431337378743574007E+01
    0.227825067262537004E+02    0.826966628267902415E+01   -0.422393427843007530E+01
    0.235289841326046378E+02    0.830578384217301213E+01   -0.415716505168928396E+01
    0.231726325661399031E+02    0.822020141261980442E+01   -0.413708496140883586E+01
    0.242042466820536362E+02    0.838194884297743492E+01   -0.412996253000076319E+01
    0.235452295598640475E+02    0.819416780854239768E+01   -0.407092405810520752E+01
    0.232316033691753034E+02    0.813186298494728632E+01   -0.406319384862091848E+01
    0.254146944429214656E+02    0.848347590768737625E+01   -0.404832343232016711E+01
    0.240691970702944928E+02    0.820712387376914876E+01   -0.401566936285352760E+01
    0.234185431129889032E+02    0.809501836785993945E+01   -0.401251706208344938E+01
    0.216943104911746119E+02    0.777395201695150284E+01   -0.398635119977008667E+01
    0.199490918195657798E+02    0.735388052923217028E+01   -0.393945394081932987E+01
    0.241823641771626505E+02    0.805558937145977616E+01   -0.388988385332899167E+01
    0.205963674310369065E+02    0.741101824278486632E+01   -0.388351540546233887E+01
    0.238854195986472426E+02    0.795742448109058120E+01   -0.385413242538245715E+01
    0.217314567675433032E+02    0.744049660225923937E+01   -0.373858833113984401E+01
    0.248203358076783829E+02    0.793716083405046824E+01   -0.372752196026509086E+01
    0.238218061845041653E+02    0.771295643585766566E+01   -0.368612422002099827E+01
    0.245335696075185368E+02    0.768252018834616379E+01   -0.358337560676220779E+01
    0.248199341831971303E+02    0.769039744619535615E+01   -0.355624803648602095E+01
    0.229601970512330915E+02    0.734354732309968217E+01   -0.352949958305001799E+01
    0.262411877373684455E+02    0.788306382359448143E+01   -0.352718056548768422E+01
    0.221932695193997098E+02    0.722567791812347693E+01   -0.352688801559973619E+01
    0.257334419397617964E+02    0.777932386834525147E+01   -0.351373928250148770E+01
    0.205809260156232483E+02    0.689703443434382280E+01   -0.348618855380891768E+01
    0.267085500340720898E+02    0.789824644841613566E+01   -0.348491334911756878E+01
    0.213179131026746589E+02    0.700193974759262883E+01   -0.346324628710601656E+01
    0.215953240187485385E+02    0.703057433604291049E+01   -0.344777026851017521E+01
    0.283171188686501623E+02    0.799589088583686269E+01   -0.339354228649198131E+01
    0.230940246130925040E+02    0.715753826509328839E+01   -0.337493490685845021E+01
    0.230306652609499913E+02    0.713040983623410352E+01   -0.336169099210206479E+01
    0.250854911261026707E+02    0.741353057500860402E+01   -0.334004519676469291E+01
    0.213411531489902622E+02    0.683823665633818756E+01   -0.333849516383367773E+01
    0.198013158940717275E+02    0.655033586692466940E+01   -0.333488348786182742E+01
    0.199925971382762881E+02    0.653878505256778730E+01   -0.330065268306588910E+01
    0.213332794169318340E+02    0.674896958836439342E+01   -0.327424860574505905E+01
    0.234584804344068480E+02    0.706521669413831521E+01   -0.326680289978396488E+01
    0.267543423463662826E+02    0.753976993272883256E+01   -0.324150345730868938E+01
    0.251327763005226714E+02    0.723360295851869495E+01   -0.320914766254607109E+01
    0.218228783381966274E+02    0.672097518881804756E+01   -0.319561707621080471E+01
    0.232302829549062402E+02    0.683319580270390414E+01   -0.312433135318440725E+01
    0.252072680394818001E+02    0.709282973377171810E+01   -0.309992655259206451E+01
    0.199614660532453527E+02    0.624841894085378247E+01   -0.309224746319931176E+01
    0.233595127603237849E+02    0.679379627423084731E+01   -0.308270452026628483E+01
    0.246120915277130869E+02    0.697365655321367850E+01   -0.307770440181511562E+01
    0.239264039322786992E+02    0.686303973483409990E+01   -0.307132068740460884E+01
    0.236081328276115592E+02    0.681004952761042404E+01   -0.306778239566826372E+01
    0.230014936331843458E+02    0.667635114105328498E+01   -0.303814277949690403E+01
    0.245578968389360277E+02    0.690055212378021032E+01   -0.303166441866964753E+01
    0.224152905401828946E+02    0.657589238079105254E+01   -0.302966949958322695E+01
    0.229817480581380913E+02    0.660570638053797765E+01   -0.299104028790420573E+01
    0.205987193409774818E+02    0.617002239350829385E+01   -0.294792282967835284E+01
    0.222057017125260536E+02    0.637929628985766151E+01   -0.291567920495440669E+01
    0.244962515189195820E+02    0.672002069619119169E+01   -0.291266511196990185E+01
    0.221610844065572792E+02    0.635995499689633359E+01   -0.290705992499722399E+01
    0.224073062103313774E+02    0.638410496261759608E+01   -0.289822845487296243E+01
    0.236336513923761871E+02    0.651659017359838977E+01   -0.286271187016073680E+01
    0.220205365430960924E+02    0.624503081379933889E+01   -0.283834047025620606E+01
    0.236575316309864832E+02    0.645400288014733103E+01   -0.281810427556758825E+01
    0.216815231668713793E+02    0.616877880943146195E+01   -0.281312413686080598E+01
    0.250146334016457175E+02    0.664822980948183506E+01   -0.281122467512233376E+01
    0.230725428819130585E+02    0.633145502339070809E+01   -0.279506762652343221E+01
    0.188404512126324875E+02    0.564279591476611309E+01   -0.275696561202533053E+01
    0.242556943560299167E+02    0.644421629279699371E+01   -0.275148367941164684E+01
    0.217063428408689276E+02    0.607561880290140444E+01   -0.273825180483155428E+01
    0.207511644159711679E+02    0.591147588074192321E+01   -0.272679457635630040E+01
    0.222948288413304709E+02    0.611192413575665139E+01   -0.270620209595161931E+01
    0.246587749403228820E+02    0.637377929906616991E+01   -0.266533938599873155E+01
    0.276048821926527381E+02    0.676023637974047809E+01   -0.263716134193097940E+01
    0.229418090696107129E+02    0.609872023916656580E+01   -0.263195181461762528E+01
    0.254953350216076693E+02    0.644020908026679528E+01   -0.262667868031224527E+01
    0.266851275669035033E+02    0.661408423879856677E+01   -0.262444561016750288E+01
    0.260068027781041913E+02    0.650027915781227694E+01   -0.261571391749515447E+01
    0.201141608533233267E+02    0.566157329281476063E+01   -0.261484152028738892E+01
    0.234589929890098645E+02    0.612354692907138443E+01   -0.260073965078862557E+01
    0.262160105169581463E+02    0.650667620003497227E+01   -0.259970118761761970E+01
    0.254501844239831918E+02    0.638413992938427377E+01   -0.259496567533942324E+01
    0.221232992497350267E+02    0.593667238910020423E+01   -0.259080974871765024E+01
    0.232119951150386505E+02    0.607337885872877425E+01   -0.258638118409173146E+01
    0.234884473721437139E+02    0.609035831420838303E+01   -0.257264391051535490E+01
    0.244513543896071290E+02    0.619686042519248836E+01   -0.256081070849587311E+01
    0.209586758707560037E+02    0.571592055695760770E+01   -0.255384584804864723E+01
    0.239366119885930715E+02    0.610648144636585766E+01   -0.254185756573601340E+01
    0.245184778935124790E+02    0.617720067408566997E+01   -0.253954042369214772E+01
    0.235498646845709949E+02    0.605096369710915027E+01   -0.253698485062559209E+01
    0.229568780881681747E+02    0.596604313899188199E+01   -0.253052313074262258E+01
    0.244679298485497796E+02    0.614084155734423920E+01   -0.251703613834087125E+01
    0.243375679554474331E+02    0.611712693920689699E+01   -0.251165598021098369E+01
    0.248042044765768921E+02    0.616604136687152504E+01   -0.250397588668228099E+01
    0.200875238447375182E+02    0.550213304915312662E+01   -0.249968291660819730E+01
    0.210197620069043651E+02    0.564535309326626500E+01   -0.249458456933499795E+01
    0.226269626881652393E+02    0.586102363634028567E+01   -0.248552270888336357E+01
    0.191668839836264695E+02    0.532174379476551795E+01   -0.247622730959520254E+01
    0.237927924276049936E+02    0.598646792248607440E+01   -0.246579099259404000E+01
    0.226909794127291562E+02    0.583874748636387508E+01   -0.246309619403297031E+01
    0.208756200934008689E+02    0.556337242660444353E+01   -0.245176113036144683E+01
    0.219982782075259315E+02    0.573054194762289182E+01   -0.245121845225647528E+01
    0.243932295465843119E+02    0.604028603467728242E+01   -0.244926998621563463E+01
    0.224487869392854762E+02    0.578368849804622265E+01   -0.244644250196367707E+01
    0.218752709708891331E+02    0.570552663548113870E+01   -0.244490981244193373E+01
    0.230457292472042106E+02    0.585612580957245754E+01   -0.244158070389023996E+01
    0.209859652560840999E+02    0.555040393743075366E+01   -0.242951762067008614E+01
    0.236730660969844990E+02    0.589586254605162097E+01   -0.241025282823626874E+01
    0.248197688381859116E+02    0.601971849188816144E+01   -0.239447834142057925E+01
    0.233932632599891051E+02    0.583660302367004924E+01   -0.239436033166138174E+01
    0.227197155556441714E+02    0.574634021648784721E+01   -0.239367799460670083E+01
    0.230643229965126721E+02    0.578991881614688797E+01   -0.239216443681157376E+01
    0.252291156628837641E+02    0.605979245235911179E+01   -0.238585155466242504E+01
    0.250163198719277204E+02    0.602328194237426917E+01   -0.237892612637301371E+01
    0.219232793020006014E+02    0.560559182662431876E+01   -0.236859518561920712E+01
    0.257061317755013405E+02    0.609492681069638298E+01   -0.236743139577246531E+01
    0.242562769839244332E+02    0.590172936692533145E+01   -0.236068162796111025E+01
    0.253004435232451357E+02    0.602179875742550941E+01   -0.235175055451315940E+01
    0.208326742152881721E+02    0.540968524513370408E+01   -0.234658071112469990E+01
    0.227020874360291067E+02    0.567240032698141317E+01   -0.234272884531833459E+01
    0.244713608327149892E+02    0.590377913161264711E+01   -0.234246638444473820E+01
    0.239193887737682118E+02    0.579874907830875763E+01   -0.231800242520174393E+01
    0.233978628337595858E+02    0.572812612194698545E+01   -0.231696831655223479E+01
    0.249501144459401907E+02    0.591900416447962652E+01   -0.230981701390675420E+01
    0.217794331429497774E+02    0.550206260228037447E+01   -0.230891503915019181E+01
    0.214056198566364166E+02    0.544306088904502250E+01   -0.230507030744002206E+01
    0.232366114168303568E+02    0.567538326550192984E+01   -0.229497896821491798E+01
    0.237046206489487759E+02    0.573146908305836078E+01   -0.229080606252022045E+01
    0.212221244469562222E+02    0.539098739730336884E+01   -0.228931827330954096E+01
    0.194519853804556817E+02    0.512673537479721109E+01   -0.228822595070300983E+01
    0.250271293942268045E+02    0.589506331207557110E+01   -0.228578871759313751E+01
    0.239249930680479359E+02    0.575289879058457920E+01   -0.228536705140162733E+01
    0.218118679170913268E+02    0.545489094441131606E+01   -0.227295581307497851E+01
    0.229239914603368540E+02    0.558178684712076834E+01   -0.225867497341756795E+01
    0.213596358192188305E+02    0.534193646069963268E+01   -0.223989334501338266E+01
    0.244672399973891146E+02    0.572235527844738989E+01   -0.221451493100286800E+01
    0.245574165477561053E+02    0.571960945811824928E+01   -0.220444785632296503E+01
    0.242806693047155093E+02    0.567739928524469306E+01   -0.220067855553756919E+01
    0.231233009326793528E+02    0.551370332455255419E+01   -0.219369323424016427E+01
    0.208501964455912763E+02    0.520004879672102138E+01   -0.219361824476136835E+01
    0.219388746775118122E+02    0.535305453997405944E+01   -0.219123971089891034E+01
    0.218330270947508218E+02    0.533069074029757051E+01   -0.218556730416983180E+01
    0.232150526816935781E+02    0.550801860045374703E+01   -0.218153842892512140E+01
    0.223273041211134320E+02    0.538893131810451642E+01   -0.218060336846291980E+01
    0.244218113707178368E+02    0.563703228123960898E+01   -0.216052115749168161E+01
    0.217259062668223066E+02    0.527616084217198456E+01   -0.215821892145156147E+01
    0.243713555877969910E+02    0.562087059939240152E+01   -0.215412185838336745E+01
    0.244090796575105777E+02    0.562306394707782875E+01   -0.215222622045246181E+01
    0.231929088741521205E+02    0.544886536516006803E+01   -0.214350525579817575E+01
    0.221024759031253204E+02    0.529765642808696580E+01   -0.213904973116553698E+01
    0.249666003431750774E+02    0.567482582206522856E+01   -0.213747774351138675E+01
    0.232856389391847003E+02    0.544601026072486061E+01   -0.213331904844220821E+01
    0.207036135512175825E+02    0.510546796102135758E+01   -0.213265367325814337E+01
    0.216387848450715765E+02    0.522250301868065137E+01   -0.212765159333039122E+01
    0.267289392242551287E+02    0.588064595434097726E+01   -0.212538677666892051E+01
    0.252407817954758116E+02    0.567892546636655826E+01   -0.211653346512508067E+01
    0.225338067729740352E+02    0.531088869204309599E+01   -0.210960328745453740E+01
    0.250798532964563243E+02    0.563588410658569305E+01   -0.210120559407071639E+01
    0.239712182469035433E+02    0.548709976372249386E+01   -0.210001810063458283E+01
    0.210230576038264694E+02    0.509872579046897911E+01   -0.209270934355908222E+01
    0.223206418574026841E+02    0.525317350290127205E+01   -0.209000395964624275E+01
    0.258279508065057648E+02    0.569098024741733255E+01   -0.207427317204449446E+01
    0.241909610724143640E+02    0.545812774399979794E+01   -0.206154356622963109E+01
    0.229039892092815158E+02    0.528562533455874473E+01   -0.206032171759112792E+01
    0.207246153514582474E+02    0.500028894592275375E+01   -0.204606389610032613E+01
    0.202232993338181153E+02    0.489830444856142933E+01   -0.201883644376459914E+01
    0.236208949256079102E+02    0.530896012723354627E+01   -0.201339854093939330E+01
    0.230108820675164338E+02    0.522765572418296820E+01   -0.201170017327175454E+01
    0.216889497228342059E+02    0.508302671336205059E+01   -0.201134521014359313E+01
    0.263471210098260222E+02    0.566116790077006460E+01   -0.201043040184350064E+01
    0.197762862988804748E+02    0.481450148955156454E+01   -0.200034392856995202E+01
    0.271631084231641644E+02    0.574441096265933293E+01   -0.199706311109440571E+01
    0.246494891658786734E+02    0.541398956891459449E+01   -0.199307460473109210E+01
    0.250602165040815983E+02    0.545455173584844832E+01   -0.198410370761661303E+01
    0.216597827292801561E+02    0.504240405907491240E+01   -0.198189839759712005E+01
    0.222684171405669566E+02    0.510794974368495680E+01   -0.198124337254260663E+01
    0.233170222676752061E+02    0.521737414567935520E+01   -0.197737397424157280E+01
    0.229327111963052168E+02    0.517507357060978102E+01   -0.197707298935071663E+01
    0.216411495762961685E+02    0.503355235944344148E+01   -0.197656143931528727E+01
    0.228345713170676667E+02    0.516168973555860600E+01   -0.197497752221507139E+01
    0.226008327560380984E+02    0.513466643603254180E+01   -0.197378173058356321E+01
    0.223261586289070983E+02    0.509438281781027058E+01   -0.196572263631921551E+01
    0.244595348456745150E+02    0.533724260703017173E+01   -0.195990979527564924E+01
    0.239651747289964661E+02    0.526589473159271471E+01   -0.195620013305596485E+01
    0.227257430580348903E+02    0.511407746504000738E+01   -0.194715043356477069E+01
    0.242148796842411436E+02    0.527628007938140708E+01   -0.194169837236511089E+01
    0.248658368991838081E+02    0.535450112559346270E+01   -0.193654841106617748E+01
    0.247032637431630171E+02    0.532829946835919621E+01   -0.193359604533962637E+01
    0.239028645586571962E+02    0.522175749288251811E+01   -0.193113250908185097E+01
    0.208772565570917727E+02    0.487273767084167186E+01   -0.192983417148732461E+01
    0.230703008297237524E+02    0.512907207585739044E+01   -0.192968186479760151E+01
    0.212517071202064400E+02    0.492134756528540773E+01   -0.192831845060917018E+01
    0.242864076250311527E+02    0.526198534899319270E+01   -0.192658898016340818E+01
    0.243384307648433555E+02    0.526361978956886212E+01   -0.192325347159751670E+01
    0.233042462059786430E+02    0.514041088552828729E+01   -0.191876224759631953E+01
    0.203764591808823319E+02    0.479033541976001587E+01   -0.191846393237551061E+01
    0.229439979570650152E+02    0.509496945155259606E+01   -0.191403610813590297E+01
    0.243552199564192229E+02    0.525053854512692819E+01   -0.191357188421965896E+01
    0.233221519733834839E+02    0.513195645691035374E+01   -0.191076846606547912E+01
    0.231590845153426059E+02    0.511304110639464149E+01   -0.190990164382079519E+01
    0.203495483032404536E+02    0.475397737222220140E+01   -0.189339547380466411E+01
    0.180694629868250622E+02    0.444222366832322102E+01   -0.189043566994812373E+01
    0.204384460842752773E+02    0.476158061902116625E+01   -0.189003621155124457E+01
    0.237088947146178732E+02    0.514403801209378653E+01   -0.188775589553794898E+01
    0.233749211940288468E+02    0.510623870560032156E+01   -0.188670938910545827E+01
    0.235309888561545044E+02    0.509689747201343391E+01   -0.186668973667107352E+01
    0.204043378244159364E+02    0.471646579191661175E+01   -0.185929433328475713E+01
    0.259126754877404863E+02    0.537034508143120082E+01   -0.185925523849723962E+01
    0.224202991010578003E+02    0.495972359823933928E+01   -0.185457320950055715E+01
    0.235362623405983413E+02    0.508106363474280531E+01   -0.185429033651243413E+01
    0.247203840659142990E+02    0.520031163630571580E+01   -0.184683147903306266E+01
    0.218351940969543143E+02    0.488157879326382993E+01   -0.184378308397187607E+01
    0.214588140763346651E+02    0.483754561497498070E+01   -0.184321266909920500E+01
    0.238467641435161539E+02    0.509591093010640162E+01   -0.183997807290611037E+01
    0.232280676696291017E+02    0.502584243329784641E+01   -0.183803463401568346E+01
    0.225388050352480960E+02    0.494497996490953451E+01   -0.183377010843255706E+01
    0.220224028901981690E+02    0.488126655439726420E+01   -0.182823584581999854E+01
    0.218942323289087319E+02    0.485328190334499077E+01   -0.181777472925147898E+01
    0.206111566336924312E+02    0.468575688385986489E+01   -0.181529758415636100E+01
    0.226717583829284060E+02    0.492980693354414523E+01   -0.181160801017266682E+01
    0.244866117346846082E+02    0.512596852407828862E+01   -0.181028384568462553E+01
    0.249985748427252155E+02    0.517900656225425848E+01   -0.180820117446506767E+01
    0.244764646824761982E+02    0.510331368577609990E+01   -0.179429359807699917E+01
    0.251863364638871339E+02    0.517756161839245621E+01   -0.179194374526791833E+01
    0.242968218866317294E+02    0.507883877828254882E+01   -0.179068225388685631E+01
    0.229808896197890782E+02    0.493311372074765497E+01   -0.178905620743789484E+01
    0.246794907638745293E+02    0.511399019525714227E+01   -0.178581733086666183E+01
    0.220142209274558454E+02    0.482308157623390077E+01   -0.178565871149288369E+01
    0.187946984131575903E+02    0.438790570249037071E+01   -0.177640995026201343E+01
    0.261659046856404629E+02    0.556470018590179083E+00   -0.177608439095857196E+01
    0.221736103154251794E+02    0.482392516108894398E+01   -0.177347318194149262E+01
    0.250693629796402533E+02    0.539572250921613872E+00   -0.176545150377319859E+01
    0.248602717200077485E+02    0.510039433682523402E+01   -0.176132291278722497E+01
    0.241389099866216306E+02    0.525452740208944613E+00   -0.175585691157859780E+01
    0.254747698889082095E+02    0.553550429063753402E+00   -0.174813023588564120E+01
    0.192309217682441194E+02    0.438858238121371969E+01   -0.173384281887281544E+01
    0.238132099349759265E+02    0.493790634738307155E+01   -0.172616204975872067E+01
    0.228743736996146474E+02    0.482743675468884259E+01   -0.172032321212582118E+01
    0.227473478543189209E+02    0.481045682417651488E+01   -0.171806576428894764E+01
    0.222581808905553302E+02    0.475312191649519367E+01   -0.171519165260479522E+01
    0.224734634230606645E+02    0.476830787346386753E+01   -0.170921509925208293E+01
    0.207699660413406164E+02    0.456152666175647781E+01   -0.170860064713352133E+01
    0.233716108173096160E+02    0.486483733590084189E+01   -0.170818660968932945E+01
    0.210298457475061902E+02    0.459453208833298099E+01   -0.170709323237610988E+01
    0.233006599970901078E+02    0.485385620570485266E+01   -0.170585411552304667E+01
    0.245929008761380814E+02    0.498806099900879207E+01   -0.170101447220036572E+01
    0.224488556618172517E+02    0.474694257329288671E+01   -0.169579804807742351E+01
    0.220751388756518310E+02    0.470236205316463352E+01   -0.169306183954491507E+01
    0.243726329503289207E+02    0.494704307272532784E+01   -0.168884074236742121E+01
    0.221030275824187008E+02    0.469756864692217313E+01   -0.168745797446296808E+01
    0.224617333264450565E+02    0.472960045075183633E+01   -0.168239540185841241E+01
    0.216530645356979186E+02    0.463621538223905727E+01   -0.167869875530353951E+01
    0.219162313854548749E+02    0.466197032821873680E+01   -0.167659941854150318E+01
    0.209875722636472517E+02    0.454022182997909951E+01   -0.167234009589836363E+01
    0.227577963668019727E+02    0.473896589226039300E+01   -0.166608868465754734E+01
    0.232750255321260262E+02    0.543839589172831150E+00   -0.166196343395776625E+01
    0.240867883765670712E+02    0.487283037862033552E+01   -0.165823684455307552E+01
    0.202132888540268887E+02    0.440912766978139814E+01   -0.165355306324380447E+01
    0.229229824562292102E+02    0.473050203922251722E+01   -0.164736762473256526E+01
    0.242723324239740599E+02    0.487496253363132315E+01   -0.164545900664308742E+01
    0.208066086184481129E+02    0.446192821103768811E+01   -0.163431371098141098E+01
    0.223296238629725146E+02    0.538212525825352506E+00   -0.162952247443018328E+01
    0.247272917729334267E+02    0.584256129667122037E+00   -0.162776251946680661E+01
    0.261676322943584658E+02    0.505457971593467281E+01   -0.162644080071441266E+01
    0.242683788449545830E+02    0.484475488878400906E+01   -0.162456797264216868E+01
    0.232270591566111584E+02    0.472982315945587661E+01   -0.162361902212136933E+01
    0.240333671974275553E+02    0.573010760499769400E+00   -0.162280784474501338E+01
    0.227091087558413918E+02    0.467204435599220602E+01   -0.162271961203286219E+01
    0.210510553007582146E+02    0.447427028074704225E+01   -0.161984975172929646E+01
    0.228638935525783964E+02    0.468376434256284302E+01   -0.161911612752805900E+01
    0.267119135310848712E+02    0.510220789886480119E+01   -0.161842783524077327E+01
    0.222886652567885477E+02    0.541761261960464369E+00   -0.161817332779154133E+01
    0.233441962043347182E+02    0.472471054560345660E+01   -0.161114726687325960E+01
    0.238040799571345936E+02    0.476798520453482411E+01   -0.160636292669067804E+01
    0.232056035164684822E+02    0.469983555270387665E+01   -0.160436684122591866E+01
    0.238410513614240713E+02    0.577277827059981985E+00   -0.160213969474869922E+01
    0.227348514735996474E+02    0.464464925517149574E+01   -0.160170159903350751E+01
    0.245833722953138682E+02    0.484504290366197043E+01   -0.160085630441129334E+01
    0.229156573377380184E+02    0.466151427256715323E+01   -0.159972306568452738E+01
    0.224782784075431366E+02    0.461006632322718879E+01   -0.159713044404120152E+01
    0.262562816074548699E+02    0.626129682946414357E+00   -0.159522250189348469E+01
    0.211638055166999948E+02    0.444983215027270074E+01   -0.159230711401020053E+01
    0.215944487601669337E+02    0.450546481467335447E+01   -0.159145785847632260E+01
    0.229098760781904929E+02    0.464772145495663924E+01   -0.159061989499778034E+01
    0.230890968918477135E+02    0.466431645144408513E+01   -0.158858232350448980E+01
    0.228667077085753156E+02    0.463897410444163150E+01   -0.158783248079830330E+01
    0.240060038268095148E+02    0.476207129889156988E+01   -0.158703059431010196E+01
    0.257143337868221131E+02    0.494643237287636950E+01   -0.158570704989864208E+01
    0.256483527075745030E+02    0.493735733944806476E+01   -0.158439539229389692E+01
    0.283890200980246412E+02    0.520883366592629926E+01   -0.158252701465930046E+01
    0.258230395374257213E+02    0.495235584875401891E+01   -0.158170154102603511E+01
    0.204002949677205585E+02    0.433092552804400555E+01   -0.158142423082913841E+01
    0.264778873942459718E+02    0.501697104206597810E+01   -0.157733743055331344E+01
    0.221170785146428415E+02    0.555046528222603919E+00   -0.157520416206774172E+01
    0.230255286714938379E+02    0.463497719434475730E+01   -0.157316720457462900E+01
    0.219376204187761275E+02    0.451414701669122032E+01   -0.157167550919644339E+01
    0.214611122714919347E+02    0.445378892522598235E+01   -0.156741222383830325E+01
    0.252761103575557655E+02    0.487020393434334764E+01   -0.156615978819538926E+01
    0.242467447626844752E+02    0.475670599778067427E+01   -0.156531269156713204E+01
    0.261779818908484216E+02    0.496527771902872495E+01   -0.156430799735376236E+01
    0.257245180446089741E+02    0.491472356610207228E+01   -0.156337381531686992E+01
    0.248987008117342619E+02    0.482224528830685184E+01   -0.156150686670240879E+01
    0.200254588785526586E+02    0.424617203585009939E+01   -0.155804243018759769E+01
    0.271667416550531868E+02    0.506184064260438582E+01   -0.155708741343863788E+01
    0.241011991839713957E+02    0.601580684312884806E+00   -0.155213124677062342E+01
    0.234981683989352064E+02    0.464995691663278699E+01   -0.154819590526892314E+01
    0.259243096878791803E+02    0.491310350382547600E+01   -0.154763676074496925E+01
    0.226215657817511406E+02    0.455225565764527662E+01   -0.154677406489833347E+01
    0.230968419980443649E+02    0.459875889705576224E+01   -0.154315337316907719E+01
    0.205359615743992450E+02    0.429272163343773983E+01   -0.154280482332503288E+01
    0.211230770473596401E+02    0.435444257066993234E+01   -0.153090972146873461E+01
    0.205681585439506023E+02    0.539585806295969861E+00   -0.152999103717291818E+01
    0.243039268968451587E+02    0.615888928429995430E+00   -0.152549450304478085E+01
    0.193139179725059300E+02    0.411297464193646434E+01   -0.152145242006576109E+01
    0.225571112848879096E+02    0.586125728791538014E+00   -0.151717125405834885E+01
    0.259742767916081299E+02    0.652074374915257216E+00   -0.151519535662855409E+01
    0.234719296845921477E+02    0.605657323787260449E+00   -0.151157884481756399E+01
    0.235643398117781793E+02    0.459752595122153718E+01   -0.150796702166806451E+01
    0.262208444697618468E+02    0.488429648550496509E+01   -0.150687776127400541E+01
    0.209376094580722310E+02    0.428808827913477320E+01   -0.150317054692205332E+01
    0.227458767761171146E+02    0.449707007481266441E+01   -0.150049040237449538E+01
    0.235686897956530466E+02    0.458406393660397704E+01   -0.149865731407146052E+01
    0.214333039419050593E+02    0.434791253714531223E+01   -0.149841470026249035E+01
    0.229767551488482482E+02    0.451721702486485377E+01   -0.149713333991163755E+01
    0.215926034738589543E+02    0.576402881824166435E+00   -0.149574311320747766E+01
    0.273043633648144137E+02    0.498266960581542051E+01   -0.149453614306590077E+01
    0.231537920248899916E+02    0.453239307433701377E+01   -0.149438070062616513E+01
    0.208682179123395315E+02    0.426283424105079245E+01   -0.149258398504702883E+01
    0.264409432160451594E+02    0.675186517661632624E+00   -0.148868088449442548E+01
    0.235181182883528592E+02    0.456341859158507734E+01   -0.148858894273180042E+01
    0.227754420983836496E+02    0.446902045945747250E+01   -0.147970733335880666E+01
    0.233915037426495367E+02    0.453464228818111614E+01   -0.147866827860719985E+01
    0.269080541578682286E+02    0.491283946025097151E+01   -0.147655815376697430E+01
    0.233041875721794511E+02    0.616923492751392799E+00   -0.147548610268178426E+01
    0.256655545846243029E+02    0.477563155481205825E+01   -0.147494345143996530E+01
    0.256655545846243029E+02    0.477563155481205825E+01   -0.147494345143996530E+01
    0.222224534357065195E+02    0.597203247819999561E+00   -0.147362351027081950E+01
    0.235756261585742912E+02    0.453480027697905097E+01   -0.146566754836724122E+01
    0.235442734312299642E+02    0.452597868981078300E+01   -0.146213212701829098E+01
    0.234651795067810411E+02    0.451309087142984389E+01   -0.145932485823433811E+01
    0.209620733911146964E+02    0.574882911697373267E+00   -0.145745443449703105E+01
    0.222338883432778793E+02    0.437506706797051503E+01   -0.145672459086912531E+01
    0.174434239253714622E+02    0.382448298415956023E+01   -0.145666315838264193E+01
    0.241114983469517945E+02    0.457906733903746765E+01   -0.145664854139232003E+01
    0.223202127952276683E+02    0.438274035921900484E+01   -0.145558267086609261E+01
    0.239232421524101930E+02    0.455138081285869767E+01   -0.145192551723166896E+01
    0.215289560462707463E+02    0.428768329022509675E+01   -0.145011164736766740E+01
    0.243337853767807957E+02    0.458884138793168717E+01   -0.144734757339151154E+01
    0.243325241670102272E+02    0.458605933740255001E+01   -0.144563473527469677E+01
    0.221314171433010500E+02    0.434501804625584054E+01   -0.144438046538209131E+01
    0.217402813459236199E+02    0.429595850382011424E+01   -0.144020891181592137E+01
    0.224840227696094814E+02    0.437606466916289971E+01   -0.143955008226183501E+01
    0.210623844389494579E+02    0.420670141646907503E+01   -0.143839175707872902E+01
    0.245600507069727563E+02    0.459817175751329721E+01   -0.143751726157751647E+01
    0.217470139420571584E+02    0.428986027780114032E+01   -0.143576292580018605E+01
    0.221008012837641274E+02    0.432093067511998541E+01   -0.143088147198936189E+01
    0.273791224199268051E+02    0.489028756771318296E+01   -0.143016267106587702E+01
    0.229394358257971547E+02    0.441019725467224788E+01   -0.142964279551673257E+01
    0.249004030289567346E+02    0.462147064242192318E+01   -0.142875251720618812E+01
    0.192069629553909920E+02    0.398356453593127569E+01   -0.142684813063083182E+01
    0.192069629553909920E+02    0.398356453593127569E+01   -0.142684813063083182E+01
    0.253469792590413014E+02    0.466522727667419357E+01   -0.142575092965167660E+01
    0.207740090779596827E+02    0.415538850877241206E+01   -0.142541218808474235E+01
    0.226436387604385096E+02    0.625389155998815283E+00   -0.142399801859325525E+01
    0.257147421397826470E+02    0.470086792745351900E+01   -0.142302943943871285E+01
    0.238393938781996937E+02    0.449514741547993335E+01   -0.142152466697570090E+01
    0.226717807511770140E+02    0.436796699769196906E+01   -0.142116711571559251E+01
    0.222337833441088257E+02    0.619771461494902920E+00   -0.141880710983364056E+01
    0.243718104576963412E+02    0.454785337635293363E+01   -0.141830191592688015E+01
    0.243718104576963412E+02    0.454785337635293363E+01   -0.141830191592688015E+01
    0.217528031585721600E+02    0.426206089187529535E+01   -0.141735031456094096E+01
    0.238084173595613535E+02    0.447958387957900328E+01   -0.141371632481127874E+01
    0.256607811164935065E+02    0.467629925506682920E+01   -0.141105725036480090E+01
    0.223203062992887169E+02    0.431254154326337069E+01   -0.141010159989379069E+01
    0.235619236779467585E+02    0.444686413847695849E+01   -0.140989414985142525E+01
    0.235619236779467585E+02    0.444686413847695849E+01   -0.140989414985142525E+01
    0.235652256453654978E+02    0.649407210242463284E+00   -0.140806797644234050E+01
    0.235652256453654978E+02    0.649407210242463284E+00   -0.140806797644234050E+01
    0.214313955625624821E+02    0.420794564726007003E+01   -0.140697082076491120E+01
    0.219056524840491775E+02    0.426241920106364969E+01   -0.140684956986834542E+01
    0.229429252441590634E+02    0.437468845915062587E+01   -0.140667705319304970E+01
    0.256128644895400051E+02    0.690935477667172115E+00   -0.140336834152097234E+01
    0.255160402475205643E+02    0.464570814465825954E+01   -0.140157293142022032E+01
    0.227112484984068139E+02    0.434101193182711054E+01   -0.140123676235449546E+01
    0.226164231296700287E+02    0.431880527839467909E+01   -0.139367302109620783E+01
    0.220510949300403283E+02    0.424985472065144965E+01   -0.138883723847800056E+01
    0.227121428184192702E+02    0.432105821494047770E+01   -0.138853122496335790E+01
    0.213964728685777956E+02    0.417114590732807411E+01   -0.138379011815627884E+01
    0.216270847286119192E+02    0.623005314656177700E+00   -0.138339421594821932E+01
    0.257905090805121588E+02    0.464400259803170723E+01   -0.138165902451405098E+01
    0.228620419962907846E+02    0.432203741974049560E+01   -0.137889717622261498E+01
    0.225786793784053721E+02    0.643956851455651069E+00   -0.137637515671672372E+01
    0.248526942016642671E+02    0.453063745377187388E+01   -0.137432191301683448E+01
    0.211942454033782326E+02    0.413448235646022155E+01   -0.137276597751677842E+01
    0.264719050069508448E+02    0.470008491572462450E+01   -0.137046328583665789E+01
    0.264719050069508448E+02    0.470008491572462450E+01   -0.137046328583665789E+01
    0.224553076592179757E+02    0.644780347235626605E+00   -0.136886718467091129E+01
    0.216838543685140088E+02    0.417710933051040900E+01   -0.136599142697786546E+01
    0.231678084197870611E+02    0.433456727625558269E+01   -0.136595127137152472E+01
    0.252959202657351696E+02    0.455969307464211049E+01   -0.136241305721359729E+01
    0.237083701725985954E+02    0.438678717716059641E+01   -0.136194877131135805E+01
    0.251789021307563381E+02    0.454517613501693152E+01   -0.136127191187364116E+01
    0.216643937862923011E+02    0.416809035832907693E+01   -0.136021864068887988E+01
    0.197844420245925932E+02    0.395837518643882413E+01   -0.135747364489775735E+01
    0.243827928312121109E+02    0.444915307547651384E+01   -0.135522949988870733E+01
    0.215573209129977172E+02    0.415000869967199648E+01   -0.135396469778899919E+01
    0.242346807178241193E+02    0.442852479454534897E+01   -0.135238732019357144E+01
    0.237206401509449982E+02    0.437179079913735702E+01   -0.135177245589744777E+01
    0.237206401509449982E+02    0.437179079913735702E+01   -0.135177245589744777E+01
    0.231474881187296369E+02    0.430811942041540341E+01   -0.135083013730012746E+01
    0.265285202775840503E+02    0.467254297094685178E+01   -0.134944166157401391E+01
    0.204986059976832991E+02    0.608421781595562705E+00   -0.134713103722888405E+01
    0.257085344912930296E+02    0.457447614039040218E+01   -0.134376887016970903E+01
    0.188069100760333150E+02    0.383187122982825557E+01   -0.134358100826496174E+01
    0.253672020420216171E+02    0.712849225552227184E+00   -0.134018249869536565E+01
    0.247472107314725314E+02    0.445587864877134887E+01   -0.133489669494615093E+01
    0.247472107314725314E+02    0.445587864877134887E+01   -0.133489669494615093E+01
    0.208002578058339829E+02    0.404016001437550365E+01   -0.133401054050831291E+01
    0.224013328966887961E+02    0.419858233590001362E+01   -0.133310981050978250E+01
    0.211928384547103796E+02    0.632735968990898900E+00   -0.133234998788499115E+01
    0.211928384547103796E+02    0.632735968990898900E+00   -0.133234998788499115E+01
    0.246992472775324963E+02    0.444557209744955806E+01   -0.133174803980461798E+01
    0.209529068656229960E+02    0.405269847170639785E+01   -0.133069405644788752E+01
    0.232539102520491667E+02    0.428668128402680093E+01   -0.133042306231091945E+01
    0.232539102520491667E+02    0.428668128402680093E+01   -0.133042306231091945E+01
    0.243006206705742898E+02    0.439316486508741377E+01   -0.132609867330638820E+01
    0.228186128648932396E+02    0.422565113462305764E+01   -0.132192444978171619E+01
    0.222751272529280619E+02    0.417024619473171665E+01   -0.132091242568429146E+01
    0.205667634277950384E+02    0.620790914915790082E+00   -0.131981308656068141E+01
    0.254347492195502163E+02    0.450545235106211983E+01   -0.131952842210337828E+01
    0.240481869506134309E+02    0.435365427587286558E+01   -0.131865117342689975E+01
    0.213272833763406489E+02    0.407649017552134030E+01   -0.131733724149562326E+01
    0.244158303698245440E+02    0.438800972376809284E+01   -0.131527564660134622E+01
    0.219874553909288117E+02    0.658887056330712539E+00   -0.131502251143704885E+01
    0.235536376962021379E+02    0.429405365365890912E+01   -0.131499726341459500E+01
    0.209011022385408261E+02    0.402510349303009018E+01   -0.131420713477968332E+01
    0.233757387466380635E+02    0.426962259872999983E+01   -0.131185649480852007E+01
    0.241717277080971442E+02    0.435324325653209510E+01   -0.131020758768861478E+01
    0.241717277080971442E+02    0.435324325653209510E+01   -0.131020758768861478E+01
    0.255032781325384228E+02    0.449324695390670570E+01   -0.130752577740042319E+01
    0.241177973003831525E+02    0.433475073654989984E+01   -0.130250476215552102E+01
    0.234559904394044985E+02    0.693316580477558730E+00   -0.129969664432061438E+01
    0.233851103016806583E+02    0.691988942619308767E+00   -0.129966508091648647E+01
    0.241867205506574763E+02    0.433683798360246442E+01   -0.129923119639572460E+01
    0.267640864990324872E+02    0.461171690502219089E+01   -0.129642478423742169E+01
    0.223900829419566882E+02    0.675581553443802441E+00   -0.129409878400649236E+01
    0.226855387518403084E+02    0.416769176529291752E+01   -0.129183941242723654E+01
    0.241563866568521455E+02    0.432102976101478653E+01   -0.129164337106348825E+01
    0.221801217421825001E+02    0.411753600404728282E+01   -0.128680237760348737E+01
    0.244876839053846638E+02    0.719273908936035711E+00   -0.128494826153951824E+01
    0.225382435875242244E+02    0.683552205664598178E+00   -0.128227666181132061E+01
    0.211849795938961769E+02    0.401179878665851231E+01   -0.128082661032698009E+01
    0.231876050053356160E+02    0.698591785983695091E+00   -0.127600929254695550E+01
    0.254965415599609990E+02    0.443754287168279760E+01   -0.127427680539478771E+01
    0.237065030009436413E+02    0.424162982161905155E+01   -0.127320210337746342E+01
    0.220731610853309199E+02    0.679821557389774900E+00   -0.127073835720459427E+01
    0.220731610853309199E+02    0.679821557389774900E+00   -0.127073835720459427E+01
    0.249038761306763483E+02    0.436427819780119641E+01   -0.126888722463100989E+01
    0.249038761306763483E+02    0.436427819780119641E+01   -0.126888722463100989E+01
    0.204430175614551111E+02    0.391268738740338007E+01   -0.126836223900652012E+01
    0.204430175614551111E+02    0.391268738740338007E+01   -0.126836223900652012E+01
    0.253557120925193544E+02    0.441095578385193576E+01   -0.126749783986598463E+01
    0.215710885636376801E+02    0.672310079731694321E+00   -0.126622768900055149E+01
    0.222713713087777307E+02    0.685712224427330930E+00   -0.126588858972781915E+01
    0.222713713087777307E+02    0.685712224427330930E+00   -0.126588858972781915E+01
    0.231702490119839304E+02    0.417243270872316696E+01   -0.126383049197305586E+01
    0.243362568395402050E+02    0.429308933792552239E+01   -0.126312928540929725E+01
    0.244370984273363554E+02    0.430313715304936473E+01   -0.126259930332341330E+01
    0.244370984273363554E+02    0.430313715304936473E+01   -0.126259930332341330E+01
    0.241645038647811035E+02    0.723275798545720994E+00   -0.126195907614028724E+01
    0.225374788899528262E+02    0.692644799585284354E+00   -0.126159904314071158E+01
    0.216493147813552014E+02    0.403285862720354249E+01   -0.125985386608531291E+01
    0.219769913324742596E+02    0.406261470573247507E+01   -0.125941366919212872E+01
    0.223981556567699975E+02    0.691321811970402100E+00   -0.125863335208876403E+01
    0.252547856344399761E+02    0.437622005299946792E+01   -0.125331592508985534E+01
    0.201702770867837629E+02    0.386135083853531258E+01   -0.125288920975014695E+01
    0.273462684915785488E+02    0.803093404386564291E+00   -0.125276282482523560E+01
    0.223633274833792228E+02    0.693618108668755617E+00   -0.125197660104039832E+01
    0.198100525172480602E+02    0.381636666118096812E+01   -0.124919254138395375E+01
    0.213292610830477116E+02    0.398392680909138663E+01   -0.124862247581669839E+01
    0.239715910482402492E+02    0.725743174565808280E+00   -0.124818022247931570E+01
    0.233382359741586214E+02    0.414890835010604064E+01   -0.123546538262534100E+01
    0.253105484624298889E+02    0.434941272717840288E+01   -0.123389074563913304E+01
    0.241930057380386785E+02    0.736609978633395279E+00   -0.123324865480229184E+01
    0.238211937692054434E+02    0.418477698648685781E+01   -0.123121970905802236E+01
    0.236085046797798803E+02    0.416339604683501108E+01   -0.122895697579790042E+01
    0.211028545891795396E+02    0.676625730716427842E+00   -0.122636050348965431E+01
    0.224375130537812773E+02    0.709252943444941719E+00   -0.122022410277064752E+01
    0.251690561891201234E+02    0.430841436421630153E+01   -0.121885167017173268E+01
    0.251690561891201234E+02    0.430841436421630153E+01   -0.121885167017173268E+01
    0.232768137062365312E+02    0.411763984781321835E+01   -0.121629772436557926E+01
    0.227676449046502682E+02    0.406867019999497526E+01   -0.121254853362769199E+01
    0.197296524230059589E+02    0.374970589564925838E+01   -0.120753779667495142E+01
    0.241551141395918592E+02    0.418100803618019512E+01   -0.120729541966272302E+01
    0.219055805050194436E+02    0.398248628095661816E+01   -0.120627438921971608E+01
    0.225667922285718952E+02    0.404107537061836020E+01   -0.120501848309443904E+01
    0.230709523525388391E+02    0.728154077883358064E+00   -0.120497807310125382E+01
    0.230709523525388391E+02    0.728154077883358064E+00   -0.120497807310125382E+01
    0.232835460004615200E+02    0.410220905287467463E+01   -0.120457569736875869E+01
    0.232835460004615200E+02    0.410220905287467463E+01   -0.120457569736875869E+01
    0.246254383417539202E+02    0.422430200521797161E+01   -0.120421239294585125E+01
    0.184224255607598586E+02    0.359651389202509186E+01   -0.120245285308112049E+01
    0.184224255607598586E+02    0.359651389202509186E+01   -0.120245285308112049E+01
    0.257646171849335168E+02    0.434413917067112632E+01   -0.120206768843921608E+01
    0.222480927600656386E+02    0.400651328060954182E+01   -0.120078632113383432E+01
    0.202769543960000220E+02    0.379880990475126445E+01   -0.119931651174399012E+01
    0.218176313854382755E+02    0.709537330385110798E+00   -0.119380384720277855E+01
    0.230613149874078900E+02    0.406407156733826813E+01   -0.119075939513608042E+01
    0.250472230529630515E+02    0.424372551292226774E+01   -0.118901579521389422E+01
    0.238659022296924128E+02    0.750686767780950004E+00   -0.118859677056926150E+01
    0.241458420028428264E+02    0.756606150830581803E+00   -0.118724302324791142E+01
    0.194338376145594331E+02    0.368632127488599393E+01   -0.118581365499483526E+01
    0.260702603747258692E+02    0.434896040373682613E+01   -0.118573491457077385E+01
    0.235920850490858740E+02    0.748476118633514931E+00   -0.118213583721822046E+01
    0.218573585860029063E+02    0.716992604534027356E+00   -0.117921820328321414E+01
    0.212122674212413322E+02    0.702306438815311074E+00   -0.117708817471357374E+01
    0.227529124588212532E+02    0.401779578919784441E+01   -0.117652641687342485E+01
    0.215586898279664361E+02    0.390782826193760968E+01   -0.117617789746848578E+01
    0.223015870769366593E+02    0.397646299644730439E+01   -0.117604464275958853E+01
    0.223337796134490354E+02    0.728109598661560664E+00   -0.117466945150861490E+01
    0.233475693623599305E+02    0.747327907880955711E+00   -0.117459803529742679E+01
    0.246227454065415152E+02    0.417544136172138280E+01   -0.117406807303971372E+01
    0.248077647104899768E+02    0.418918400939366542E+01   -0.117249187914405373E+01
    0.225211582751208645E+02    0.732668145244379176E+00   -0.117248121231638103E+01
    0.225211582751208645E+02    0.732668145244379176E+00   -0.117248121231638103E+01
    0.218938196300369725E+02    0.392634334676242647E+01   -0.116739687870380116E+01
    0.228704203095767440E+02    0.401472637134296484E+01   -0.116705991997600300E+01
    0.197573776334589013E+02    0.368659134108948727E+01   -0.116086331205583315E+01
    0.236127214248532766E+02    0.406694414007521932E+01   -0.115868689138524328E+01
    0.236127214248532766E+02    0.406694414007521932E+01   -0.115868689138524328E+01
    0.249284515009930310E+02    0.787532827486175480E+00   -0.115838002252513972E+01
    0.227149067173346495E+02    0.398626509343706337E+01   -0.115630641177322024E+01
    0.251760883979681189E+02    0.420022445717079762E+01   -0.115624040408515527E+01
    0.245095524321361111E+02    0.414020278349285409E+01   -0.115584336401792132E+01
    0.245095524321361111E+02    0.414020278349285409E+01   -0.115584336401792132E+01
    0.254811607527489770E+02    0.423212752221826438E+01   -0.115557307687229449E+01
    0.203774185780467612E+02    0.688777426842120510E+00   -0.115348017014495507E+01
    0.234484970158554766E+02    0.404494473500219076E+01   -0.115309867679895794E+01
    0.234484970158554766E+02    0.404494473500219076E+01   -0.115309867679895794E+01
    0.245600525348499445E+02    0.413898853620407969E+01   -0.115188830758156535E+01
    0.200872946135642110E+02    0.370994089616673151E+01   -0.115168493902886060E+01
    0.220684204630278700E+02    0.391849375189329985E+01   -0.115067728460233365E+01
    0.220684204630278700E+02    0.391849375189329985E+01   -0.115067728460233365E+01
    0.234730026285798594E+02    0.404224959714411991E+01   -0.114968712851297727E+01
    0.235271940212902813E+02    0.404465290190606197E+01   -0.114808173444598127E+01
    0.256600864435050404E+02    0.423663522501834144E+01   -0.114717429251798975E+01
    0.242084515285663215E+02    0.410049508406412322E+01   -0.114607017001891820E+01
    0.222238280546591369E+02    0.392412041904275233E+01   -0.114461082877078280E+01
    0.227782774388581011E+02    0.397516529414562791E+01   -0.114455855047858046E+01
    0.182575303769692994E+02    0.648074869137483245E+00   -0.114324889686937881E+01
    0.220861089040798007E+02    0.738808565383363813E+00   -0.114169045752155873E+01
    0.246499818779891307E+02    0.413150943454636632E+01   -0.114110915559078818E+01
    0.214115566574933105E+02    0.383774887797830688E+01   -0.113860774571961421E+01
    0.234113012361172288E+02    0.401966147592164980E+01   -0.113747763307049010E+01
    0.217333652412350240E+02    0.386790080544492465E+01   -0.113718100217359064E+01
    0.263673856098684851E+02    0.834955648079805490E+00   -0.113684251692937277E+01
    0.263673856098684851E+02    0.834955648079805490E+00   -0.113684251692937277E+01
    0.242148370972867859E+02    0.408725226985688295E+01   -0.113633339979594239E+01
    0.194657387610372652E+02    0.675848490912460909E+00   -0.113632476417119288E+01
    0.216405814375912335E+02    0.385681273626821364E+01   -0.113546780432707251E+01
    0.244465112359991679E+02    0.410573742297856459E+01   -0.113529807355334933E+01
    0.244465112359991679E+02    0.410573742297856459E+01   -0.113529807355334933E+01
    0.248917910987651645E+02    0.799720971574876094E+00   -0.113202283435709661E+01
    0.231939594422237434E+02    0.399213186214644189E+01   -0.113128295407683033E+01
    0.231960808510836927E+02    0.399089360038879759E+01   -0.113028555262462693E+01
    0.208502105160002635E+02    0.376074044776688421E+01   -0.112844568361453512E+01
    0.208502105160002635E+02    0.376074044776688421E+01   -0.112844568361453512E+01
    0.181319585340768050E+02    0.653951305312836628E+00   -0.112421845179897106E+01
    0.236081961071598414E+02    0.401572088590249621E+01   -0.112281257528494915E+01
    0.236081961071598414E+02    0.401572088590249621E+01   -0.112281257528494915E+01
    0.217936032173854990E+02    0.385219945262188723E+01   -0.112260352254434026E+01
    0.234509351755875173E+02    0.774071720671254848E+00   -0.112175608767521107E+01
    0.256358990657288182E+02    0.418678789419008535E+01   -0.112030102056443281E+01
    0.256358990657288182E+02    0.418678789419008535E+01   -0.112030102056443281E+01
    0.221286874848307384E+02    0.387509214200334196E+01   -0.111705172406559661E+01
    0.249066301807088557E+02    0.808542855960400653E+00   -0.111526512421231239E+01
    0.216509125512123575E+02    0.382428166916926404E+01   -0.111260417924303323E+01
    0.289963154569813568E+02    0.898159193036285552E+00   -0.111249726166032947E+01
    0.237752886339207414E+02    0.784709344406956610E+00   -0.111232657453962092E+01
    0.237166719253961027E+02    0.400533887368939112E+01   -0.110908093651624418E+01
    0.217809652311181630E+02    0.383041870409284613E+01   -0.110859840908485885E+01
    0.274511669579393960E+02    0.435407020274782308E+01   -0.110657895060683797E+01
    0.249441521385645792E+02    0.410073822703421254E+01   -0.110192941656205523E+01
    0.249441521385645792E+02    0.410073822703421254E+01   -0.110192941656205523E+01
    0.235785302316834695E+02    0.397934403455093344E+01   -0.109933366286964351E+01
    0.223789953046798082E+02    0.765439973214998903E+00   -0.109743553488904433E+01
    0.212861663317839351E+02    0.375343915205678869E+01   -0.109078651743716959E+01
    0.212861663317839351E+02    0.375343915205678869E+01   -0.109078651743716959E+01
    0.236968793985505890E+02    0.396963790236505343E+01   -0.108566416128458521E+01
    0.243640124636358415E+02    0.402529493650178249E+01   -0.108442698409527183E+01
    0.268572251509884126E+02    0.424874388940157743E+01   -0.108214323856240635E+01
    0.252212828773620927E+02    0.409456590355722927E+01   -0.108130321607450375E+01
    0.264481587327376424E+02    0.419814849353679254E+01   -0.107876568563758313E+01
    0.197783231443010017E+02    0.356631037741211232E+01   -0.107740813832589732E+01
    0.237740844015312618E+02    0.396397224204605658E+01   -0.107725842830513607E+01
    0.246973061086329864E+02    0.404340890120841490E+01   -0.107719823371222057E+01
    0.226601292874229081E+02    0.386446827505857105E+01   -0.107680738262354847E+01
    0.233035995097192234E+02    0.392136247897128509E+01   -0.107584096846013177E+01
    0.233035995097192234E+02    0.392136247897128509E+01   -0.107584096846013177E+01
    0.255830013547290527E+02    0.411566094153719675E+01   -0.107444962487512297E+01
    0.236744835233720110E+02    0.394954253283398904E+01   -0.107328008307766409E+01
    0.213192217031304594E+02    0.372643751387723965E+01   -0.107036344610054379E+01
    0.228424893743032449E+02    0.387129587568230971E+01   -0.107013051028322503E+01
    0.239920576281613265E+02    0.397102642413388596E+01   -0.106929662630564604E+01
    0.239708869187263893E+02    0.396854364308722785E+01   -0.106885001001638891E+01
    0.232966205920743121E+02    0.390755118551229375E+01   -0.106687835935002817E+01
    0.247273881092619945E+02    0.829766416927790185E+00   -0.106503407769732750E+01
    0.247273881092619945E+02    0.829766416927790185E+00   -0.106503407769732750E+01
    0.215770478168864841E+02    0.374631527639223583E+01   -0.106501094005747232E+01
    0.215770478168864841E+02    0.374631527639223583E+01   -0.106501094005747232E+01
    0.207539536637316608E+02    0.365554951938310202E+01   -0.106490978405956871E+01
    0.266590682303348991E+02    0.883415198376581001E+00   -0.105668175141908560E+01
    0.266590682303348991E+02    0.883415198376581001E+00   -0.105668175141908560E+01
    0.239115709798956892E+02    0.394518963034660208E+01   -0.105653532803981975E+01
    0.239115709798956892E+02    0.394518963034660208E+01   -0.105653532803981975E+01
    0.229362622160308725E+02    0.385667667691922889E+01   -0.105477322022906539E+01
    0.201970805928280299E+02    0.357831913929207168E+01   -0.105469702902939932E+01
    0.225305858957403657E+02    0.381238403059771880E+01   -0.105037834216184023E+01
    0.231725628917423876E+02    0.387180054902770276E+01   -0.105034015490455523E+01
    0.230896723367800512E+02    0.386289306169329372E+01   -0.104953691205957766E+01
    0.207271095163148154E+02    0.362883140397525450E+01   -0.104931461885404920E+01
    0.221706538221331684E+02    0.377515056432765972E+01   -0.104783683158266205E+01
    0.244016984346366925E+02    0.397435042278005124E+01   -0.104777703438936642E+01
    0.254955981957795714E+02    0.858894248495589929E+00   -0.104685126401544903E+01
    0.254955981957795714E+02    0.858894248495589929E+00   -0.104685126401544903E+01
    0.254039586904121073E+02    0.856693628109148952E+00   -0.104659033977833604E+01
    0.232317431682668634E+02    0.806545924005212078E+00   -0.104645607470664959E+01
    0.234262028427107403E+02    0.388833118470474304E+01   -0.104644547503826657E+01
    0.204698988180746397E+02    0.358517565491741319E+01   -0.103943742173709963E+01
    0.244670061976076916E+02    0.396650810007751486E+01   -0.103879255595484676E+01
    0.207254387210212094E+02    0.360655267125358625E+01   -0.103493455054007710E+01
    0.237913547290875371E+02    0.390205590873062835E+01   -0.103463826830550287E+01
    0.237913547290875371E+02    0.390205590873062835E+01   -0.103463826830550287E+01
    0.215183874868518998E+02    0.369059816175848976E+01   -0.103246065715584279E+01
    0.217558747334699696E+02    0.788554298567890832E+00   -0.102659198088073511E+01
    0.181607926439228855E+02    0.330535625171164194E+01   -0.102574569914136826E+01
    0.181607926439228855E+02    0.330535625171164194E+01   -0.102574569914136826E+01
    0.229295942684686516E+02    0.381022976349556952E+01   -0.102498636120315867E+01
    0.259501841600518901E+02    0.407183323480629689E+01   -0.102393643934359879E+01
    0.253523044106183839E+02    0.401951138766350091E+01   -0.102339516370612316E+01
    0.227888974371762956E+02    0.379350733144170693E+01   -0.102261314724284680E+01
    0.230046940445807770E+02    0.381290348832643966E+01   -0.102222995894690194E+01
    0.256389540178966442E+02    0.404208306773197101E+01   -0.102199886160849940E+01
    0.251366564251742552E+02    0.399803055411536290E+01   -0.102148194684655302E+01
    0.195068239400646917E+02    0.730139207782129152E+00   -0.101969442079874439E+01
    0.228147955362710668E+02    0.378947573507991864E+01   -0.101848312466254654E+01
    0.208248305301410923E+02    0.358699804089408270E+01   -0.101524747974677632E+01
    0.245502424396106385E+02    0.393338598917935212E+01   -0.101220834623196754E+01
    0.245502424396106385E+02    0.393338598917935212E+01   -0.101220834623196754E+01
    0.216351696119559165E+02    0.366870729472244506E+01   -0.101113462721770442E+01
    0.216351696119559165E+02    0.366870729472244506E+01   -0.101113462721770442E+01
    0.263117042237881975E+02    0.408092595938175329E+01   -0.100946921082788688E+01
    0.234417367501392206E+02    0.829503314949393111E+00   -0.100872424404716776E+01
    0.225284752748529158E+02    0.374685416877959332E+01   -0.100819310517264626E+01
    0.249918463147168879E+02    0.396320220168937132E+01   -0.100683722545149101E+01
    0.215552109178851410E+02    0.365164056511555124E+01   -0.100498034144848103E+01
    0.223564321662600030E+02    0.811410253135730897E+00   -0.100392789931524207E+01
    0.223564321662600030E+02    0.811410253135730897E+00   -0.100392789931524207E+01
    0.233378289317399670E+02    0.381165349640987161E+01   -0.100171858506575173E+01
    0.233378289317399670E+02    0.381165349640987161E+01   -0.100171858506575173E+01
    0.215284574205716766E+02    0.796844061932203251E+00   -0.100144629502332494E+01
    0.259441006786870219E+02    0.403682787234962159E+01   -0.100136930748355590E+01
    0.215071654391583706E+02    0.796803046132035453E+00   -0.100030521850430576E+01
    0.231902003171411337E+02    0.830673951808630018E+00   -0.997118108319723140E+00
    0.249399366343481397E+02    0.394260519930992404E+01   -0.996357654494698153E+00
    0.242406216559771650E+02    0.854728571391726755E+00   -0.994835725363436563E+00
    0.242406216559771650E+02    0.854728571391726755E+00   -0.994835725363436563E+00
    0.231789677607920233E+02    0.378576746569658518E+01   -0.994647574155588243E+00
    0.231789677607920233E+02    0.378576746569658518E+01   -0.994647574155588243E+00
    0.227817061086358379E+02    0.824223002745468558E+00   -0.994625533211755508E+00
    0.227817061086358379E+02    0.824223002745468558E+00   -0.994625533211755508E+00
    0.221496598678323622E+02    0.368578584359597450E+01   -0.991730092548165354E+00
    0.267160766080738981E+02    0.408625977778949778E+01   -0.990320389354721109E+00
    0.234594801258924370E+02    0.380465251894528844E+01   -0.990167678161741560E+00
    0.234594801258924370E+02    0.380465251894528844E+01   -0.990167678161741560E+00
    0.234540474344433214E+02    0.380312089996268288E+01   -0.989520157851076609E+00
    0.200860563858331318E+02    0.346209655444047737E+01   -0.987990202645791626E+00
    0.227308395051850276E+02    0.373292198036307532E+01   -0.987507836876791778E+00
    0.235151781940919342E+02    0.380333963849021384E+01   -0.986096308691635448E+00
    0.256854029224486062E+02    0.399001011367205649E+01   -0.985509576378029273E+00
    0.234579295692457634E+02    0.379373051088930113E+01   -0.983394289063979077E+00
    0.228614574335407603E+02    0.373256566515935129E+01   -0.979695800534946648E+00
    0.249264487360862290E+02    0.390692799430428872E+01   -0.974164933332904104E+00
    0.253533797788134834E+02    0.393457940113445037E+01   -0.968352656545107271E+00
    0.169310234769169874E+02    0.309474578376080256E+01   -0.967347066813454282E+00
    0.257210169348058884E+02    0.907714096849684959E+00   -0.967142415399264155E+00
    0.257210169348058884E+02    0.907714096849684959E+00   -0.967142415399264155E+00
    0.207924695153706800E+02    0.350227788904723081E+01   -0.964169730166664518E+00
    0.207924695153706800E+02    0.350227788904723081E+01   -0.964169730166664518E+00
    0.225838002446463584E+02    0.368127381172546064E+01   -0.963787508031875184E+00
    0.221568544170442436E+02    0.364156171190509026E+01   -0.963689477150541096E+00
    0.216283173488300768E+02    0.359073828892967395E+01   -0.962540171463693528E+00
    0.216283173488300768E+02    0.359073828892967395E+01   -0.962540171463693528E+00
    0.234832445618435024E+02    0.855698572153401615E+00   -0.959608961988571041E+00
    0.230510796200216639E+02    0.371733671383287501E+01   -0.959321525961290944E+00
    0.230510796200216639E+02    0.371733671383287501E+01   -0.959321525961290944E+00
    0.204383533214598856E+02    0.787193577134590816E+00   -0.958381041908869524E+00
    0.204383533214598856E+02    0.787193577134590816E+00   -0.958381041908869524E+00
    0.236218944830110473E+02    0.376096318769169580E+01   -0.953622005075761670E+00
    0.222007295399879254E+02    0.362288439475445800E+01   -0.949683374143959425E+00
    0.240852897511245665E+02    0.379114119814272277E+01   -0.946763329627007377E+00
    0.223018222340399497E+02    0.840180478599313108E+00   -0.946660378643094047E+00
    0.265425239029455042E+02    0.941088852332688464E+00   -0.944921490574140210E+00
    0.201295190929108543E+02    0.339588339019425733E+01   -0.944127037760677745E+00
    0.215549133032704425E+02    0.354653492550650462E+01   -0.939594058567024937E+00
    0.195330188998315109E+02    0.332014165194468047E+01   -0.938835827101607290E+00
    0.195330188998315109E+02    0.332014165194468047E+01   -0.938835827101607290E+00
    0.234812026589199512E+02    0.372121853199489561E+01   -0.937298762668743790E+00
    0.229189444870007542E+02    0.366912608440331400E+01   -0.937296957482023796E+00
    0.183478230408800620E+02    0.318431738631192562E+01   -0.937225595650923005E+00
    0.183478230408800620E+02    0.318431738631192562E+01   -0.937225595650923005E+00
    0.222639381944233996E+02    0.360539760663352693E+01   -0.935446949749111578E+00
    0.235972635045940535E+02    0.372425595697791012E+01   -0.932618548305964912E+00
    0.235972635045940535E+02    0.372425595697791012E+01   -0.932618548305964912E+00
    0.215888881332165141E+02    0.353697296205482425E+01   -0.931879614811702228E+00
    0.215888881332165141E+02    0.353697296205482425E+01   -0.931879614811702228E+00
    0.210597665817290434E+02    0.347828266760129035E+01   -0.931354390457958869E+00
    0.219161937861859002E+02    0.356562946947898718E+01   -0.930871379204758709E+00
    0.219161937861859002E+02    0.356562946947898718E+01   -0.930871379204758709E+00
    0.208237331633658087E+02    0.814669437931445084E+00   -0.927987519951411377E+00
    0.237112478474627011E+02    0.372205652365259398E+01   -0.924911985714468310E+00
    0.207634661395661446E+02    0.343406859066991288E+01   -0.924484325959924136E+00
    0.220273860820053500E+02    0.356435349755249797E+01   -0.923885710058940934E+00
    0.185172121547416317E+02    0.317875771423135323E+01   -0.922428299581647626E+00
    0.202613651614926660E+02    0.336952821487520193E+01   -0.919322036470320514E+00
    0.231781584761473276E+02    0.366181819490321425E+01   -0.918391190776499000E+00
    0.251963588375938343E+02    0.383739766570976082E+01   -0.916116537541800224E+00
    0.223996486071007403E+02    0.358226946021404791E+01   -0.913946894172550151E+00
    0.262751124516225794E+02    0.392423985695012822E+01   -0.912394234044460295E+00
    0.217348243912329337E+02    0.351561237260314030E+01   -0.910923066232391609E+00
    0.245189341679740700E+02    0.377026314432670739E+01   -0.910743367642233292E+00
    0.245189341679740700E+02    0.377026314432670739E+01   -0.910743367642233292E+00
    0.243373912252536293E+02    0.375377716566944120E+01   -0.910225574255728920E+00
    0.252302127279303754E+02    0.927592990574549137E+00   -0.909857894007264689E+00
    0.252302127279303754E+02    0.927592990574549137E+00   -0.909857894007264689E+00
    0.209130515631658476E+02    0.342503107638174464E+01   -0.909146457798191920E+00
    0.237107811207158754E+02    0.890872560999184770E+00   -0.906316903000554008E+00
    0.237107811207158754E+02    0.890872560999184770E+00   -0.906316903000554008E+00
    0.234721283925511734E+02    0.366696453802690314E+01   -0.905212203440910246E+00
    0.234721283925511734E+02    0.366696453802690314E+01   -0.905212203440910246E+00
    0.209183252129494939E+02    0.341552744002287101E+01   -0.903152163172846523E+00
    0.196659679279906712E+02    0.327238291187095642E+01   -0.901374256705365640E+00
    0.236206227538852715E+02    0.366885846488392842E+01   -0.898186252970900711E+00
    0.234297630297614390E+02    0.365029394078795377E+01   -0.897664965539135884E+00
    0.237612637102338162E+02    0.897829188571716119E+00   -0.896557151077748138E+00
    0.240997337870392947E+02    0.908772958819738852E+00   -0.892603634351358033E+00
    0.226974400460784302E+02    0.356975312003634215E+01   -0.890189097378645933E+00
    0.248789580738394349E+02    0.376040970436880251E+01   -0.886016643920932268E+00
    0.248789580738394349E+02    0.376040970436880251E+01   -0.886016643920932268E+00
    0.246567371057454778E+02    0.374048907321677548E+01   -0.885549814144161007E+00
    0.213894183122003625E+02    0.343303995959138852E+01   -0.882741477560526677E+00
    0.222268904595640997E+02    0.350955207628623578E+01   -0.880472961724704239E+00
    0.222268904595640997E+02    0.350955207628623578E+01   -0.880472961724704239E+00
    0.195252751174171024E+02    0.321940202212555127E+01   -0.879640280875273017E+00
    0.195252751174171024E+02    0.321940202212555127E+01   -0.879640280875273017E+00
    0.256665560125126788E+02    0.381632808596112261E+01   -0.878887227582934916E+00
    0.256665560125126788E+02    0.381632808596112261E+01   -0.878887227582934916E+00
    0.231392462132091516E+02    0.358876539318573862E+01   -0.877381304627417591E+00
    0.236254097972420034E+02    0.363360530191351661E+01   -0.877265060840695998E+00
    0.236254097972420034E+02    0.363360530191351661E+01   -0.877265060840695998E+00
    0.204072377341121509E+02    0.331140222276180474E+01   -0.875533323069906722E+00
    0.206150399163494384E+02    0.333424299635715293E+01   -0.875240264072480678E+00
    0.206150399163494384E+02    0.333424299635715293E+01   -0.875240264072480678E+00
    0.219608767008418440E+02    0.347164676870037514E+01   -0.872766243394498820E+00
    0.226384366566921855E+02    0.353252653737989064E+01   -0.871670608654917412E+00
    0.229896925476275378E+02    0.356490258565560358E+01   -0.871574812375058849E+00
    0.193578143829659268E+02    0.802700328410874908E+00   -0.871411276670571722E+00
    0.235984882110010048E+02    0.361897773246963483E+01   -0.870229140062478201E+00
    0.230411724303597651E+02    0.356625009266678283E+01   -0.869595450996922703E+00
    0.230411724303597651E+02    0.356625009266678283E+01   -0.869595450996922703E+00
    0.231793412084688200E+02    0.898895689454332958E+00   -0.869534826279638517E+00
    0.234958685607767954E+02    0.360585243992463766E+01   -0.868138384432823318E+00
    0.212655071491545478E+02    0.339096304321322162E+01   -0.866294535063663274E+00
    0.212655071491545478E+02    0.339096304321322162E+01   -0.866294535063663274E+00
    0.241847111570021980E+02    0.366500129067217539E+01   -0.865446172615861764E+00
    0.241847111570021980E+02    0.366500129067217539E+01   -0.865446172615861764E+00
    0.235375417900338455E+02    0.360444626895987996E+01   -0.865101052828242678E+00
    0.235375417900338455E+02    0.360444626895987996E+01   -0.865101052828242678E+00
    0.236628035239884191E+02    0.360911022932259273E+01   -0.861109472681269028E+00
    0.236628035239884191E+02    0.360911022932259273E+01   -0.861109472681269028E+00
    0.225963498020210913E+02    0.350694654799475369E+01   -0.859179433132827963E+00
    0.234360139460923946E+02    0.358276909960099710E+01   -0.858052354897597125E+00
    0.244916192520949778E+02    0.367944982955502642E+01   -0.857790990113513674E+00
    0.247250597650140520E+02    0.946458049347437935E+00   -0.855953025612180785E+00
    0.247250597650140520E+02    0.946458049347437935E+00   -0.855953025612180785E+00
    0.184988749673547836E+02    0.308824778995692295E+01   -0.855858727871074865E+00
    0.184988749673547836E+02    0.308824778995692295E+01   -0.855858727871074865E+00
    0.264865668608678675E+02    0.384692250273592418E+01   -0.855230656150906765E+00
    0.264865668608678675E+02    0.384692250273592418E+01   -0.855230656150906765E+00
    0.271252450097524758E+02    0.389655448186560349E+01   -0.852083608394757719E+00
    0.246444717635143746E+02    0.947022115111215479E+00   -0.851603767660335187E+00
    0.246444717635143746E+02    0.947022115111215479E+00   -0.851603767660335187E+00
    0.258087026015394230E+02    0.377529562130965379E+01   -0.847506199197086918E+00
    0.215637216976280115E+02    0.338874571663051460E+01   -0.846325628523883378E+00
    0.215637216976280115E+02    0.338874571663051460E+01   -0.846325628523883378E+00
    0.246923777603137395E+02    0.367007728141067124E+01   -0.842246771179669285E+00
    0.217346997583458545E+02    0.888896341374332488E+00   -0.838967741486711494E+00
    0.242321204176372333E+02    0.362070014109583616E+01   -0.837698990963791079E+00
    0.235751740697090675E+02    0.928877185864261934E+00   -0.836554636166567556E+00
    0.214391052627991634E+02    0.335712083114663074E+01   -0.836058433983605243E+00
    0.242468194899988134E+02    0.361619781721818745E+01   -0.834398927587167605E+00
    0.238774679047994844E+02    0.358035111340605328E+01   -0.833483926344449233E+00
    0.237862257362707261E+02    0.357177265713662750E+01   -0.833413463911125030E+00
    0.237862257362707261E+02    0.357177265713662750E+01   -0.833413463911125030E+00
    0.245680813550470489E+02    0.364103579732802896E+01   -0.831671157977651343E+00
    0.226472297388379538E+02    0.915609748856745842E+00   -0.822660467299605735E+00
    0.253383407555398286E+02    0.982454622885167272E+00   -0.822571181514195615E+00
    0.227596054180442380E+02    0.345706135007466075E+01   -0.822456106908182050E+00
    0.255015992724925873E+02    0.370402373807958307E+01   -0.821705653376416989E+00
    0.255015992724925873E+02    0.370402373807958307E+01   -0.821705653376416989E+00
    0.227636203337873475E+02    0.918475326644441870E+00   -0.821524006914859051E+00
    0.218881005263498132E+02    0.337123221379328974E+01   -0.819627105600892247E+00
    0.254159771334327651E+02    0.986473201206949035E+00   -0.819278394318986747E+00
    0.254159771334327651E+02    0.986473201206949035E+00   -0.819278394318986747E+00
    0.230872461431435312E+02    0.347688219322949976E+01   -0.816609418696689460E+00
    0.203096672216469898E+02    0.319381092637037156E+01   -0.815356968642683699E+00
    0.210040325883038328E+02    0.883702572560495114E+00   -0.814420518633440005E+00
    0.210040325883038328E+02    0.883702572560495114E+00   -0.814420518633440005E+00
    0.248991715812241594E+02    0.363901858729504291E+01   -0.814260390446982507E+00
    0.199383513267860266E+02    0.314991268416667181E+01   -0.814157879473101698E+00
    0.200671880813559156E+02    0.316385972963085749E+01   -0.813867183884897538E+00
    0.233637949465504526E+02    0.349577669991164175E+01   -0.812891007995090953E+00
    0.228451141395200104E+02    0.344156771729269861E+01   -0.809497591721428877E+00
    0.245817405003186629E+02    0.360103802147555507E+01   -0.808718202144760312E+00
    0.238966388438174455E+02    0.353695457567147598E+01   -0.808380907814917005E+00
    0.271423970857408250E+02    0.381656439094527355E+01   -0.805417507548245371E+00
    0.250218033995696558E+02    0.987369073938806352E+00   -0.801735769766356965E+00
    0.250218033995696558E+02    0.987369073938806352E+00   -0.801735769766356965E+00
    0.240227987967688996E+02    0.353346652269405492E+01   -0.800066259093833887E+00
    0.242467128304597104E+02    0.355381090042844638E+01   -0.799848041068981552E+00
    0.242467128304597104E+02    0.355381090042844638E+01   -0.799848041068981552E+00
    0.229308198079007859E+02    0.936372456552780674E+00   -0.798001309721268925E+00
    0.235329518561112181E+02    0.348301102544878383E+01   -0.797299387732466780E+00
    0.235329518561112181E+02    0.348301102544878383E+01   -0.797299387732466780E+00
    0.244048611861265989E+02    0.356325195883912338E+01   -0.797007704382727944E+00
    0.244048611861265989E+02    0.356325195883912338E+01   -0.797007704382727944E+00
    0.234437615128497718E+02    0.346779510902469656E+01   -0.793519054726547934E+00
    0.234437615128497718E+02    0.346779510902469656E+01   -0.793519054726547934E+00
    0.254704492248131764E+02    0.364971279110515789E+01   -0.792662871275174652E+00
    0.254704492248131764E+02    0.364971279110515789E+01   -0.792662871275174652E+00
    0.210757135812769789E+02    0.323798924872470950E+01   -0.792515273009484655E+00
    0.205275661622821666E+02    0.317354653043248458E+01   -0.790974913784594946E+00
    0.205275661622821666E+02    0.317354653043248458E+01   -0.790974913784594946E+00
    0.244683818651943668E+02    0.355510616043531424E+01   -0.789394172520883064E+00
    0.243347968579557765E+02    0.979574728272963657E+00   -0.786366155248484300E+00
    0.232705339135345639E+02    0.343581664221671446E+01   -0.784905223302872046E+00
    0.232705339135345639E+02    0.343581664221671446E+01   -0.784905223302872046E+00
    0.238845142030609559E+02    0.349116556580079340E+01   -0.784080158131600369E+00
    0.229258295789987478E+02    0.340169989707996345E+01   -0.783730385039756561E+00
    0.229258295789987478E+02    0.340169989707996345E+01   -0.783730385039756561E+00
    0.218390047041346484E+02    0.329991770981204668E+01   -0.783141274937192988E+00
    0.216565169967188993E+02    0.920511651870493885E+00   -0.782788401192404226E+00
    0.224893848416251529E+02    0.335898920723916472E+01   -0.782505822087263159E+00
    0.217751513994605794E+02    0.923027142122422983E+00   -0.782340480990903364E+00
    0.237078500085811612E+02    0.966466170279458581E+00   -0.781846953020441271E+00
    0.206860271866990040E+02    0.893781303794677573E+00   -0.781824033788717454E+00
    0.218149133230421057E+02    0.329257911183620910E+01   -0.780398227253960464E+00
    0.218149133230421057E+02    0.329257911183620910E+01   -0.780398227253960464E+00
    0.229911608851744198E+02    0.340035958975507535E+01   -0.779759442064623665E+00
    0.213881490851415137E+02    0.324897856180541389E+01   -0.779740586382449252E+00
    0.240214046952854119E+02    0.349452462179298040E+01   -0.779073242636934116E+00
    0.240214046952854119E+02    0.349452462179298040E+01   -0.779073242636934116E+00
    0.227825907499198053E+02    0.337942269233386794E+01   -0.778894251028711238E+00
    0.202284660543555077E+02    0.312528458147173360E+01   -0.778733674079444271E+00
    0.234834039540507540E+02    0.963032339596676445E+00   -0.778271618152719169E+00
    0.234834039540507540E+02    0.963032339596676445E+00   -0.778271618152719169E+00
    0.178931605970993530E+02    0.294410484495974423E+01   -0.776687610539984807E+00
    0.178931605970993530E+02    0.294410484495974423E+01   -0.776687610539984807E+00
    0.229298676558246868E+02    0.338851274855490692E+01   -0.776457013050793510E+00
    0.252190027658938831E+02    0.359831657335554755E+01   -0.776263864051894958E+00
    0.244381230360981760E+02    0.988798513938113688E+00   -0.776082726364684783E+00
    0.244381230360981760E+02    0.988798513938113688E+00   -0.776082726364684783E+00
    0.222080966906359087E+02    0.332093528472657562E+01   -0.776077429079655046E+00
    0.224254280109683783E+02    0.333488456401979594E+01   -0.772777171191443957E+00
    0.249198993963437445E+02    0.356506064129801459E+01   -0.772287068775727281E+00
    0.259418618605390812E+02    0.365100832737670444E+01   -0.771035129573247935E+00
    0.259418618605390812E+02    0.365100832737670444E+01   -0.771035129573247935E+00
    0.224196196036427366E+02    0.333089735635231143E+01   -0.770941082518898479E+00
    0.257577529676242527E+02    0.363139774948978600E+01   -0.768993067857381085E+00
    0.257577529676242527E+02    0.363139774948978600E+01   -0.768993067857381085E+00
    0.215462878371342512E+02    0.927351098904095950E+00   -0.768099270896425046E+00
    0.215462878371342512E+02    0.927351098904095950E+00   -0.768099270896425046E+00
    0.241576873899080091E+02    0.988406472216280640E+00   -0.765624313811772872E+00
    0.241576873899080091E+02    0.988406472216280640E+00   -0.765624313811772872E+00
    0.235078245590209427E+02    0.342025557547195547E+01   -0.764864377433626341E+00
    0.245386614651510868E+02    0.998747992798101003E+00   -0.764668586485307111E+00
    0.248357503784822740E+02    0.354173022845130570E+01   -0.764045481193210141E+00
    0.248357503784822740E+02    0.354173022845130570E+01   -0.764045481193210141E+00
    0.239589020924846103E+02    0.345817514823724803E+01   -0.762819533129661331E+00
    0.233091241307353947E+02    0.339782370714702253E+01   -0.762738322713230610E+00
    0.233091241307353947E+02    0.339782370714702253E+01   -0.762738322713230610E+00
    0.212536698124654606E+02    0.320154852814153035E+01   -0.762456985878336879E+00
    0.212536698124654606E+02    0.320154852814153035E+01   -0.762456985878336879E+00
    0.239981440047395616E+02    0.345945793918435029E+01   -0.761578220957460195E+00
    0.229051827725422577E+02    0.335440535089311531E+01   -0.759577914975146373E+00
    0.229051827725422577E+02    0.335440535089311531E+01   -0.759577914975146373E+00
    0.230359507888298722E+02    0.336431115234861400E+01   -0.758415917817440666E+00
    0.248218086624508807E+02    0.101067921855896148E+01   -0.757455341732521159E+00
    0.241273920498614061E+02    0.346241629708684240E+01   -0.756834797009369509E+00
    0.211569494638299744E+02    0.922876103000711101E+00   -0.756827827663477004E+00
    0.217324350790916085E+02    0.324000439904254112E+01   -0.756553937478456673E+00
    0.240012727740323406E+02    0.990745323614415918E+00   -0.755927013056464037E+00
    0.224602290499999278E+02    0.952227778270199998E+00   -0.755777016422327308E+00
    0.224602290499999278E+02    0.952227778270199998E+00   -0.755777016422327308E+00
    0.222933732850856821E+02    0.951334638292318013E+00   -0.752123730900030374E+00
    0.195345577495819462E+02    0.303561795195511719E+01   -0.750420399282811346E+00
    0.227505335607538726E+02    0.332193737422237456E+01   -0.750072788910848831E+00
    0.238409287405775139E+02    0.991318937099845421E+00   -0.748836793963982839E+00
    0.256381347722213739E+02    0.358308406495149301E+01   -0.748520101320360176E+00
    0.237723026301534333E+02    0.341335642221452851E+01   -0.748383579759819839E+00
    0.247796232628034510E+02    0.350435103710291518E+01   -0.747172482005113325E+00
    0.247796232628034510E+02    0.350435103710291518E+01   -0.747172482005113325E+00
    0.246727425384329457E+02    0.101369718492167227E+01   -0.747088259759337125E+00
    0.251209953471688969E+02    0.353569501692379795E+01   -0.747025872148414538E+00
    0.224095696053525977E+02    0.328424721260599695E+01   -0.746894682302352897E+00
    0.223393810721687842E+02    0.327514596857379336E+01   -0.745544138185730065E+00
    0.249302312143322986E+02    0.102137950552795664E+01   -0.745406823186608447E+00
    0.255220520425496424E+02    0.356642799947758560E+01   -0.744975043183707886E+00
    0.239329951409381323E+02    0.342124956951402304E+01   -0.744747684749462957E+00
    0.236700095085303950E+02    0.339082288310249025E+01   -0.741606118194941266E+00
    0.203174068394859866E+02    0.908335496765424577E+00   -0.740617671828028623E+00
    0.227087505053514143E+02    0.329973118895002893E+01   -0.740552517141620625E+00
    0.245497417952718990E+02    0.346906373049485151E+01   -0.739920574622163874E+00
    0.245497417952718990E+02    0.346906373049485151E+01   -0.739920574622163874E+00
    0.239359301870180303E+02    0.340908522895968735E+01   -0.738313882929454768E+00
    0.217002220237404018E+02    0.320112480434836000E+01   -0.737882336600675148E+00
    0.235075075845477102E+02    0.336689012891444817E+01   -0.737023003052788450E+00
    0.235075075845477102E+02    0.336689012891444817E+01   -0.737023003052788450E+00
    0.235208315940219634E+02    0.336591821256630386E+01   -0.735887217018120543E+00
    0.235208315940219634E+02    0.336591821256630386E+01   -0.735887217018120543E+00
    0.258519985313666325E+02    0.357534999020633659E+01   -0.734660327373176658E+00
    0.258519985313666325E+02    0.357534999020633659E+01   -0.734660327373176658E+00
    0.212047704819758209E+02    0.314157760565344990E+01   -0.733950064530766721E+00
    0.228974523806767536E+02    0.978328631288076345E+00   -0.732184143024489087E+00
    0.228974523806767536E+02    0.978328631288076345E+00   -0.732184143024489087E+00
    0.201622180274850678E+02    0.305893459573470761E+01   -0.731754807672122531E+00
    0.219791179603593214E+02    0.321224051004672884E+01   -0.730321015802491091E+00
    0.212993778178942499E+02    0.314180310372988814E+01   -0.728699014554842206E+00
    0.235777771168712711E+02    0.335699365574178099E+01   -0.728607291266630375E+00
    0.235777771168712711E+02    0.335699365574178099E+01   -0.728607291266630375E+00
    0.240026201743634608E+02    0.100923589390417834E+01   -0.728153034405433885E+00
    0.246943801395558786E+02    0.345563359326669195E+01   -0.726155328565334379E+00
    0.263853864483353284E+02    0.360179444336586707E+01   -0.724448214357616194E+00
    0.263853864483353284E+02    0.360179444336586707E+01   -0.724448214357616194E+00
    0.236495409083837735E+02    0.335367271513356924E+01   -0.723527608145368761E+00
    0.267122930229263176E+02    0.362793780373404395E+01   -0.723398424919796446E+00
    0.267122930229263176E+02    0.362793780373404395E+01   -0.723398424919796446E+00
    0.218871888754943456E+02    0.962199733803470014E+00   -0.722669942259925646E+00
    0.218871888754943456E+02    0.962199733803470014E+00   -0.722669942259925646E+00
    0.240425018555920111E+02    0.338784279550769130E+01   -0.722392281811764181E+00
    0.224733491715973486E+02    0.323994395540560287E+01   -0.721110118907400510E+00
    0.205513816389903852E+02    0.307150266600332733E+01   -0.718952801104960848E+00
    0.237147475823865186E+02    0.334930286260105792E+01   -0.718250526701800673E+00
    0.239864082592886341E+02    0.337226188868690713E+01   -0.717134674359820479E+00
    0.218974012106043894E+02    0.317848336763684491E+01   -0.717010500279262275E+00
    0.218974012106043894E+02    0.317848336763684491E+01   -0.717010500279262275E+00
    0.254996845886544321E+02    0.351004892213909336E+01   -0.716429710496604089E+00
    0.246331557426334840E+02    0.342736463789530843E+01   -0.714706749747212711E+00
    0.257062810881942632E+02    0.106944023770136942E+01   -0.713508188009811195E+00
    0.261578973468003326E+02    0.355781949409494036E+01   -0.711826955869945155E+00
    0.261578973468003326E+02    0.355781949409494036E+01   -0.711826955869945155E+00
    0.185569003884276071E+02    0.290930591574363273E+01   -0.711807183381564457E+00
    0.263674182862068847E+02    0.109723437728870499E+01   -0.710169485865855044E+00
    0.227510159130667518E+02    0.989659973921145353E+00   -0.709974076576970869E+00
    0.247889038583813388E+02    0.342816021883730127E+01   -0.707863540271291392E+00
    0.228937690443998925E+02    0.325254709248588192E+01   -0.707842782661528780E+00
    0.251981657167665318E+02    0.105676587374232467E+01   -0.707340901795895038E+00
    0.224117855337896934E+02    0.320334244342992758E+01   -0.705568685393152317E+00
    0.229190623756163809E+02    0.324962147843665683E+01   -0.705211087900806999E+00
    0.229190623756163809E+02    0.324962147843665683E+01   -0.705211087900806999E+00
    0.258866920426215259E+02    0.108465489605229681E+01   -0.704941377195996699E+00
    0.234335056450842956E+02    0.329387133027711565E+01   -0.703511755394857330E+00
    0.221230585631098720E+02    0.317179135582763116E+01   -0.703175338352864276E+00
    0.239565058206568047E+02    0.102529338343101939E+01   -0.702892861374969535E+00
    0.239565058206568047E+02    0.102529338343101939E+01   -0.702892861374969535E+00
    0.232263397659153696E+02    0.327007315065902038E+01   -0.701221307304208175E+00
    0.189939006127346985E+02    0.292719048437619023E+01   -0.700465202224326844E+00
    0.189939006127346985E+02    0.292719048437619023E+01   -0.700465202224326844E+00
    0.252635944154286598E+02    0.345479504782901747E+01   -0.699228495884349766E+00
    0.245787585281035525E+02    0.339019065124371100E+01   -0.698654228256722742E+00
    0.215132284870632979E+02    0.311659430340833810E+01   -0.698456574047402579E+00
    0.216664435196894694E+02    0.312471889686332194E+01   -0.697001152351852449E+00
    0.216664435196894694E+02    0.312471889686332194E+01   -0.697001152351852449E+00
    0.225050034274088127E+02    0.319260146801810540E+01   -0.695948626329831788E+00
    0.225050034274088127E+02    0.319260146801810540E+01   -0.695948626329831788E+00
    0.202133980472461658E+02    0.301387626966298150E+01   -0.695713407168837450E+00
    0.276336008702767941E+02    0.364570690537449016E+01   -0.695056500769639651E+00
    0.276336008702767941E+02    0.364570690537449016E+01   -0.695056500769639651E+00
    0.212132914998587196E+02    0.964274585264148998E+00   -0.694479208684511407E+00
    0.212132914998587196E+02    0.964274585264148998E+00   -0.694479208684511407E+00
    0.246516390236582623E+02    0.338842385324882267E+01   -0.694443710354947674E+00
    0.246516390236582623E+02    0.338842385324882267E+01   -0.694443710354947674E+00
    0.227123270021443915E+02    0.320738722462635995E+01   -0.693767197315089401E+00
    0.257202300667515829E+02    0.109097627781242279E+01   -0.692548116695591021E+00
    0.226743487920788418E+02    0.320137795618956256E+01   -0.692540499039137392E+00
    0.200718753328723842E+02    0.299580822669660884E+01   -0.690493207314539004E+00
    0.200718753328723842E+02    0.299580822669660884E+01   -0.690493207314539004E+00
    0.250537565676868681E+02    0.341350409084932549E+01   -0.688459526973590918E+00
    0.208684543977428376E+02    0.305191885937972263E+01   -0.687052428036098672E+00
    0.208684543977428376E+02    0.305191885937972263E+01   -0.687052428036098672E+00
    0.218704491029960941E+02    0.312370759393266262E+01   -0.686995192410713940E+00
    0.218704491029960941E+02    0.312370759393266262E+01   -0.686995192410713940E+00
    0.211151716645771614E+02    0.306401359630724235E+01   -0.682219863435292839E+00
    0.211151716645771614E+02    0.306401359630724235E+01   -0.682219863435292839E+00
    0.238101735257468228E+02    0.328448308868718675E+01   -0.681716673012771279E+00
    0.207781391425004287E+02    0.960418059516247369E+00   -0.681029556121030444E+00
    0.242476484512410764E+02    0.105088834384108187E+01   -0.678425474991648181E+00
    0.242476484512410764E+02    0.105088834384108187E+01   -0.678425474991648181E+00
    0.249096573434519577E+02    0.107593304995023020E+01   -0.677905263354012133E+00
    0.249096573434519577E+02    0.107593304995023020E+01   -0.677905263354012133E+00
    0.262522257087347555E+02    0.349766885831160579E+01   -0.677341260395724620E+00
    0.262522257087347555E+02    0.349766885831160579E+01   -0.677341260395724620E+00
    0.240782320041315998E+02    0.329979539821450185E+01   -0.677096969918954072E+00
    0.245681001548636289E+02    0.334159924696076960E+01   -0.675366490643353856E+00
    0.245681001548636289E+02    0.334159924696076960E+01   -0.675366490643353856E+00
    0.269767107725808089E+02    0.115667674058783643E+01   -0.673821208931120741E+00
    0.269767107725808089E+02    0.115667674058783643E+01   -0.673821208931120741E+00
    0.248024338124627626E+02    0.335445199842334185E+01   -0.671098692443519718E+00
    0.230501265938420516E+02    0.318972301807788261E+01   -0.669950802399362333E+00
    0.230501265938420516E+02    0.318972301807788261E+01   -0.669950802399362333E+00
    0.238559446448054224E+02    0.326338859324247510E+01   -0.669476537667057281E+00
    0.227360954119244951E+02    0.315439757741199367E+01   -0.666963579168325493E+00
    0.268534145042746886E+02    0.115924623770183377E+01   -0.666954469763739066E+00
    0.268534145042746886E+02    0.115924623770183377E+01   -0.666954469763739066E+00
    0.235356106501228943E+02    0.322759100685051115E+01   -0.666544364742230222E+00
    0.206257248193696441E+02    0.965804325369772787E+00   -0.666382141278996531E+00
    0.206257248193696441E+02    0.965804325369772787E+00   -0.666382141278996531E+00
    0.203950914436778099E+02    0.298646804392443821E+01   -0.666352284194445810E+00
    0.242665196821002525E+02    0.329178059407163115E+01   -0.664860464413905783E+00
    0.213177880232021018E+02    0.987411230089600966E+00   -0.664474185079069746E+00
    0.225620854310658174E+02    0.313335258682685636E+01   -0.662709078233227444E+00
    0.230174910938024766E+02    0.102980038706445653E+01   -0.662597931530634177E+00
    0.241621458263695814E+02    0.327556623669621239E+01   -0.661741893483190347E+00
    0.202692541876993140E+02    0.296968860864803741E+01   -0.661360318848502771E+00
    0.202692541876993140E+02    0.296968860864803741E+01   -0.661360318848502771E+00
    0.225994943549912968E+02    0.102024195414834407E+01   -0.661067606565374777E+00
    0.225994943549912968E+02    0.102024195414834407E+01   -0.661067606565374777E+00
    0.224604083309345519E+02    0.312359160850207784E+01   -0.660564979545794961E+00
    0.243319922936738067E+02    0.328863304975807180E+01   -0.660473636495959582E+00
    0.243319922936738067E+02    0.328863304975807180E+01   -0.660473636495959582E+00
    0.211090885480879535E+02    0.303149520040925147E+01   -0.659865947306246925E+00
    0.211090885480879535E+02    0.303149520040925147E+01   -0.659865947306246925E+00
    0.212409141362119271E+02    0.988746825922218076E+00   -0.659209212681692303E+00
    0.212409141362119271E+02    0.988746825922218076E+00   -0.659209212681692303E+00
    0.230477693456082662E+02    0.316678283523406146E+01   -0.659108977239719396E+00
    0.222889444071362313E+02    0.310829772298323181E+01   -0.657748997456829021E+00
    0.222889444071362313E+02    0.310829772298323181E+01   -0.657748997456829021E+00
    0.226613289201421289E+02    0.313059892322856514E+01   -0.656482377332248013E+00
    0.223050712124945640E+02    0.310452917835690823E+01   -0.654501769392543231E+00
    0.249641196672108023E+02    0.110255422926947722E+01   -0.654338563068938450E+00
    0.232641281267845095E+02    0.104230244546327855E+01   -0.654044260364067154E+00
    0.235741676517030605E+02    0.320245546092999556E+01   -0.652921633760060405E+00
    0.251395117788115989E+02    0.334631117089229413E+01   -0.652374256169683364E+00
    0.218343924198458055E+02    0.307059435688006088E+01   -0.652232886563965719E+00
    0.218343924198458055E+02    0.307059435688006088E+01   -0.652232886563965719E+00
    0.233264212492073746E+02    0.317793032811883336E+01   -0.652181334774535992E+00
    0.233264212492073746E+02    0.317793032811883336E+01   -0.652181334774535992E+00
    0.246545992279218424E+02    0.329770802235465244E+01   -0.650644906768119702E+00
    0.246545992279218424E+02    0.329770802235465244E+01   -0.650644906768119702E+00
    0.213074188668035731E+02    0.303194243270332553E+01   -0.650472245911264846E+00
    0.218932857299993309E+02    0.306819588640512775E+01   -0.648066417073424272E+00
    0.216479221040650671E+02    0.100785800627173039E+01   -0.647241915925416689E+00
    0.216479221040650671E+02    0.100785800627173039E+01   -0.647241915925416689E+00
    0.217823850522903726E+02    0.101054824133115284E+01   -0.647032091118611929E+00
    0.240566191741665953E+02    0.107699067378931845E+01   -0.646780205007164488E+00
    0.221523332128138648E+02    0.308300698211590607E+01   -0.646726320493894669E+00
    0.222944766406163737E+02    0.309164180340401629E+01   -0.646330283884577583E+00
    0.222944766406163737E+02    0.309164180340401629E+01   -0.646330283884577583E+00
    0.253881312813665083E+02    0.335406407776457716E+01   -0.645215172383375446E+00
    0.253881312813665083E+02    0.335406407776457716E+01   -0.645215172383375446E+00
    0.241632425206307495E+02    0.323935633685897928E+01   -0.644641543712908049E+00
    0.189848259103439894E+02    0.932618956292771695E+00   -0.644597584399551282E+00
    0.189848259103439894E+02    0.932618956292771695E+00   -0.644597584399551282E+00
    0.261239484127836441E+02    0.341916361529836710E+01   -0.644515999265356965E+00
    0.197574312881810670E+02    0.956903748565430146E+00   -0.642287278309748300E+00
    0.197574312881810670E+02    0.956903748565430146E+00   -0.642287278309748300E+00
    0.242845055786289947E+02    0.324140571049848836E+01   -0.640370297040981362E+00
    0.229326701337897099E+02    0.312391553723081428E+01   -0.640245359507623069E+00
    0.212866820284831775E+02    0.301397748456762171E+01   -0.639517714835028839E+00
    0.239548051298931668E+02    0.108139451830868860E+01   -0.639159835132709908E+00
    0.220159245735865987E+02    0.306185314883916115E+01   -0.638565003829387856E+00
    0.220159245735865987E+02    0.306185314883916115E+01   -0.638565003829387856E+00
    0.290271896428139300E+02    0.362021335520032617E+01   -0.636214776456025866E+00
    0.248141248116462272E+02    0.328117814429897514E+01   -0.636070910055957506E+00
    0.248141248116462272E+02    0.328117814429897514E+01   -0.636070910055957506E+00
    0.229996295543099869E+02    0.104942152905312702E+01   -0.636019983740886752E+00
    0.229996295543099869E+02    0.104942152905312702E+01   -0.636019983740886752E+00
    0.213242576274527345E+02    0.301140034390268019E+01   -0.636018162075095650E+00
    0.194407355930681689E+02    0.952317581709206773E+00   -0.635569428719159668E+00
    0.194407355930681689E+02    0.952317581709206773E+00   -0.635569428719159668E+00
    0.241398012197690335E+02    0.321576366726506269E+01   -0.634714100776072709E+00
    0.241398012197690335E+02    0.321576366726506269E+01   -0.634714100776072709E+00
    0.243041985785118442E+02    0.323004068383129761E+01   -0.634275064225339524E+00
    0.243041985785118442E+02    0.323004068383129761E+01   -0.634275064225339524E+00
    0.256888184703587861E+02    0.115116792032662518E+01   -0.634000260512369240E+00
    0.213050028028356557E+02    0.300668609637439888E+01   -0.633837341559534972E+00
    0.243861390894932200E+02    0.110402888805117882E+01   -0.632996700022686931E+00
    0.234743080893536025E+02    0.107034820345626347E+01   -0.632925646878980119E+00
    0.232273887686048610E+02    0.313161749263233169E+01   -0.632714054419669991E+00
    0.220751353229219589E+02    0.102800626768856662E+01   -0.632339773231910707E+00
    0.233885977243724277E+02    0.314093782151999790E+01   -0.631962741693231411E+00
    0.230312592478313363E+02    0.105518545973485800E+01   -0.631784479858620407E+00
    0.240801550485782450E+02    0.320298302260041767E+01   -0.631378881997561536E+00
    0.238050920437036950E+02    0.108567806042528581E+01   -0.630090396787372109E+00
    0.197685684691679810E+02    0.288541503398225130E+01   -0.629963606621017580E+00
    0.217828557824873137E+02    0.102292943326387387E+01   -0.629394991148574667E+00
    0.227021687240141681E+02    0.309208365273914598E+01   -0.629159057900958274E+00
    0.253100139169680638E+02    0.331169291086506634E+01   -0.628983750533950614E+00
    0.231847310581469443E+02    0.106590964395050802E+01   -0.627159847524352720E+00
    0.217672015788965787E+02    0.302829354921646399E+01   -0.627146580746954729E+00
    0.238035560291363737E+02    0.108945673185876357E+01   -0.626577557591631806E+00
    0.210186050783998049E+02    0.297338020090696364E+01   -0.625657295103805633E+00
    0.211530193573129424E+02    0.298119911944452287E+01   -0.624399821011178302E+00
    0.246436021831253278E+02    0.323821984913810557E+01   -0.623633967510961007E+00
    0.197663530540450907E+02    0.971011546365540656E+00   -0.622687208321646035E+00
    0.236974948421165230E+02    0.314839927394683183E+01   -0.622648557679561176E+00
    0.236974948421165230E+02    0.314839927394683183E+01   -0.622648557679561176E+00
    0.235705595492174957E+02    0.108658129973751216E+01   -0.621339525083412059E+00
    0.235705595492174957E+02    0.108658129973751216E+01   -0.621339525083412059E+00
    0.221085930346243345E+02    0.304123467429000272E+01   -0.621162208240828240E+00
    0.221085930346243345E+02    0.304123467429000272E+01   -0.621162208240828240E+00
    0.234911347585871013E+02    0.312912214038511260E+01   -0.619951002504700033E+00
    0.234911347585871013E+02    0.312912214038511260E+01   -0.619951002504700033E+00
    0.230975947095705436E+02    0.107117408028888539E+01   -0.619432661778613114E+00
    0.252236514418199960E+02    0.328119390243738707E+01   -0.618758194519398286E+00
    0.252236514418199960E+02    0.328119390243738707E+01   -0.618758194519398286E+00
    0.235585779186670976E+02    0.313164344575311926E+01   -0.618753167623044442E+00
    0.222055831870957761E+02    0.304330972997558291E+01   -0.618437976448566129E+00
    0.221956703706041871E+02    0.304243325829558175E+01   -0.618287994549339803E+00
    0.213330092526726780E+02    0.298309947110965856E+01   -0.617188605893863151E+00
    0.227178293069435533E+02    0.105994601471332972E+01   -0.616872285512894414E+00
    0.247461545240441865E+02    0.323227311864007483E+01   -0.616645856923984770E+00
    0.229453205187383702E+02    0.308825777455778949E+01   -0.616456546582377474E+00
    0.256278498127904442E+02    0.331302187937731274E+01   -0.616225124031474114E+00
    0.244030685746092324E+02    0.319874908544594261E+01   -0.615862868423666332E+00
    0.230460518500780793E+02    0.309266135893834315E+01   -0.615085086422923144E+00
    0.221079895591449933E+02    0.303123965596626377E+01   -0.614753502008266284E+00
    0.221079895591449933E+02    0.303123965596626377E+01   -0.614753502008266284E+00
    0.255801206126711165E+02    0.330498816580254084E+01   -0.614600979641166556E+00
    0.255801206126711165E+02    0.330498816580254084E+01   -0.614600979641166556E+00
    0.217071524040612154E+02    0.103257903051965583E+01   -0.613917127730836065E+00
    0.217071524040612154E+02    0.103257903051965583E+01   -0.613917127730836065E+00
    0.212207495920671256E+02    0.296918578899142682E+01   -0.613489003436019864E+00
    0.212207495920671256E+02    0.296918578899142682E+01   -0.613489003436019864E+00
    0.242120563479621183E+02    0.111968423548904639E+01   -0.612893340997047620E+00
    0.242120563479621183E+02    0.111968423548904639E+01   -0.612893340997047620E+00
    0.243719735383058236E+02    0.318817160753630890E+01   -0.612407626350087164E+00
    0.225674479266948040E+02    0.305686598683997568E+01   -0.612062773337183619E+00
    0.210107628397468105E+02    0.101609225171070228E+01   -0.610806396602164736E+00
    0.210107628397468105E+02    0.101609225171070228E+01   -0.610806396602164736E+00
    0.223955377763879007E+02    0.304282865814151515E+01   -0.610227655134954583E+00
    0.263749901075735060E+02    0.120288135299775290E+01   -0.610095394720894024E+00
    0.224680167463215845E+02    0.105872618653756079E+01   -0.609658042206845829E+00
    0.224680167463215845E+02    0.105872618653756079E+01   -0.609658042206845829E+00
    0.237049675086365923E+02    0.312684943350404643E+01   -0.609593634465601775E+00
    0.249925720964384048E+02    0.115319587444601002E+01   -0.608759228455926227E+00
    0.202113630981886914E+02    0.288716589903580978E+01   -0.608740449209074885E+00
    0.253730041546405403E+02    0.327110305034974758E+01   -0.608027136127056389E+00
    0.204838731737128192E+02    0.290683778979466734E+01   -0.607980966226908892E+00
    0.236793138797102678E+02    0.110647150624873802E+01   -0.607068164311451941E+00
    0.236793138797102678E+02    0.110647150624873802E+01   -0.607068164311451941E+00
    0.263980476754470708E+02    0.120797871340725815E+01   -0.606307155926062769E+00
    0.215646319500931618E+02    0.298072696345575361E+01   -0.605048107731747664E+00
    0.225569707743656487E+02    0.304206099547146502E+01   -0.603091703458437545E+00
    0.237979268025443389E+02    0.111534048958469612E+01   -0.603087425817268930E+00
    0.228731845224777679E+02    0.108205914126939140E+01   -0.602241583122855029E+00
    0.247625753761235110E+02    0.319777454475766065E+01   -0.600591802489592097E+00
    0.212812352848377735E+02    0.103226307434414033E+01   -0.599549502573063831E+00
    0.223517578526510619E+02    0.302110075405271816E+01   -0.598285361317699049E+00
    0.238922399837306578E+02    0.112483977534042934E+01   -0.597779373394610958E+00
    0.238922399837306578E+02    0.112483977534042934E+01   -0.597779373394610958E+00
    0.237954712144934604E+02    0.112315652528438181E+01   -0.596109042551958734E+00
    0.241695803372407028E+02    0.113701123772436707E+01   -0.596105143836885620E+00
    0.196092149874464994E+02    0.282069767645915492E+01   -0.595536584757627829E+00
    0.196092149874464994E+02    0.282069767645915492E+01   -0.595536584757627829E+00
    0.195713346622456541E+02    0.281663635087460973E+01   -0.594790566242782481E+00
    0.195713346622456541E+02    0.281663635087460973E+01   -0.594790566242782481E+00
    0.261331825007184655E+02    0.330815100788356675E+01   -0.593305998037743865E+00
    0.261331825007184655E+02    0.330815100788356675E+01   -0.593305998037743865E+00
    0.232999475630750901E+02    0.307265010853848697E+01   -0.592030180894993818E+00
    0.232999475630750901E+02    0.307265010853848697E+01   -0.592030180894993818E+00
    0.249860314331213580E+02    0.117273721517100515E+01   -0.591290084239037284E+00
    0.238625756203810013E+02    0.310763996973021372E+01   -0.591073244867046710E+00
    0.213657176082886266E+02    0.294335603118667821E+01   -0.590572139680080710E+00
    0.254661114255915386E+02    0.323849042771932361E+01   -0.589881014518203073E+00
    0.219553556761436752E+02    0.106224493055771196E+01   -0.589799757247308043E+00
    0.229259326670304340E+02    0.304467873075731710E+01   -0.589739494414585730E+00
    0.203361441776897180E+02    0.101281882766801745E+01   -0.588380413438101213E+00
    0.234486788808482167E+02    0.112077470596560569E+01   -0.586979998660896896E+00
    0.234486788808482167E+02    0.112077470596560569E+01   -0.586979998660896896E+00
    0.240305679288878551E+02    0.114292052919524956E+01   -0.586456954342045811E+00
    0.254810963413153075E+02    0.322935268622825644E+01   -0.585319954324872271E+00
    0.222358857674895845E+02    0.299115099323616729E+01   -0.584348511389980452E+00
    0.222358857674895845E+02    0.299115099323616729E+01   -0.584348511389980452E+00
    0.233945872989450514E+02    0.112427625280315091E+01   -0.582220680277009350E+00
    0.233945872989450514E+02    0.112427625280315091E+01   -0.582220680277009350E+00
    0.218505420296538446E+02    0.296226359634053971E+01   -0.581971282804500722E+00
    0.223798346289268402E+02    0.299601461036778272E+01   -0.581594824806880184E+00
    0.211114083814311222E+02    0.290749059509981045E+01   -0.579843958543085680E+00
    0.216090971290853133E+02    0.294240328359638204E+01   -0.579408968157489435E+00
    0.248895758279879153E+02    0.118433248114163203E+01   -0.578174172055305080E+00
    0.248895758279879153E+02    0.118433248114163203E+01   -0.578174172055305080E+00
    0.224375953761941851E+02    0.299316264300186052E+01   -0.577558243816248429E+00
    0.187024087612516041E+02    0.272171688900515507E+01   -0.576786396624147879E+00
    0.235005606520145243E+02    0.305925627858437954E+01   -0.575780043908653894E+00
    0.235591213451511905E+02    0.306214161375570093E+01   -0.575222759237593251E+00
    0.235591213451511905E+02    0.306214161375570093E+01   -0.575222759237593251E+00
    0.248560513484252006E+02    0.314370531235464146E+01   -0.573437068767563174E+00
    0.248609342617779419E+02    0.118893003995734103E+01   -0.573342522520783882E+00
    0.242154866881761563E+02    0.116525320751651207E+01   -0.573156227887087644E+00
    0.255053667896757013E+02    0.121339641824737665E+01   -0.572825140327435256E+00
    0.208022273138612697E+02    0.287231222450038359E+01   -0.572094659926721150E+00
    0.226472556357071895E+02    0.299714624156491416E+01   -0.571712434495830646E+00
    0.226472556357071895E+02    0.299714624156491416E+01   -0.571712434495830646E+00
    0.249681014996659307E+02    0.314939906699670624E+01   -0.571449137915259087E+00
    0.222802502344526374E+02    0.297205394787008936E+01   -0.570948603563113832E+00
    0.250300431217025476E+02    0.119839627384726777E+01   -0.570619965975633470E+00
    0.250300431217025476E+02    0.119839627384726777E+01   -0.570619965975633470E+00
    0.220044202084468239E+02    0.108717045188210726E+01   -0.569951610872698300E+00
    0.254252855371324635E+02    0.121502243323924652E+01   -0.568932208674741480E+00
    0.254252855371324635E+02    0.121502243323924652E+01   -0.568932208674741480E+00
    0.215851349250878570E+02    0.107298273358928298E+01   -0.568657212042604332E+00
    0.237750699444804496E+02    0.306517284333221207E+01   -0.568577106218752459E+00
    0.246311667889407815E+02    0.312074462543377207E+01   -0.568570413102564287E+00
    0.237374767080194253E+02    0.306146115579929612E+01   -0.567812663250132355E+00
    0.208043642600738217E+02    0.286486632970159194E+01   -0.567512027418222043E+00
    0.220489986791784887E+02    0.295043350145376193E+01   -0.566970595691453694E+00
    0.230994328495303307E+02    0.301860363819971944E+01   -0.566952401645225756E+00
    0.223397447838335239E+02    0.110475923005385002E+01   -0.565583620225916239E+00
    0.224790192090798513E+02    0.297579650013173724E+01   -0.565437362203231486E+00
    0.224790192090798513E+02    0.297579650013173724E+01   -0.565437362203231486E+00
    0.248928622390637138E+02    0.313225200558471650E+01   -0.565278296860298624E+00
    0.248928622390637138E+02    0.313225200558471650E+01   -0.565278296860298624E+00
    0.213884470335938772E+02    0.290157665555907229E+01   -0.564108104605819061E+00
    0.249916897908810753E+02    0.313645135590453616E+01   -0.563951704995532266E+00
    0.235457960099181918E+02    0.304198226621603540E+01   -0.563597295233034812E+00
    0.236659297376442197E+02    0.304817255756122973E+01   -0.562636395942985423E+00
    0.225063467246175861E+02    0.297036262212394098E+01   -0.561132938212408727E+00
    0.225063467246175861E+02    0.297036262212394098E+01   -0.561132938212408727E+00
    0.215480494787545638E+02    0.108190126927213770E+01   -0.559871474013670101E+00
    0.193786969168134675E+02    0.274484087633750518E+01   -0.559165958854800915E+00
    0.193786969168134675E+02    0.274484087633750518E+01   -0.559165958854800915E+00
    0.220975945689447144E+02    0.110405359146671866E+01   -0.558669321746677161E+00
    0.208818898834463020E+02    0.105509250530389265E+01   -0.557420625117332369E+00
    0.218078257179541133E+02    0.109696832928363808E+01   -0.555630739905227156E+00
    0.218078257179541133E+02    0.109696832928363808E+01   -0.555630739905227156E+00
    0.226945993164197510E+02    0.297082954932291221E+01   -0.554171865895133675E+00
    0.229587392322431576E+02    0.298666854734143561E+01   -0.553400351799370083E+00
    0.237732197580426963E+02    0.117273035686730642E+01   -0.553160691626797707E+00
    0.261859713948439747E+02    0.321655781826181286E+01   -0.552377443612396268E+00
    0.221162124959855184E+02    0.292780808049672014E+01   -0.550958181133144875E+00
    0.221162124959855184E+02    0.292780808049672014E+01   -0.550958181133144875E+00
    0.221077635227779083E+02    0.292658698917864868E+01   -0.550564090176925314E+00
    0.244807829718576357E+02    0.307922868231105085E+01   -0.549727602972663210E+00
    0.236904464889661526E+02    0.117389170503892748E+01   -0.549679771587811117E+00
    0.224844015770666843E+02    0.112950529395233867E+01   -0.549463084336703322E+00
    0.255684499751852563E+02    0.315059935884263087E+01   -0.548785465562556585E+00
    0.255684499751852563E+02    0.315059935884263087E+01   -0.548785465562556585E+00
    0.228766398319331401E+02    0.114557699620310860E+01   -0.548191180662463196E+00
    0.251207589660911701E+02    0.122886648817758504E+01   -0.548020983287087593E+00
    0.243345229368204912E+02    0.120108252423135498E+01   -0.546936911166458484E+00
    0.234379461360583434E+02    0.300659828287170505E+01   -0.546853688313018949E+00
    0.224845446047972679E+02    0.113404962833351308E+01   -0.545746096189753560E+00
    0.236248031668853784E+02    0.301567653548802950E+01   -0.545077583882831118E+00
    0.236248031668853784E+02    0.301567653548802950E+01   -0.545077583882831118E+00
    0.248152455319865837E+02    0.308806240051626935E+01   -0.542235105219196156E+00
    0.248152455319865837E+02    0.308806240051626935E+01   -0.542235105219196156E+00
    0.211562051895901284E+02    0.284669867632864637E+01   -0.541756227195873130E+00
    0.214434839667284933E+02    0.286696474664226875E+01   -0.541419497968699259E+00
    0.242881550445702210E+02    0.305188494289100909E+01   -0.541105303336219423E+00
    0.247532002783957132E+02    0.307952128203534548E+01   -0.539631013387726011E+00
    0.247532002783957132E+02    0.307952128203534548E+01   -0.539631013387726011E+00
    0.218510232911917193E+02    0.111929930650869047E+01   -0.538540657040760595E+00
    0.246593551309795664E+02    0.306693918384490161E+01   -0.535905333858026411E+00
    0.207407248571104788E+02    0.280609888643554495E+01   -0.535748926359994382E+00
    0.207407248571104788E+02    0.280609888643554495E+01   -0.535748926359994382E+00
    0.229965629511349903E+02    0.116564615927713788E+01   -0.535507941631652717E+00
    0.229986630597827215E+02    0.116603677759133539E+01   -0.535256647446826106E+00
    0.224633119030154198E+02    0.292078779423182855E+01   -0.533864449864779989E+00
    0.240703990525675167E+02    0.120758725088705843E+01   -0.533754679371206353E+00
    0.200550644666550397E+02    0.275014703251479897E+01   -0.532216227556697508E+00
    0.223504065961803313E+02    0.114612007687701700E+01   -0.531986502058407806E+00
    0.223504065961803313E+02    0.114612007687701700E+01   -0.531986502058407806E+00
    0.240736001362279524E+02    0.301993295523079475E+01   -0.530788762144719928E+00
    0.240736001362279524E+02    0.301993295523079475E+01   -0.530788762144719928E+00
    0.216378036939382419E+02    0.286151595154050709E+01   -0.530635166254530999E+00
    0.216378036939382419E+02    0.286151595154050709E+01   -0.530635166254530999E+00
    0.232417629274168007E+02    0.296521689554652434E+01   -0.530386838093808044E+00
    0.221252653641241821E+02    0.289193866415963896E+01   -0.529939640307496518E+00
    0.221252653641241821E+02    0.289193866415963896E+01   -0.529939640307496518E+00
    0.231945490789337079E+02    0.118028322838430766E+01   -0.529665438706216407E+00
    0.186308813128174293E+02    0.263602981411758641E+01   -0.528492452832369453E+00
    0.223591700926495349E+02    0.290328908749561609E+01   -0.527768876826549271E+00
    0.186011648334138222E+02    0.263229244619041980E+01   -0.527643613150359458E+00
    0.225203981179337056E+02    0.291176182051788723E+01   -0.526642928486116713E+00
    0.249128771921514307E+02    0.306417537988874322E+01   -0.524998600492165735E+00
    0.203272116025722838E+02    0.275693057487098203E+01   -0.524882074534002929E+00
    0.201817094344938184E+02    0.274623800677704599E+01   -0.524807379783322814E+00
    0.235030181307991910E+02    0.119915403853790470E+01   -0.523765529147562359E+00
    0.235030181307991910E+02    0.119915403853790470E+01   -0.523765529147562359E+00
    0.202256512171720431E+02    0.106806785938217352E+01   -0.522848158887771808E+00
    0.205984889238926030E+02    0.108613037958238867E+01   -0.521722934536004490E+00
    0.225014728489727744E+02    0.116487009915603812E+01   -0.521566963311492104E+00
    0.253180788220524207E+02    0.308287945213512682E+01   -0.520738335893419668E+00
    0.252261567119206909E+02    0.126707839964678382E+01   -0.520519816689875348E+00
    0.211560193363792770E+02    0.111425410454295837E+01   -0.519163520437231685E+00
    0.203146348037674933E+02    0.107676573473891768E+01   -0.519102284111552459E+00
    0.220042960090171213E+02    0.286278624139095461E+01   -0.517985498291112956E+00
    0.220042960090171213E+02    0.286278624139095461E+01   -0.517985498291112956E+00
    0.223983076975369677E+02    0.116585592478951061E+01   -0.517806568556898217E+00
    0.223983076975369677E+02    0.116585592478951061E+01   -0.517806568556898217E+00
    0.205903948374430676E+02    0.109079286623236738E+01   -0.517748468494009462E+00
    0.208623183778718087E+02    0.110381164453736624E+01   -0.517056604780673390E+00
    0.239877809943709508E+02    0.298836697184078703E+01   -0.516210739025527832E+00
    0.235784718547955343E+02    0.121208085384201647E+01   -0.515834110350560593E+00
    0.230161999850462990E+02    0.292301554041099765E+01   -0.514954288096660107E+00
    0.217943453816493786E+02    0.114666246518432358E+01   -0.514891682911246873E+00
    0.263332852502386849E+02    0.131592708194325936E+01   -0.514391857405445463E+00
    0.224184028249755656E+02    0.117113421584775601E+01   -0.514280215778950001E+00
    0.224184028249755656E+02    0.117113421584775601E+01   -0.514280215778950001E+00
    0.231427377941481680E+02    0.292938053912948915E+01   -0.513932271318339629E+00
    0.263095949974450605E+02    0.313409009648192782E+01   -0.513434968526099267E+00
    0.246205370492198483E+02    0.302411974626995095E+01   -0.513265935277206320E+00
    0.246205370492198483E+02    0.302411974626995095E+01   -0.513265935277206320E+00
    0.202556454715300731E+02    0.273079498967921541E+01   -0.513225247690517694E+00
    0.234960010870455100E+02    0.121269880875255809E+01   -0.512987059893931341E+00
    0.255703703791153245E+02    0.308490860184740789E+01   -0.512781149851918028E+00
    0.223252007787061224E+02    0.287196976869552323E+01   -0.511547260851738961E+00
    0.226649534317430934E+02    0.118540266970180141E+01   -0.510308233666594613E+00
    0.236858791492111891E+02    0.295695335271365378E+01   -0.509704095589367023E+00
    0.236858791492111891E+02    0.295695335271365378E+01   -0.509704095589367023E+00
    0.223510570562193394E+02    0.286985152430735901E+01   -0.509464668263796105E+00
    0.239209765006038424E+02    0.123364974024208207E+01   -0.508964998741741059E+00
    0.239209765006038424E+02    0.123364974024208207E+01   -0.508964998741741059E+00
    0.252020180046037758E+02    0.128165521775734015E+01   -0.508520608403145502E+00
    0.237076207193077018E+02    0.295605875399219142E+01   -0.508442368760025687E+00
    0.237076207193077018E+02    0.295605875399219142E+01   -0.508442368760025687E+00
    0.245151862523106026E+02    0.300809831615124779E+01   -0.508227964959570344E+00
    0.233534368669748851E+02    0.121435919130202108E+01   -0.507644599526224094E+00
    0.219720787966907132E+02    0.284089170934397384E+01   -0.507085779113972124E+00
    0.250051799172486007E+02    0.303674850586289402E+01   -0.506502636463317168E+00
    0.198473764790244012E+02    0.268827138704430313E+01   -0.506163373109212889E+00
    0.241194770550692859E+02    0.124484728128448374E+01   -0.506016323508527655E+00
    0.201471347298536720E+02    0.270563513592846405E+01   -0.503778533949403196E+00
    0.225917822953304466E+02    0.119166318939992388E+01   -0.503443811012075138E+00
    0.245637690809047307E+02    0.300191061009997417E+01   -0.503147602682443740E+00
    0.258921258720319543E+02    0.131450946297888471E+01   -0.502941334408644969E+00
    0.229084257962605626E+02    0.120437590846807829E+01   -0.502691337294552953E+00
    0.229084257962605626E+02    0.120437590846807829E+01   -0.502691337294552953E+00
    0.240180982423120284E+02    0.124561780675626332E+01   -0.502570127759542351E+00
    0.228563770951459233E+02    0.120316288696464535E+01   -0.502149299828043016E+00
    0.226010019043573855E+02    0.287123217301079814E+01   -0.501394285701823872E+00
    0.237260917698104166E+02    0.294329560537746726E+01   -0.500863483697279399E+00
    0.210454971684859409E+02    0.276337294612098150E+01   -0.499750134981927441E+00
    0.241134587975050358E+02    0.125303783329759577E+01   -0.499624101408582710E+00
    0.235327526038265802E+02    0.123176205395279981E+01   -0.499455573873392344E+00
    0.250095487845807298E+02    0.302325847142063964E+01   -0.499051371741590644E+00
    0.250095487845807298E+02    0.302325847142063964E+01   -0.499051371741590644E+00
    0.260670830071332773E+02    0.309105911536460454E+01   -0.498589039734113948E+00
    0.231870476513126640E+02    0.122033975169429643E+01   -0.498417171237654610E+00
    0.231870476513126640E+02    0.122033975169429643E+01   -0.498417171237654610E+00
    0.237613581588552556E+02    0.124189203087503208E+01   -0.498198526028506006E+00
    0.237613581588552556E+02    0.124189203087503208E+01   -0.498198526028506006E+00
    0.227832461895782430E+02    0.120569142639827831E+01   -0.498190183279243581E+00
    0.228804342704945327E+02    0.121040017671318845E+01   -0.497354053106877969E+00
    0.246550558698684554E+02    0.299445507651915932E+01   -0.495950309764355501E+00
    0.244766833608544019E+02    0.127172260147040439E+01   -0.495682077993910397E+00
    0.220542180795969038E+02    0.282484201776824895E+01   -0.495549113208753389E+00
    0.268737498626199738E+02    0.313652610083313466E+01   -0.494893574720245977E+00
    0.207968339608985175E+02    0.273487303524629555E+01   -0.494154794701620936E+00
    0.207968339608985175E+02    0.273487303524629555E+01   -0.494154794701620936E+00
    0.236343427265007868E+02    0.292469818305875418E+01   -0.494090948516174744E+00
    0.236343427265007868E+02    0.292469818305875418E+01   -0.494090948516174744E+00
    0.210039269537466744E+02    0.274854495014070510E+01   -0.493432315364596086E+00
    0.214189507486355666E+02    0.277378936179269209E+01   -0.490845833416775124E+00
    0.232971799824268793E+02    0.289577687782783677E+01   -0.490360581371930171E+00
    0.213648947723072489E+02    0.276831696805145411E+01   -0.490026545827492943E+00
    0.229858014316531083E+02    0.287458845580359634E+01   -0.489846976468313433E+00
    0.233834830020848372E+02    0.289869698550436405E+01   -0.488943806712178963E+00
    0.240787008370323328E+02    0.294153770326032582E+01   -0.487733992735300381E+00
    0.259914716463467848E+02    0.306386732338303380E+01   -0.486756975363022870E+00
    0.256679634952403184E+02    0.132899296864468219E+01   -0.485898224672429380E+00
    0.258189914045044588E+02    0.133608942829833133E+01   -0.484791330430701994E+00
    0.261337372283295970E+02    0.134787650051522379E+01   -0.484692495678415658E+00
    0.226310185854033890E+02    0.121835224121493058E+01   -0.484579798970670939E+00
    0.237915980898261914E+02    0.126160911102274120E+01   -0.484366974118374816E+00
    0.223819225262900332E+02    0.121002060884518681E+01   -0.483850268126212013E+00
    0.257722691466547467E+02    0.133565000206662088E+01   -0.483844267475729395E+00
    0.257722691466547467E+02    0.133565000206662088E+01   -0.483844267475729395E+00
    0.216881503397877395E+02    0.277721641336775438E+01   -0.482961877482357416E+00
    0.223640919779516842E+02    0.282027704591617523E+01   -0.482531728662628168E+00
    0.220070880035199039E+02    0.119770262617351708E+01   -0.482263330894564302E+00
    0.220070880035199039E+02    0.119770262617351708E+01   -0.482263330894564302E+00
    0.233673892451110277E+02    0.288486343145545776E+01   -0.482243446364970851E+00
    0.195162265785006994E+02    0.108968678479854830E+01   -0.481976079727025608E+00
    0.261872569156111368E+02    0.135394408755687579E+01   -0.481699878674067272E+00
    0.241996510271613730E+02    0.128053788130705248E+01   -0.481569201442730299E+00
    0.220477780813294792E+02    0.279530107696497554E+01   -0.480224911599390292E+00
    0.205703617677200015E+02    0.113939717277199026E+01   -0.480025781231744442E+00
    0.264881446189478638E+02    0.136763566982661455E+01   -0.479839600437904412E+00
    0.264881446189478638E+02    0.136763566982661455E+01   -0.479839600437904412E+00
    0.239396748029919131E+02    0.291638754462597483E+01   -0.479320039353016036E+00
    0.234740418065310230E+02    0.288507958007540433E+01   -0.478763278584623975E+00
    0.211712877292780703E+02    0.116804347369725603E+01   -0.478691158259646032E+00
    0.211712877292780703E+02    0.116804347369725603E+01   -0.478691158259646032E+00
    0.205555559820777063E+02    0.268765350073169174E+01   -0.478567792794881486E+00
    0.256448716220106583E+02    0.134009674791054634E+01   -0.477168594190722661E+00
    0.251498512512928691E+02    0.132274694945680626E+01   -0.476462090756805567E+00
    0.251498512512928691E+02    0.132274694945680626E+01   -0.476462090756805567E+00
    0.246993016691284879E+02    0.130656248900276917E+01   -0.476103891457887451E+00
    0.258324625067716305E+02    0.134943307619959452E+01   -0.475440838239947650E+00
    0.258324625067716305E+02    0.134943307619959452E+01   -0.475440838239947650E+00
    0.193032015973198945E+02    0.109015479070536236E+01   -0.474658921549868107E+00
    0.242578338062268770E+02    0.292648591274460301E+01   -0.473884703972930865E+00
    0.240752136949703690E+02    0.128680947435368420E+01   -0.473688883304550223E+00
    0.228852868847522863E+02    0.124333494684493973E+01   -0.473272942425281062E+00
    0.191121972668352029E+02    0.257256799196596564E+01   -0.473254775335852584E+00
    0.191121972668352029E+02    0.257256799196596564E+01   -0.473254775335852584E+00
    0.241126597231832065E+02    0.291433258510790605E+01   -0.472490059990681055E+00
    0.228082579837607788E+02    0.124336184253935667E+01   -0.471210028080977006E+00
    0.250946368626056220E+02    0.297243170914048349E+01   -0.469610455091466483E+00
    0.246406840875157904E+02    0.294282617603193186E+01   -0.469543350713588048E+00
    0.243018749009889774E+02    0.292061761863592251E+01   -0.469436255822667681E+00
    0.234103704486030679E+02    0.126813868521898820E+01   -0.469435860997068799E+00
    0.256115983803613680E+02    0.300389888936515748E+01   -0.468547225420269942E+00
    0.254863011237960073E+02    0.134734590299627754E+01   -0.467762808550426512E+00
    0.254863011237960073E+02    0.134734590299627754E+01   -0.467762808550426512E+00
    0.207401761874246020E+02    0.267967497721477255E+01   -0.467640615098394496E+00
    0.260238524648805303E+02    0.302872048829464013E+01   -0.467563466610803447E+00
    0.261782320789999652E+02    0.303845665579293778E+01   -0.467418390505176196E+00
    0.230992098414948650E+02    0.125949897330767158E+01   -0.467388027177081777E+00
    0.259376933130478839E+02    0.136566054355082489E+01   -0.466625748442441535E+00
    0.201620002619987702E+02    0.263566447572056228E+01   -0.466605470905601116E+00
    0.248684226241365742E+02    0.295120080196920576E+01   -0.466300372847723410E+00
    0.248684226241365742E+02    0.295120080196920576E+01   -0.466300372847723410E+00
    0.260894794419063629E+02    0.303039909128450002E+01   -0.466260051553469834E+00
    0.242784094234743009E+02    0.291051272442931941E+01   -0.465101626959297021E+00
    0.250354784978952694E+02    0.133619054364423007E+01   -0.463848456084432870E+00
    0.222038686680544330E+02    0.277227589722364254E+01   -0.463322184213618038E+00
    0.269659341374801755E+02    0.140877304537755066E+01   -0.463065098615812687E+00
    0.265302563794985531E+02    0.305247369856810602E+01   -0.462973107115818960E+00
    0.230924732900669909E+02    0.126564656385658436E+01   -0.462870468970773552E+00
    0.221438875366467052E+02    0.276660071314762890E+01   -0.462430849593548632E+00
    0.221438875366467052E+02    0.276660071314762890E+01   -0.462430849593548632E+00
    0.219728522645373090E+02    0.275528233939961709E+01   -0.462323980297499215E+00
    0.219728522645373090E+02    0.275528233939961709E+01   -0.462323980297499215E+00
    0.233293905519331410E+02    0.284282695279008468E+01   -0.462059129393020351E+00
    0.217317622848904257E+02    0.121556236031315645E+01   -0.461647234705465703E+00
    0.217317622848904257E+02    0.121556236031315645E+01   -0.461647234705465703E+00
    0.257493894334480338E+02    0.299805829281859282E+01   -0.461116042727167830E+00
    0.237208527788971821E+02    0.286348403654762462E+01   -0.459687305125453749E+00
    0.240659927127025348E+02    0.288413756609058769E+01   -0.458815646134434929E+00
    0.230095959208455660E+02    0.281535072974789324E+01   -0.458716778794461155E+00
    0.209446652537396893E+02    0.118573354743719905E+01   -0.458696776393590022E+00
    0.209446652537396893E+02    0.118573354743719905E+01   -0.458696776393590022E+00
    0.225800117011851142E+02    0.278693522925943027E+01   -0.458456728397300117E+00
    0.228707966560778289E+02    0.126454566370648624E+01   -0.457902183516756933E+00
    0.225777612349974497E+02    0.125492083220659456E+01   -0.456910881061190266E+00
    0.225777612349974497E+02    0.125492083220659456E+01   -0.456910881061190266E+00
    0.209061929760606660E+02    0.267004661560954570E+01   -0.456806768086894743E+00
    0.239484993509825053E+02    0.130663261581687329E+01   -0.456382845861587283E+00
    0.233045781610894345E+02    0.282844203080913159E+01   -0.455719766314342301E+00
    0.220896338427026109E+02    0.274887414290787246E+01   -0.455381530824619796E+00
    0.245085647308703898E+02    0.290524061274073064E+01   -0.455044305663976689E+00
    0.236201913809589321E+02    0.284753638409509913E+01   -0.455031636153940600E+00
    0.221108244149520416E+02    0.274938830427609382E+01   -0.454957330348473077E+00
    0.221108244149520416E+02    0.274938830427609382E+01   -0.454957330348473077E+00
    0.249301442707760295E+02    0.293187795086210379E+01   -0.454683135778124470E+00
    0.249301442707760295E+02    0.293187795086210379E+01   -0.454683135778124470E+00
    0.222421826785398089E+02    0.124580493988370145E+01   -0.454230782723109128E+00
    0.238303159817924310E+02    0.285906361302537171E+01   -0.453991746388212936E+00
    0.224003130502933629E+02    0.276418152344834223E+01   -0.452992203381613834E+00
    0.221583332958142378E+02    0.124568858560599671E+01   -0.452060848277470617E+00
    0.221583332958142378E+02    0.124568858560599671E+01   -0.452060848277470617E+00
    0.213149027331674255E+02    0.269001693975190292E+01   -0.452043416173347867E+00
    0.248461859083962757E+02    0.291959415557138025E+01   -0.451335233645399347E+00
    0.232161682074850297E+02    0.128728081946558914E+01   -0.451034708585133282E+00
    0.272727720537087137E+02    0.143766663408071826E+01   -0.450896231096414579E+00
    0.239633933110154835E+02    0.286089537607339217E+01   -0.450660772319444569E+00
    0.217836403631987530E+02    0.123328475052763764E+01   -0.450638200925079335E+00
    0.217836403631987530E+02    0.123328475052763764E+01   -0.450638200925079335E+00
    0.223282365717327416E+02    0.275207839381019204E+01   -0.449369500248324505E+00
    0.222709147759592376E+02    0.125416473585534938E+01   -0.449201598875436647E+00
    0.224103373390397458E+02    0.125969983804695884E+01   -0.449094160049366642E+00
    0.208664097458739732E+02    0.119648495205569594E+01   -0.448773137940296940E+00
    0.208664097458739732E+02    0.119648495205569594E+01   -0.448773137940296940E+00
    0.219213408865831916E+02    0.272440347291187557E+01   -0.448759042388215512E+00
    0.219213408865831916E+02    0.272440347291187557E+01   -0.448759042388215512E+00
    0.226799089350527225E+02    0.277295481249270281E+01   -0.448419690068518118E+00
    0.226799089350527225E+02    0.277295481249270281E+01   -0.448419690068518118E+00
    0.220916483561765027E+02    0.124881919574791711E+01   -0.448119352440693730E+00
    0.220916483561765027E+02    0.124881919574791711E+01   -0.448119352440693730E+00
    0.208754716751825065E+02    0.264990626720830047E+01   -0.448042474243000921E+00
    0.208754716751825065E+02    0.264990626720830047E+01   -0.448042474243000921E+00
    0.257848773060023504E+02    0.297373486794212383E+01   -0.448025563209522137E+00
    0.247256933202706541E+02    0.290486757086866199E+01   -0.447977704966839085E+00
    0.224051129322794580E+02    0.126120247998970147E+01   -0.447920587574794249E+00
    0.232114622407157860E+02    0.280583060453487620E+01   -0.447627010422302074E+00
    0.216942922847077355E+02    0.270708528598242726E+01   -0.447510049638084051E+00
    0.235383705172610966E+02    0.282650268777035363E+01   -0.447359480143582955E+00
    0.238621475488977097E+02    0.131738698827720402E+01   -0.446813426418381676E+00
    0.237105294230731154E+02    0.131181465027504141E+01   -0.446785690380510414E+00
    0.263060928841985735E+02    0.141063904444118848E+01   -0.444936032519556268E+00
    0.219666083505350898E+02    0.271905366909830759E+01   -0.444753955057549333E+00
    0.216381662609498164E+02    0.269615991301716473E+01   -0.443999751402413267E+00
    0.226596881563282118E+02    0.276213583346700320E+01   -0.443832989777904530E+00
    0.247605528090982148E+02    0.289801927927210912E+01   -0.443584813424339086E+00
    0.222584695989360242E+02    0.273520139826180975E+01   -0.443408436725544586E+00
    0.258912903002018453E+02    0.296928703254609605E+01   -0.442556343186250700E+00
    0.225556627697315726E+02    0.275250953351603167E+01   -0.442456473462597477E+00
    0.229501659458450611E+02    0.129053250823054411E+01   -0.442149565598591421E+00
    0.218300911819216772E+02    0.124949772964436012E+01   -0.440770920801814792E+00
    0.235832515207934001E+02    0.281440669647082231E+01   -0.440156373483290231E+00
    0.221602956853702615E+02    0.272151760032361745E+01   -0.439917367880839572E+00
    0.221602956853702615E+02    0.272151760032361745E+01   -0.439917367880839572E+00
    0.245250330560347400E+02    0.287369987424768025E+01   -0.439275446879344111E+00
    0.213254858836847276E+02    0.123118711619966370E+01   -0.439092390528995735E+00
    0.250660737013096195E+02    0.290619740712765884E+01   -0.438028145448291051E+00
    0.208564746094992728E+02    0.121223740293305005E+01   -0.437753036360902792E+00
    0.238079699547564694E+02    0.282359021238473273E+01   -0.437590989753818493E+00
    0.240289030796309042E+02    0.133792788758059644E+01   -0.437170630556608153E+00
    0.240289030796309042E+02    0.133792788758059644E+01   -0.437170630556608153E+00
    0.231653807494824591E+02    0.278087186361000338E+01   -0.437119304775597461E+00
    0.215752319101399621E+02    0.267729043791323162E+01   -0.436958909028671960E+00
    0.223209826904227988E+02    0.272558470206431558E+01   -0.436900191037339847E+00
    0.242476995305055532E+02    0.284891138848424452E+01   -0.436066355589822985E+00
    0.242476995305055532E+02    0.284891138848424452E+01   -0.436066355589822985E+00
    0.194539570479972497E+02    0.252094508405623952E+01   -0.435717510060115498E+00
    0.205640521811681758E+02    0.260129064801334353E+01   -0.435614570079016494E+00
    0.205640521811681758E+02    0.260129064801334353E+01   -0.435614570079016494E+00
    0.235734560840977565E+02    0.280383369034603724E+01   -0.435453183970898050E+00
    0.235734560840977565E+02    0.280383369034603724E+01   -0.435453183970898050E+00
    0.237748922028094078E+02    0.133116463706923804E+01   -0.435421655849702438E+00
    0.223975784788500363E+02    0.272680053159744018E+01   -0.435129398129680878E+00
    0.209594295292407615E+02    0.262891689295108710E+01   -0.435112038946422697E+00
    0.244748772499857097E+02    0.135803885437695016E+01   -0.434788068027969876E+00
    0.197080216721569172E+02    0.253637816418685880E+01   -0.434304424308097181E+00
    0.228652637490368491E+02    0.275491147654191249E+01   -0.434070674940167156E+00
    0.242820235768755452E+02    0.135238284550059262E+01   -0.433809998017092191E+00
    0.205933562829957317E+02    0.259903238375561019E+01   -0.433554955451965707E+00
    0.222256415783965373E+02    0.127674419230461789E+01   -0.432738735937467922E+00
    0.213171861242000915E+02    0.124168327686595670E+01   -0.431831968587761961E+00
    0.247155435035394682E+02    0.137163097516276311E+01   -0.431709591113395463E+00
    0.263077616229978410E+02    0.297264602331958860E+01   -0.431371291055620110E+00
    0.263077616229978410E+02    0.297264602331958860E+01   -0.431371291055620110E+00
    0.246826513701562931E+02    0.286675801969736144E+01   -0.431196005990708953E+00
    0.210045536050719797E+02    0.262350006343898245E+01   -0.431044377589416272E+00
    0.246339566661357949E+02    0.137041708437280119E+01   -0.430527865833250367E+00
    0.226819445545044651E+02    0.129787062416176413E+01   -0.430408077326135508E+00
    0.210672238277582586E+02    0.123278099172161992E+01   -0.430339133332418133E+00
    0.230477657443479984E+02    0.275835576322165910E+01   -0.430146460967242683E+00
    0.202571866027548282E+02    0.256702227358306434E+01   -0.430003326451620427E+00
    0.252325263804847673E+02    0.289955919943451601E+01   -0.429847209937939345E+00
    0.207448045680292310E+02    0.121965581465052209E+01   -0.429501802542695321E+00
    0.229396087527947365E+02    0.274959087647809142E+01   -0.429337470059725779E+00
    0.250583555764278039E+02    0.288707945503191743E+01   -0.429303580847379573E+00
    0.206291081501781193E+02    0.121535702645200550E+01   -0.428931342933310644E+00
    0.242113362501372364E+02    0.283068471593365922E+01   -0.428654333445409041E+00
    0.247814681748101577E+02    0.137890752027472185E+01   -0.428554029717194473E+00
    0.229950233671729372E+02    0.131310268998251023E+01   -0.428332461319150259E+00
    0.235253805777617266E+02    0.278468403444201140E+01   -0.427976932253124165E+00
    0.236797217888137546E+02    0.133922857542247065E+01   -0.427833205186595511E+00
    0.246484739774561881E+02    0.137522110367998773E+01   -0.427750569953595172E+00
    0.246484739774561881E+02    0.137522110367998773E+01   -0.427750569953595172E+00
    0.249466742907339381E+02    0.138627040520768485E+01   -0.427744520972312081E+00
    0.248259131937676187E+02    0.286720916879036380E+01   -0.427093612541528223E+00
    0.221630921746790825E+02    0.269398935004896023E+01   -0.426939774839028119E+00
    0.217077116112982651E+02    0.126566412610664147E+01   -0.426871006060100533E+00
    0.199888053875530858E+02    0.254003825323654553E+01   -0.426531317388084807E+00
    0.215222590490903301E+02    0.264943639937969655E+01   -0.425661414691763440E+00
    0.240731384479954791E+02    0.281498103098657015E+01   -0.425549954119954998E+00
    0.249528349184602725E+02    0.286829599955140901E+01   -0.423807882634637090E+00
    0.249528349184602725E+02    0.286829599955140901E+01   -0.423807882634637090E+00
    0.223267493535318415E+02    0.269706443826110309E+01   -0.423473902258330426E+00
    0.237189124101851618E+02    0.278628833133685427E+01   -0.422942450134229764E+00
    0.217072414193275307E+02    0.127178926428475481E+01   -0.422871384748298773E+00
    0.229956462402148318E+02    0.273885759437287479E+01   -0.422727084603482239E+00
    0.233904752666803297E+02    0.276377341271820365E+01   -0.422399313937719678E+00
    0.246351311498763081E+02    0.138391811601898329E+01   -0.421832174469295995E+00
    0.258955730153144614E+02    0.292466770118761987E+01   -0.421601782241370238E+00
    0.256691271780911237E+02    0.142337765622791723E+01   -0.421079394813761443E+00
    0.256691271780911237E+02    0.142337765622791723E+01   -0.421079394813761443E+00
    0.252569741236753593E+02    0.287985728445056566E+01   -0.420081516783330722E+00
    0.212069407014917459E+02    0.261420999642023721E+01   -0.420029652672505693E+00
    0.230142092256781723E+02    0.132717006214646815E+01   -0.419675079738353940E+00
    0.228840869227328128E+02    0.272443362890744467E+01   -0.419465034548607285E+00
    0.228840869227328128E+02    0.272443362890744467E+01   -0.419465034548607285E+00
    0.233871584281280391E+02    0.134184531030270304E+01   -0.419201600519115258E+00
    0.227679970433203493E+02    0.271617141292166941E+01   -0.419137216871919627E+00
    0.227636298455746378E+02    0.271561387314345826E+01   -0.419013393687011959E+00
    0.242204617904150474E+02    0.137302273140705600E+01   -0.418994157476499374E+00
    0.192669826438664522E+02    0.117035312042705897E+01   -0.418665466875371428E+00
    0.235155953954702106E+02    0.276360031466344758E+01   -0.418635999270767556E+00
    0.228867661706783139E+02    0.272127743202915440E+01   -0.417961495683796480E+00
    0.234814826194604720E+02    0.134828882972709541E+01   -0.417332430468055238E+00
    0.245154875483034083E+02    0.282505520378354857E+01   -0.417075480078436200E+00
    0.246328747652325717E+02    0.283165247806037090E+01   -0.416615303100855594E+00
    0.246328747652325717E+02    0.283165247806037090E+01   -0.416615303100855594E+00
    0.227375390306843315E+02    0.132305396891946447E+01   -0.415483994112131327E+00
    0.225799487695611383E+02    0.269573801120647349E+01   -0.415437836463657617E+00
    0.225799487695611383E+02    0.269573801120647349E+01   -0.415437836463657617E+00
    0.219425203207367403E+02    0.265404480379797958E+01   -0.415300184809387740E+00
    0.235909443648493031E+02    0.275881841079445955E+01   -0.414293841617667358E+00
    0.213447012224337236E+02    0.127031727182285525E+01   -0.414079752046367044E+00
    0.251771341379701354E+02    0.141625719133771155E+01   -0.414066379282787445E+00
    0.251771341379701354E+02    0.141625719133771155E+01   -0.414066379282787445E+00
    0.256016988297224799E+02    0.288863244621706494E+01   -0.413965462477039914E+00
    0.252745818154288280E+02    0.286721816911855631E+01   -0.413887039249153044E+00
    0.204333086275410949E+02    0.254247599186636597E+01   -0.413031828688004088E+00
    0.256196213012335541E+02    0.143608823296372456E+01   -0.411912092486789283E+00
    0.256196213012335541E+02    0.143608823296372456E+01   -0.411912092486789283E+00
    0.186785349435151353E+02    0.241144150129760870E+01   -0.411397068241024899E+00
    0.228832837801782389E+02    0.133562577521613735E+01   -0.411093673790827174E+00
    0.229503605001794284E+02    0.270982249469158587E+01   -0.411003354916557373E+00
    0.212511614763895231E+02    0.259700910127925111E+01   -0.410893240380800273E+00
    0.224733148086810566E+02    0.132049458743885961E+01   -0.410662681668454210E+00
    0.220329351693313846E+02    0.264762218419956330E+01   -0.409839254520190988E+00
    0.214126781701446021E+02    0.128024333602894713E+01   -0.409741802890926099E+00
    0.248896049187112425E+02    0.283044083599116503E+01   -0.408671017989366891E+00
    0.192882208977185741E+02    0.244709507072160992E+01   -0.407610794163208889E+00
    0.250093797977439998E+02    0.283331790918876303E+01   -0.406523641196428920E+00
    0.234861361127250099E+02    0.136586898631700793E+01   -0.406492545992281240E+00
    0.227675878464758839E+02    0.133977848095453078E+01   -0.405720849389139993E+00
    0.223704516316159641E+02    0.132459977675281459E+01   -0.405631786793915428E+00
    0.256321395894876467E+02    0.144711842213882047E+01   -0.405389661118389311E+00
    0.239809664996308847E+02    0.276356114352759308E+01   -0.405221099553367714E+00
    0.182760162489201221E+02    0.236803251812194526E+01   -0.405163365335395487E+00
    0.237350560856132091E+02    0.137741312351527445E+01   -0.405066457703249005E+00
    0.212223038369500969E+02    0.258121488015192480E+01   -0.404884057185655899E+00
    0.251777017179482918E+02    0.283816247321003079E+01   -0.403874771572866220E+00
    0.251777017179482918E+02    0.283816247321003079E+01   -0.403874771572866220E+00
    0.181723861045219337E+02    0.114503773184850410E+01   -0.403865414316183835E+00
    0.194451467311908672E+02    0.244964190771288548E+01   -0.403755948416901211E+00
    0.216069064345925206E+02    0.260499911851192500E+01   -0.403300010079267413E+00
    0.226070594639739646E+02    0.266842222119861860E+01   -0.402645453379865959E+00
    0.247630369260734255E+02    0.142070990063767022E+01   -0.401878740722469652E+00
    0.247630369260734255E+02    0.142070990063767022E+01   -0.401878740722469652E+00
    0.229269877010861656E+02    0.268607217579612012E+01   -0.401298572442058521E+00
    0.195301155905124304E+02    0.244975227581542887E+01   -0.401139448546590005E+00
    0.240064642344117836E+02    0.139422278271065636E+01   -0.400957560237775901E+00
    0.227522313903658464E+02    0.267344261509947589E+01   -0.400746357192359404E+00
    0.258049944457691893E+02    0.287155760297147422E+01   -0.400739147849687227E+00
    0.235372707344942746E+02    0.272434717974967144E+01   -0.400718470105600466E+00
    0.230137821322412783E+02    0.135806009452159815E+01   -0.400325746315084108E+00
    0.237056626600179072E+02    0.273429517712493153E+01   -0.400295249558084654E+00
    0.246104159171737393E+02    0.279055525242831015E+01   -0.399231148587100515E+00
    0.234037488791424657E+02    0.137539472389615147E+01   -0.398857980357906650E+00
    0.242378489372421377E+02    0.140746659801692164E+01   -0.398143005552008711E+00
    0.248201219674094418E+02    0.280035801942729190E+01   -0.397602852248953198E+00
    0.275601644317977730E+02    0.152977654676188113E+01   -0.396293935158320842E+00
    0.232770514572813774E+02    0.269689531448703779E+01   -0.396209275988503751E+00
    0.247812516528184723E+02    0.279326157891428650E+01   -0.395660037466161851E+00
    0.239617770629752727E+02    0.140220876232696101E+01   -0.395181634331599752E+00
    0.226334767874123415E+02    0.135196499112636936E+01   -0.395135616623810138E+00
    0.226334767874123415E+02    0.135196499112636936E+01   -0.395135616623810138E+00
    0.237625099219622236E+02    0.139567110772811898E+01   -0.394683171665647370E+00
    0.247163695440777964E+02    0.143169167345902415E+01   -0.394264153356764790E+00
    0.193883014290377815E+02    0.242304055231250048E+01   -0.394142994980410388E+00
    0.230504759402780941E+02    0.267718833220908037E+01   -0.394095696164609488E+00
    0.224130962511034220E+02    0.263563638141591472E+01   -0.394024238663564008E+00
    0.231651319894156273E+02    0.268253148636760264E+01   -0.393210860644038207E+00
    0.189706462570654537E+02    0.119914006453179400E+01   -0.392678776090262804E+00
    0.222313351091260252E+02    0.261664066133886974E+01   -0.391004514521989255E+00
    0.203875494042099277E+02    0.248734332120207258E+01   -0.390695295687158939E+00
    0.210846657242432549E+02    0.253681587492257732E+01   -0.390228096889099985E+00
    0.257111234071916996E+02    0.147546556181490862E+01   -0.390173692862522348E+00
    0.252054918020680461E+02    0.280738436688115289E+01   -0.390021505342417640E+00
    0.218682979787577523E+02    0.259011018316827402E+01   -0.389770120948423338E+00
    0.218682979787577523E+02    0.259011018316827402E+01   -0.389770120948423338E+00
    0.252969106209736339E+02    0.146084500984891275E+01   -0.389755819547577820E+00
    0.224016278244659723E+02    0.262427597579893224E+01   -0.389578220770188555E+00
    0.227710621807156777E+02    0.264669417551071673E+01   -0.388926705182876753E+00
    0.234318764755027011E+02    0.268931651503220559E+01   -0.388809787625103653E+00
    0.240331837582979055E+02    0.141632593883298963E+01   -0.388433588106386618E+00
    0.238067110554235448E+02    0.271225184937422803E+01   -0.388228783867088922E+00
    0.220182228465586434E+02    0.259595308699712790E+01   -0.388154443540074667E+00
    0.237948079264682448E+02    0.140825626861749198E+01   -0.387994071547805686E+00
    0.250991461821505695E+02    0.279546381948771838E+01   -0.387938657212870353E+00
    0.229523901376175949E+02    0.265601080432056902E+01   -0.387908511551022794E+00
    0.234161481484699507E+02    0.139469846676378451E+01   -0.387691789108886575E+00
    0.239318792851519113E+02    0.141460185453301301E+01   -0.387256027697455762E+00
    0.267800767230176504E+02    0.289400172771528563E+01   -0.387164648135881140E+00
    0.267800767230176504E+02    0.289400172771528563E+01   -0.387164648135881140E+00
    0.257016186365043566E+02    0.283055685150580860E+01   -0.386814777216872296E+00
    0.221327369772250222E+02    0.259926613387984107E+01   -0.386451665365777020E+00
    0.224761345602587603E+02    0.136055330582304101E+01   -0.386447616079488188E+00
    0.195123949460481576E+02    0.123448645155152903E+01   -0.386093381943894254E+00
    0.227506827695114211E+02    0.263763717683057042E+01   -0.385731577371683843E+00
    0.248639524402990233E+02    0.277483728150422504E+01   -0.385729134420814024E+00
    0.254328172071901690E+02    0.147303619026332111E+01   -0.385597543184921232E+00
    0.239042892253418842E+02    0.271043807636632517E+01   -0.384870226934439397E+00
    0.219039820808472534E+02    0.257981537634013458E+01   -0.384562538164726297E+00
    0.241702743440717640E+02    0.272661606325942119E+01   -0.384423105032586698E+00
    0.248134757121566487E+02    0.145244225608293576E+01   -0.384252745644177773E+00
    0.258142111084963979E+02    0.148990316158051250E+01   -0.384016279811307371E+00
    0.239577782808753099E+02    0.271177400439962257E+01   -0.383995337791577240E+00
    0.235774012026874189E+02    0.140928398940903610E+01   -0.382760108675637145E+00
    0.183922375676157053E+02    0.119041791362369676E+01   -0.382639630921234764E+00
    0.247323991843139730E+02    0.275777835266419169E+01   -0.382246758021121846E+00
    0.238539619557198463E+02    0.142094673541916627E+01   -0.381946805729681871E+00
    0.210843241599619482E+02    0.131203119012249747E+01   -0.381821301596382889E+00
    0.207185556145893415E+02    0.248971641328397286E+01   -0.381782150590704861E+00
    0.258149495426771693E+02    0.149393988445483838E+01   -0.381722458290084887E+00
    0.234938021370647228E+02    0.140810070160129275E+01   -0.381639678039684627E+00
    0.203340947457790975E+02    0.128113810299998421E+01   -0.380324627412437277E+00
    0.219807763344276310E+02    0.257308889580246269E+01   -0.379801513124927215E+00
    0.213731506619820202E+02    0.253167712047159421E+01   -0.379538703610550310E+00
    0.247224238329908488E+02    0.274889666568647861E+01   -0.378916797742210765E+00
    0.228292632025048192E+02    0.138728309833870833E+01   -0.378874250157149706E+00
    0.227569228083800432E+02    0.262027302046172350E+01   -0.378510155374688961E+00
    0.233083009051163081E+02    0.265461524085907019E+01   -0.377925621233203612E+00
    0.241952263089626953E+02    0.271172994221331987E+01   -0.377737329781983600E+00
    0.218735014729392390E+02    0.256013870655118403E+01   -0.377396520942464009E+00
    0.210148497729999733E+02    0.250025360633836735E+01   -0.377361843947036812E+00
    0.208674592538802131E+02    0.248953564437721830E+01   -0.377353349193818133E+00
    0.233532315915044251E+02    0.141029550924077807E+01   -0.377281975885599696E+00
    0.228625058929336333E+02    0.262397667771916465E+01   -0.377246835679606318E+00
    0.261756538970988260E+02    0.151584616587071008E+01   -0.376885553240850324E+00
    0.226043455505558519E+02    0.260587756970859719E+01   -0.376712134177911051E+00
    0.253042305913658048E+02    0.148415350803908974E+01   -0.376566341376788127E+00
    0.245696786881691764E+02    0.273238064414619730E+01   -0.376273963817605916E+00
    0.226838541848501336E+02    0.260983873266832056E+01   -0.376232911611839249E+00
    0.231687696296222150E+02    0.140552858910483058E+01   -0.375950179116543715E+00
    0.242699071019625379E+02    0.144732019583932647E+01   -0.375749410391949201E+00
    0.240726314992083843E+02    0.144078436236018081E+01   -0.375320568907256513E+00
    0.217817364764159684E+02    0.135378251249020742E+01   -0.374951303045462259E+00
    0.234004822788157831E+02    0.265279971039463192E+01   -0.374814199805068970E+00
    0.196515203526345275E+02    0.239458879354028209E+01   -0.374683531089023081E+00
    0.196515203526345275E+02    0.239458879354028209E+01   -0.374683531089023081E+00
    0.243341265761645964E+02    0.271260569374940941E+01   -0.374492254893417087E+00
    0.223364554410854623E+02    0.137665131221663484E+01   -0.374126157754011424E+00
    0.220756734675235293E+02    0.136682622168241652E+01   -0.373993220283386274E+00
    0.220756734675235293E+02    0.136682622168241652E+01   -0.373993220283386274E+00
    0.196666354500473304E+02    0.126252529016232296E+01   -0.373973815006804544E+00
    0.240686990163803536E+02    0.269322206511267037E+01   -0.373641052915767879E+00
    0.223975230432311250E+02    0.258470411039988202E+01   -0.373635020656701733E+00
    0.251018689357576967E+02    0.148192218688792554E+01   -0.373632129109299771E+00
    0.245662153408725494E+02    0.146214761089186362E+01   -0.373600826298788991E+00
    0.225566860032466501E+02    0.138660486986588438E+01   -0.373308768107063038E+00
    0.241966671130589255E+02    0.144941661150121814E+01   -0.373073830958148500E+00
    0.231237932928831285E+02    0.140893001214209646E+01   -0.373059713846879359E+00
    0.245305742376622824E+02    0.146252412584211711E+01   -0.372661065398754210E+00
    0.251819253641447673E+02    0.148701822865619970E+01   -0.372451046162186827E+00
    0.207498564864503123E+02    0.246861266328076567E+01   -0.372436423312921927E+00
    0.228177864244956083E+02    0.139878005491277624E+01   -0.372133508694968529E+00
    0.241012814742032440E+02    0.144910600286653080E+01   -0.371294963077272500E+00
    0.261803904206030005E+02    0.281724115110890416E+01   -0.371209238587889900E+00
    0.214430859183852291E+02    0.251527647023452205E+01   -0.371004464787766719E+00
    0.229604532665267627E+02    0.140685698426332784E+01   -0.370701073032975503E+00
    0.236293333914301265E+02    0.265533759780380851E+01   -0.369965350245257452E+00
    0.213413226887674625E+02    0.250486599318633507E+01   -0.369821921673076037E+00
    0.227885265649705033E+02    0.140216868783034521E+01   -0.369622639700928790E+00
    0.277091889652718990E+02    0.158030892667740108E+01   -0.369401559168173854E+00
    0.236600729954689371E+02    0.143621001202697429E+01   -0.369393263034986541E+00
    0.238108492045451179E+02    0.266446447083697491E+01   -0.368929701792946430E+00
    0.209477098952473177E+02    0.247377552041740412E+01   -0.368838817663310059E+00
    0.245032644457286146E+02    0.270826457794503961E+01   -0.368480635888301100E+00
    0.254629761896095133E+02    0.150513276885209657E+01   -0.368220071344863786E+00
    0.215067688599086253E+02    0.251238836420568656E+01   -0.368077689087914828E+00
    0.248740294886081870E+02    0.148386439623818500E+01   -0.367928421447090093E+00
    0.225071057053520391E+02    0.139450495669688679E+01   -0.367860373793707507E+00
    0.254728224944091579E+02    0.276708241415535472E+01   -0.367852089264934068E+00
    0.239123627046415628E+02    0.144960747296616344E+01   -0.367196877669135502E+00
    0.226282332819392558E+02    0.258284529706421884E+01   -0.367054881263392530E+00
    0.240215579924877716E+02    0.267241368907941190E+01   -0.366709490025286633E+00
    0.261888307510236480E+02    0.153510830542713972E+01   -0.366534650820674712E+00
    0.236310642170377605E+02    0.264523084502054173E+01   -0.366004356545400866E+00
    0.229973524802710969E+02    0.260396317432475000E+01   -0.365956889185081569E+00
    0.246309986801868526E+02    0.147893853574375767E+01   -0.365721163192850529E+00
    0.227980184276157445E+02    0.258932429608639092E+01   -0.365304603189158750E+00
    0.227626777012464174E+02    0.258673045111514766E+01   -0.365189706584910845E+00
    0.234808099116459275E+02    0.263307723265476046E+01   -0.365082790112348565E+00
    0.243315294006436922E+02    0.147028817296461201E+01   -0.364408530289763777E+00
    0.241947011092115325E+02    0.146531364118217033E+01   -0.364359558404975359E+00
    0.205554444068827245E+02    0.131978209832725124E+01   -0.364267035408177009E+00
    0.213002886550357609E+02    0.135359116503147803E+01   -0.363966643795697098E+00
    0.261481216172694175E+02    0.153886324644558936E+01   -0.363699382955654182E+00
    0.238337313909652195E+02    0.265200861362132612E+01   -0.363559180795789860E+00
    0.237754138316597050E+02    0.145150673610658076E+01   -0.363439020129289247E+00
    0.234085006102294066E+02    0.143762414845107767E+01   -0.363309947088215401E+00
    0.218503645507657858E+02    0.252252981915641117E+01   -0.363289638849463858E+00
    0.231322023810608890E+02    0.260427027871036465E+01   -0.362724544551247974E+00
    0.212672452066176518E+02    0.248090152834392619E+01   -0.362661670441043915E+00
    0.252261034319562896E+02    0.273834053122679144E+01   -0.362620462942848221E+00
    0.210501289206214857E+02    0.134504335103373873E+01   -0.362548524548893747E+00
    0.228762152802038550E+02    0.258717294217361582E+01   -0.362543114935370947E+00
    0.236086849791282773E+02    0.263406494007259040E+01   -0.362290715665173346E+00
    0.250486485934161536E+02    0.272686183048303299E+01   -0.362194613486061356E+00
    0.250674058007682135E+02    0.272788231712151852E+01   -0.362170460268029681E+00
    0.250749845649398360E+02    0.272679685291338858E+01   -0.361624312581979579E+00
    0.217943079274191938E+02    0.251391393249847761E+01   -0.361399382269112612E+00
    0.246316806658303022E+02    0.148709306226858606E+01   -0.361365896576734458E+00
    0.227302697713861193E+02    0.257321195873561370E+01   -0.360843438502073899E+00
    0.239801641308516871E+02    0.265217776366052727E+01   -0.360019386136779362E+00
    0.216148888793985847E+02    0.137632529807976089E+01   -0.359066400651942064E+00
    0.197082751307009794E+02    0.235697518688840679E+01   -0.358590780698705536E+00
    0.199555636482494592E+02    0.130361411051208975E+01   -0.358562952242535316E+00
    0.259588942039298516E+02    0.154162107091836287E+01   -0.358515168817489238E+00
    0.232788393740890136E+02    0.260172144668800431E+01   -0.358172098879416034E+00
    0.269767206017596415E+02    0.282687027747265240E+01   -0.357992069822358761E+00
    0.250939804199659307E+02    0.151115871404190605E+01   -0.357696824328004648E+00
    0.235353125504116782E+02    0.261592507765817661E+01   -0.357258076064888686E+00
    0.207950826576353229E+02    0.243097421404644720E+01   -0.356770899322397528E+00
    0.217064175685539062E+02    0.138482382903768730E+01   -0.356433545819220154E+00
    0.209778964276581377E+02    0.135337775275265337E+01   -0.356381996956371405E+00
    0.251851786456970643E+02    0.151725512152515085E+01   -0.356274618600974424E+00
    0.251071441848875949E+02    0.271296900406407193E+01   -0.356067868695085221E+00
    0.222843685945128591E+02    0.253138933706069613E+01   -0.356024705041785627E+00
    0.210821411528699585E+02    0.244793349632200963E+01   -0.355333769700373114E+00
    0.250648536730702673E+02    0.270798851030573884E+01   -0.355183705666361038E+00
    0.235884093525587666E+02    0.145990784673770957E+01   -0.355133254317212210E+00
    0.232547054655173184E+02    0.144776242083265094E+01   -0.354750554822877318E+00
    0.145912595556911224E+02    0.195663388566564533E+01   -0.354722432810904598E+00
    0.224365398469485342E+02    0.141658312329698344E+01   -0.354547428417915478E+00
    0.221687263269068637E+02    0.251987689205883925E+01   -0.354543537205621040E+00
    0.234606911205098143E+02    0.145691730402451380E+01   -0.354118652183675331E+00
    0.226019256812067404E+02    0.254531464489759651E+01   -0.353553956285874604E+00
    0.245335064196067734E+02    0.149848037480493668E+01   -0.353499064294807819E+00
    0.248290126862279301E+02    0.268905976875438002E+01   -0.353356741525449825E+00
    0.252897985084775954E+02    0.271497707539943534E+01   -0.353077161343191781E+00
    0.214478714700254685E+02    0.246658363218465793E+01   -0.352430264497905599E+00
    0.210102895971255315E+02    0.136291249911744394E+01   -0.352151688081739633E+00
    0.203620601521127931E+02    0.238652028368468239E+01   -0.351969203817420195E+00
    0.196434590135742937E+02    0.233301269957015256E+01   -0.351474658700568543E+00
    0.255117731361736766E+02    0.272272348832758304E+01   -0.351307579393293601E+00
    0.222122904911344143E+02    0.251303562733661323E+01   -0.351001659004962274E+00
    0.253164809977223975E+02    0.270974657190240853E+01   -0.350740562500732378E+00
    0.229597600884806070E+02    0.144415274984029107E+01   -0.350711091141793885E+00
    0.235450363898236645E+02    0.259847843315235272E+01   -0.350606597908705075E+00
    0.239112232754188909E+02    0.148153524302400408E+01   -0.350364545342532308E+00
    0.239521726159144173E+02    0.262362366862379437E+01   -0.350139118441111008E+00
    0.200040349892894440E+02    0.235472016996953659E+01   -0.349854244125333169E+00
    0.233569594918459664E+02    0.146144948381928153E+01   -0.349696296087406155E+00
    0.236122022427525700E+02    0.147225826220552891E+01   -0.349203282994696329E+00
    0.219730444535948592E+02    0.249227406006098917E+01   -0.349107185496327410E+00
    0.249170953419765766E+02    0.268120287834010451E+01   -0.348901113058583845E+00
    0.245281726278528112E+02    0.150744592411097633E+01   -0.348815928116346374E+00
    0.245311221970393198E+02    0.265730328929084747E+01   -0.348726150041156979E+00
    0.238069704905886468E+02    0.148088117331086222E+01   -0.348635852801650825E+00
    0.244508706079561797E+02    0.265163089604392077E+01   -0.348559702770489144E+00
    0.237264577429244738E+02    0.260385937564169767E+01   -0.348293926390222275E+00
    0.237874222740958992E+02    0.148208214681219719E+01   -0.347637936101921785E+00
    0.212629639844019849E+02    0.243845037318932389E+01   -0.347105147859260277E+00
    0.244898106767937840E+02    0.150979374247324660E+01   -0.346915491952384525E+00
    0.243557086980383701E+02    0.263942952979406531E+01   -0.346400038154094869E+00
    0.239501409136074237E+02    0.149125266641142629E+01   -0.346169150467742326E+00
    0.222777374137922983E+02    0.250331734320837773E+01   -0.345972777224273109E+00
    0.206238798265253322E+02    0.135823098908286877E+01   -0.345715346465596041E+00
    0.239336104421686677E+02    0.149177564398607743E+01   -0.345582203291159407E+00
    0.221921128356409767E+02    0.249661593491337808E+01   -0.345566113634826033E+00
    0.253235356974626882E+02    0.269282746825974417E+01   -0.344865355115402838E+00
    0.261606067869301029E+02    0.274123161126557768E+01   -0.344817341311425718E+00
    0.212884416132524663E+02    0.139076852729298128E+01   -0.344271277326705982E+00
    0.206719767445950566E+02    0.238645666440395399E+01   -0.343867795540634236E+00
    0.257442508545532505E+02    0.271310373875209265E+01   -0.343487977012448042E+00
    0.242063530015380870E+02    0.150630005748812001E+01   -0.343424034008549928E+00
    0.230343841248847063E+02    0.146213592856460828E+01   -0.343042887861596479E+00
    0.224020798172100903E+02    0.143793200290258838E+01   -0.342946912649382152E+00
    0.232396532382225978E+02    0.255443982942431802E+01   -0.341968928892371571E+00
    0.209646500395267203E+02    0.138123811441038713E+01   -0.341809975276127720E+00
    0.224989655484487372E+02    0.250583864341687734E+01   -0.341789844583815616E+00
    0.216609620572128954E+02    0.244961833555350417E+01   -0.341156291681291024E+00
    0.229321941530629090E+02    0.146216694202907282E+01   -0.341065774341330785E+00
    0.217547000133828021E+02    0.245466784175108099E+01   -0.340794686353363074E+00
    0.243759241296506950E+02    0.262413528196081991E+01   -0.340544522524638626E+00
    0.209652144150730564E+02    0.138394314191927359E+01   -0.340481867889820156E+00
    0.216104344668760433E+02    0.141257866693665202E+01   -0.340368844317854968E+00
    0.254682918677793708E+02    0.268690941954396090E+01   -0.340119022013262995E+00
    0.250223383234117911E+02    0.265997899257681336E+01   -0.339769228169273740E+00
    0.193326395385082819E+02    0.131261244622961870E+01   -0.339712282383116071E+00
    0.229547084551486549E+02    0.252664495005981582E+01   -0.338735247402804140E+00
    0.247351703000629222E+02    0.153628244546184511E+01   -0.338329179767767996E+00
    0.252963819889013379E+02    0.155777397588657829E+01   -0.337983520192160325E+00
    0.266558919510741852E+02    0.274856551285588901E+01   -0.337761180855241927E+00
    0.255983439321778192E+02    0.156970093173180647E+01   -0.337622280998358615E+00
    0.236818361028410322E+02    0.149979251445173634E+01   -0.336794752248399054E+00
    0.239825427506708486E+02    0.151152821663231762E+01   -0.336729806783530872E+00
    0.236054949097584483E+02    0.256297999925352205E+01   -0.336700132721281853E+00
    0.238540311179878870E+02    0.257910353769666623E+01   -0.336695712704838945E+00
    0.235521382576127607E+02    0.149551092332588786E+01   -0.336443775045801585E+00
    0.196488101840603413E+02    0.229057699537506076E+01   -0.336353239789016545E+00
    0.221319317604282766E+02    0.144245350237424885E+01   -0.335601740251761538E+00
    0.173330231779138515E+02    0.212024095911897614E+01   -0.335578775008055885E+00
    0.256941255237374087E+02    0.268590294346784519E+01   -0.335536525286870724E+00
    0.248126561647163300E+02    0.263475981199730258E+01   -0.335529876098075275E+00
    0.224731130381253656E+02    0.248578577748438123E+01   -0.335446236386563457E+00
    0.231745167824909295E+02    0.148432645066780355E+01   -0.334806728793253627E+00
    0.235958442751239907E+02    0.255651446399577331E+01   -0.334710292807937959E+00
    0.240938585661714448E+02    0.258689215371022430E+01   -0.334047618767745802E+00
    0.228073151724244383E+02    0.147226793542063206E+01   -0.333792943258151342E+00
    0.256258229813577856E+02    0.267591920332712618E+01   -0.333608370645533114E+00
    0.185729008165492786E+02    0.219942652623590007E+01   -0.331932025363030347E+00
    0.208736902001426898E+02    0.236513739550771751E+01   -0.331508190764515431E+00
    0.217759899275630211E+02    0.143776820339458844E+01   -0.331270288301823146E+00
    0.224938658878814337E+02    0.247258520444823127E+01   -0.330550180446782638E+00
    0.243431883302503778E+02    0.259143611065690260E+01   -0.330414867142175328E+00
    0.231693009289425511E+02    0.251526232788187709E+01   -0.330159240855026959E+00
    0.237729863428839856E+02    0.151769315853142195E+01   -0.329912057681523763E+00
    0.205065661904295560E+02    0.233298365781492922E+01   -0.329674642109461624E+00
    0.233078568530933907E+02    0.251991649579604937E+01   -0.328722420496270040E+00
    0.234547622087556853E+02    0.252921577367312267E+01   -0.328643717795851109E+00
    0.238549400838710319E+02    0.255465112516571446E+01   -0.328463610907438808E+00
    0.228004427853623604E+02    0.248489372877779280E+01   -0.328038122978719926E+00
    0.239750853329207168E+02    0.189158597622519631E+01   -0.228880153669145381E+00
    0.234693839944549083E+02    0.191672524516096088E+01   -0.226320362592977442E+00
    0.233591614253015649E+02    0.185771811048497248E+01   -0.229753885748279291E+00
    0.238248828962336745E+02    0.197741562677187277E+01   -0.225918407274236926E+00
    0.234439524684573684E+02    0.188495004715442471E+01   -0.227858625894722416E+00
    0.236135192933941944E+02    0.210189716745588306E+01   -0.237110188248832815E+00
    0.237053768843293540E+02    0.209656748152904004E+01   -0.236036315666514285E+00
    0.232975803575739491E+02    0.207899709182704884E+01   -0.235837074388215606E+00
    0.233174613278239811E+02    0.200630963088929626E+01   -0.227966312873796650E+00
    0.236760908700784505E+02    0.182503952369592337E+01   -0.234952173959223326E+00
    0.236999627146531857E+02    0.202133063299331006E+01   -0.227984249985070581E+00
    0.237715912764888593E+02    0.208111938790028539E+01   -0.233611835528598016E+00
    0.233641082646491469E+02    0.200452886360111915E+01   -0.227729477272787528E+00
    0.234814370823013157E+02    0.173816709798270619E+01   -0.249388679764376148E+00
    0.235397667166444577E+02    0.204115850865439352E+01   -0.230121535262638816E+00
    0.237614657201242032E+02    0.199000278485808391E+01   -0.226285993529828366E+00
    0.238078637189647999E+02    0.197466990345497129E+01   -0.225886369840920198E+00
    0.233851258580375401E+02    0.197700685054627501E+01   -0.226336698441610334E+00
    0.234213971951382334E+02    0.203706783981720640E+01   -0.230167395805848857E+00
    0.234559192270467101E+02    0.203104412673984980E+01   -0.229486172071495964E+00
    0.234517386161239081E+02    0.166052366414748676E+01   -0.269650723321116004E+00
    0.234185650129851304E+02    0.165356223532905000E+01   -0.271404125239720018E+00
    0.237414477380752338E+02    0.178545160793378521E+01   -0.241777163736222628E+00
    0.235087166947494239E+02    0.178941223906299252E+01   -0.239478960593348111E+00
    0.237626337985476539E+02    0.196453602018839391E+01   -0.225804509794969827E+00
    0.237497941145062690E+02    0.194862091353452582E+01   -0.225849460221967863E+00
    0.239171165473715028E+02    0.184113874990721893E+01   -0.234027115416052145E+00
    0.239238501559467842E+02    0.197560260810185584E+01   -0.225842663898635249E+00
    0.243975249363254427E+02    0.187421774552573606E+01   -0.232213814611650443E+00
    0.243107960486974051E+02    0.205438840304165593E+01   -0.228680663657205963E+00
    0.243955153825339899E+02    0.166900509545664999E+01   -0.278601843718196518E+00
    0.239298827193800001E+02    0.174937195379839450E+01   -0.250775215748548719E+00
    0.241952536153606346E+02    0.163122866726684945E+01   -0.289159057460854574E+00
    0.238991395423569237E+02    0.200685909702782750E+01   -0.226731589859518246E+00
    0.244071256910582512E+02    0.198384254911857383E+01   -0.225791536749201022E+00
    0.239001832990585115E+02    0.197066833074800751E+01   -0.225809240384144266E+00
    0.242652771554681763E+02    0.185066491118762722E+01   -0.234552594052607005E+00
    0.241663386949421159E+02    0.180763273944355340E+01   -0.240727216156884527E+00
    0.242325104332493346E+02    0.169058709820754993E+01   -0.269669336161333262E+00
    0.243909293146227455E+02    0.177261324272788112E+01   -0.249533384532479946E+00
    0.242069505560264773E+02    0.192939918277655353E+01   -0.226982684994976258E+00
    0.243149494661399075E+02    0.174861837774314477E+01   -0.254505388051836479E+00
    0.239278266373614628E+02    0.187654258260859308E+01   -0.230045289823245513E+00
    0.240249840924137423E+02    0.162716939543553041E+01   -0.288240366302093987E+00
    0.238770912841156822E+02    0.175736252334654308E+01   -0.248515987040422992E+00
    0.241146262788570986E+02    0.211919931796591365E+01   -0.235928193504207406E+00
    0.242937493181457569E+02    0.186228264727108961E+01   -0.233174762699993682E+00
    0.243083312769681505E+02    0.189738115978760291E+01   -0.229479440993447914E+00
    0.241437057939792403E+02    0.194664672506299219E+01   -0.226197442925028136E+00
    0.241033755568177988E+02    0.209488312001266674E+01   -0.233736540541440940E+00
    0.240637573110864231E+02    0.173887418152089879E+01   -0.254518372872513388E+00
    0.244468286914829882E+02    0.187865882389497463E+01   -0.231920359240663482E+00
    0.241404923905208300E+02    0.165823737352571321E+01   -0.278913564346375098E+00
    0.240027514433739313E+02    0.190984671129299510E+01   -0.227643181222818486E+00
    0.242419208883463853E+02    0.193960139342989724E+01   -0.226578527095588150E+00
    0.238735756506516701E+02    0.197116291882065608E+01   -0.225819860076252876E+00
    0.244306820778265994E+02    0.198593077221541359E+01   -0.225791538727369817E+00
    0.242146947167193609E+02    0.213342770951835226E+01   -0.236768306630876391E+00
    0.243353884386024895E+02    0.183222270628290929E+01   -0.237678983306470665E+00
    0.239504718232424665E+02    0.168270076775464794E+01   -0.268758518591744044E+00
    0.245264699224800218E+02    0.187822539943123834E+01   -0.232327440056295853E+00
    0.259766109481390401E+02    0.184575715177599609E+01   -0.246894953692561259E+00
    0.256127960974683653E+02    0.195294497122979971E+01   -0.229030212293130947E+00
    0.259470220024921545E+02    0.186329138770203606E+01   -0.243144127881466277E+00
    0.249315054276019161E+02    0.168979325096315325E+01   -0.278565574830976437E+00
    0.249696517907496798E+02    0.213740287394638040E+01   -0.233092807938863333E+00
    0.250014474266352487E+02    0.182257868680745982E+01   -0.243966700638912820E+00
    0.254909708476672527E+02    0.192265116604783515E+01   -0.231504259342074692E+00
    0.254494425115470335E+02    0.168046754948336519E+01   -0.288533975462636649E+00
    0.250185101766827671E+02    0.165859887767929282E+01   -0.290690852690663970E+00
    0.261686759902529182E+02    0.207011323866386121E+01   -0.225958441146501210E+00
    0.251262554584861029E+02    0.191057562254677826E+01   -0.231286219811768889E+00
    0.258176161760854335E+02    0.165036834187730053E+01   -0.305342124778433976E+00
    0.265463261063350799E+02    0.203313197662490852E+01   -0.226400737522855028E+00
    0.253443532315408149E+02    0.194791513167432706E+01   -0.228602910752304128E+00
    0.255796244995592730E+02    0.217622076913057994E+01   -0.233381053423630497E+00
    0.246627442432757888E+02    0.184037199674021368E+01   -0.238402579144278426E+00
    0.254383664956503353E+02    0.186226434312483846E+01   -0.239753317112507747E+00
    0.249269195087317073E+02    0.174246593542403172E+01   -0.262336446999195061E+00
    0.254211996415629571E+02    0.194605570743040124E+01   -0.228988571294582166E+00
    0.252997551608780604E+02    0.187174968304777023E+01   -0.237312896612622087E+00
    0.287936879445235014E+02    0.211207829034745531E+01   -0.226550905473204861E+00
    0.262374655709590172E+02    0.218715898836808043E+01   -0.231254025767743926E+00
    0.249370080687340696E+02    0.181635675972336541E+01   -0.244709017354197866E+00
    0.245754963767184016E+02    0.212862946734511960E+01   -0.234307984168809796E+00
    0.264949519684381158E+02    0.164905748475301284E+01   -0.316448271399386583E+00
    0.258087217686050892E+02    0.206559713748533280E+01   -0.226181966807030538E+00
    0.276314164867115934E+02    0.169323441294900157E+01   -0.313491616810130935E+00
    0.259779976249193467E+02    0.208255468097462026E+01   -0.226540524026962731E+00
    0.254528429180121876E+02    0.202294025280315193E+01   -0.225793149060546566E+00
    0.250459368652207246E+02    0.197242220223136400E+01   -0.226506573758096047E+00
    0.251183549686485783E+02    0.176724097663225965E+01   -0.257646775760764835E+00
    0.263345471777743505E+02    0.171135651846636883E+01   -0.289215371958879419E+00
    0.246300042416964331E+02    0.178071190234861021E+01   -0.249787116511496626E+00
    0.266871519774577415E+02    0.178144521389092825E+01   -0.270175557253084064E+00
    0.265396767312864164E+02    0.186083203811123621E+01   -0.248122489683246295E+00
    0.252691710691917564E+02    0.199497152882544482E+01   -0.226066108852119529E+00
    0.250320321084836763E+02    0.179592763825312396E+01   -0.249853981680661585E+00
    0.263244288891805347E+02    0.200217261817738912E+01   -0.227474575715942845E+00
    0.255592712984668253E+02    0.213673377431429667E+01   -0.230487190361456901E+00
    0.259621975626249828E+02    0.177525726742234768E+01   -0.264117300741227412E+00
    0.249365217717673495E+02    0.174249018362718111E+01   -0.262433092378719368E+00
    0.261358489846154924E+02    0.218513804425662350E+01   -0.231535397576736995E+00
    0.249919040964487742E+02    0.168583523748671427E+01   -0.280694566862891515E+00
    0.248505597440849790E+02    0.192822663956290574E+01   -0.228652379498277575E+00
    0.263435136543425656E+02    0.173095140814242665E+01   -0.282405799951997827E+00
    0.246530036991211077E+02    0.184445946711310338E+01   -0.237681801686374622E+00
    0.247672750076455159E+02    0.170620800649148796E+01   -0.271214592445584546E+00
    0.269302542194621708E+02    0.186439210513662612E+01   -0.250535665892857862E+00
    0.234748997933056707E+02    0.164563193933894336E+01   -0.274607233580686227E+00
    0.256198152366653105E+02    0.200832860232903787E+01   -0.226070278639291328E+00
    0.241347036107669588E+02    0.204173586110409078E+01   -0.228239431041882795E+00
    0.259035151367637013E+02    0.183575469977124506E+01   -0.248452744965057259E+00
    0.243630509901089454E+02    0.158876200589241856E+01   -0.308410942868481419E+00
    0.244111564014423124E+02    0.154982029643686925E+01   -0.326304028077991026E+00
    0.238896842775066638E+02    0.153319645536789206E+01   -0.324796806885821021E+00
    0.238278634019365292E+02    0.156945523969792866E+01   -0.307848931545211146E+00
    0.240293313070547256E+02    0.160230257463101022E+01   -0.297702762489378603E+00
    0.244718432634974477E+02    0.159395438522604671E+01   -0.307994197527353797E+00
    0.239171902811121875E+02    0.155007803050078463E+01   -0.317666378916562908E+00
    0.244076188216110275E+02    0.155626722825597064E+01   -0.323316164765559466E+00
    0.246550401107849311E+02    0.159917937878715177E+01   -0.308694151208511625E+00
    0.244187045296383047E+02    0.156810620095062037E+01   -0.318232204125581952E+00
    0.235069508748888509E+02    0.151994097421696672E+01   -0.324104072407976340E+00
    0.256985051638273916E+02    0.202182900170628743E+01   -0.225873551957276486E+00
    0.266100800620305762E+02    0.164435193541356650E+01   -0.320387922842297834E+00
    0.246410619539063731E+02    0.209684659749411395E+01   -0.231418396364281770E+00
    0.246175000843704872E+02    0.189936162407227327E+01   -0.230413681412603571E+00
    0.239495593360010162E+02    0.176331865068098237E+01   -0.247826180811273278E+00
    0.259663747480377047E+02    0.180656823636317521E+01   -0.255818188628608889E+00
    0.237459724660982481E+02    0.208376678017834704E+01   -0.234088043714108324E+00
    0.252030647153628031E+02    0.215620043807958250E+01   -0.233535660126112848E+00
    0.249370537685600411E+02    0.215679548010387467E+01   -0.234964909849748632E+00
    0.255316488144772826E+02    0.205451782030217656E+01   -0.226170826696983907E+00
    0.235557399530086755E+02    0.192250314073522244E+01   -0.226241454354286498E+00
    0.232863484315055871E+02    0.206927550509695646E+01   -0.234524577612342022E+00
    0.251545492719833170E+02    0.184764629941034952E+01   -0.240392837503524248E+00
    0.254823233705135230E+02    0.213800328236630710E+01   -0.230876243381771373E+00
    0.251460878218884964E+02    0.169480742456478328E+01   -0.279628670689470282E+00
    0.237803897422013684E+02    0.199612016280163029E+01   -0.226476274503085828E+00
    0.243493849842265710E+02    0.208205876031371107E+01   -0.231099077403804587E+00
    0.253103378655219728E+02    0.183724211681876470E+01   -0.243430598111917251E+00
    0.235296939690888642E+02    0.171485832029513308E+01   -0.255367972429767887E+00
    0.276666836842758137E+02    0.196234140903555154E+01   -0.236298481357379186E+00
    0.239730255356571895E+02    0.189681736971340564E+01   -0.228464471583150447E+00
    0.256814140936826121E+02    0.220507508157416376E+01   -0.235446074226003721E+00
    0.248690727129854281E+02    0.239767205809698636E+01   -0.271846926081199758E+00
    0.258148135863803034E+02    0.242553466922926830E+01   -0.266396368559167263E+00
    0.255767683052887840E+02    0.229386361359415725E+01   -0.246613588732783662E+00
    0.254029768133183182E+02    0.235214768912882022E+01   -0.257290646476380114E+00
    0.256298879724534672E+02    0.232970357294502239E+01   -0.251455172599874488E+00
    0.252426740822999847E+02    0.227409049072484759E+01   -0.246558056757318900E+00
    0.247052898202696767E+02    0.241226704255380753E+01   -0.277003029452398020E+00
    0.274723929595297172E+02    0.230467695019749952E+01   -0.235210748523593527E+00
    0.262986444656847169E+02    0.239233676154103536E+01   -0.255297671728867526E+00
    0.248813817948952618E+02    0.237179791500098425E+01   -0.266474524273461966E+00
    0.251561850806290437E+02    0.227548729233450286E+01   -0.247464837102365831E+00
    0.256756093084934243E+02    0.244916383195540144E+01   -0.272834452209633649E+00
    0.261099055567662646E+02    0.246331105686616425E+01   -0.270538613922173765E+00
    0.256304862300938581E+02    0.227282503483080101E+01   -0.243367633615715673E+00
    0.246602748592681031E+02    0.235339014307719818E+01   -0.265388486787055511E+00
    0.247186276135556220E+02    0.242830831229691535E+01   -0.280411904656163335E+00
    0.250302990423083394E+02    0.225088563895832117E+01   -0.245062906170793710E+00
    0.251478072586269121E+02    0.235465852428660405E+01   -0.260343479685871459E+00
    0.251309359631206810E+02    0.227815713179925572E+01   -0.248059684794598140E+00
    0.247170172219837241E+02    0.221016833870626828E+01   -0.242144140530595020E+00
    0.276572747539380401E+02    0.223867160871751514E+01   -0.229471059812975692E+00
    0.248500415845214242E+02    0.222787617689509121E+01   -0.243408129100950055E+00
    0.246812183492458317E+02    0.222137340100541758E+01   -0.243834370957241808E+00
    0.257318782016397982E+02    0.222711033414542481E+01   -0.237354710447177125E+00
    0.260668238908599079E+02    0.225309993967545941E+01   -0.238050028138203945E+00
    0.266856469197678017E+02    0.266965493531268505E+01   -0.313100273138653629E+00
    0.246198479385700608E+02    0.259675250724839568E+01   -0.327073203389908362E+00
    0.259133437332272187E+02    0.260061624324257545E+01   -0.306283796404466013E+00
    0.254910440925221842E+02    0.251109494533059152E+01   -0.289370431411533069E+00
    0.251658378993821579E+02    0.250255206661822793E+01   -0.291921052854620888E+00
    0.251573953311666294E+02    0.253873696028581808E+01   -0.301392994442137185E+00
    0.257695667479379793E+02    0.254493758987267338E+01   -0.293773915364427540E+00
    0.249389141036537048E+02    0.253896895627667840E+01   -0.304876216163288416E+00
    0.258573024770191324E+02    0.262573862621400655E+01   -0.314287485845287928E+00
    0.252902143488252449E+02    0.263208780225005157E+01   -0.325981347268550214E+00
    0.276466992032315844E+02    0.264363660993140925E+01   -0.292080091065618386E+00
    0.259922355134578318E+02    0.241860709976612087E+01   -0.263098307117337393E+00
    0.246275170025459893E+02    0.230797177599676129E+01   -0.257428335998400482E+00
    0.244274050612829896E+02    0.246732880885584516E+01   -0.293832744749584651E+00
    0.244383225602962888E+02    0.245001434923299133E+01   -0.289364054562231965E+00
    0.245547073984451707E+02    0.231533619095779875E+01   -0.259460625064417749E+00
    0.265258049552074517E+02    0.252505468268681899E+01   -0.278597689586809860E+00
    0.254676390125918779E+02    0.262999320923748270E+01   -0.322212120223861032E+00
    0.251664899671351598E+02    0.253316056200832573E+01   -0.299772590325377508E+00
    0.249679366256483952E+02    0.261334700070061565E+01   -0.325966075091926155E+00
    0.294958516877982575E+02    0.231219453802584907E+01   -0.228603007961680454E+00
    0.238467003583124786E+02    0.214790390567085021E+01   -0.240713475988744374E+00
    0.232700126106452920E+02    0.212987424979807871E+01   -0.242597558084080983E+00
    0.234261929666524864E+02    0.217214579752087733E+01   -0.247037181342797479E+00
    0.232786782897029561E+02    0.214931522751661186E+01   -0.245065344233715149E+00
    0.236575360866175544E+02    0.216173003992487001E+01   -0.243798790658300457E+00
    0.236752154897197116E+02    0.218373019467253648E+01   -0.246634699685410658E+00
    0.236456849067167951E+02    0.218962082019261572E+01   -0.247713897334565919E+00
    0.234956006957068162E+02    0.213747342305283272E+01   -0.241914483903640370E+00
    0.238903399243239178E+02    0.218239579361819391E+01   -0.244744076021914725E+00
    0.240599660933862900E+02    0.216724894746793861E+01   -0.241552196927353635E+00
    0.231957285538137441E+02    0.239773839619268081E+01   -0.294317759058384532E+00
    0.236061325067674730E+02    0.252809491771943184E+01   -0.325066014114617163E+00
    0.236913346093738966E+02    0.250838929126000076E+01   -0.317060431264525655E+00
    0.237366889838957604E+02    0.230065784741779256E+01   -0.265549516039583045E+00
    0.238227901401934794E+02    0.244680182769574772E+01   -0.297563949401338457E+00
    0.237045528377440142E+02    0.240965515655717244E+01   -0.289902958296845370E+00
    0.234892357752035679E+02    0.246526112554259713E+01   -0.307979883667962362E+00
    0.235359387884714160E+02    0.227973713507028819E+01   -0.263773990348105225E+00
    0.237917576047490300E+02    0.231222509629253059E+01   -0.267186785233276269E+00
    0.236837120169308797E+02    0.238127677266423321E+01   -0.283398772969108259E+00
    0.233702295516564114E+02    0.230186975575083475E+01   -0.270016784079826710E+00
    0.235648832339204120E+02    0.244948944353426512E+01   -0.302226217676687448E+00
    0.234298338820972916E+02    0.235076725208469162E+01   -0.279779626936977333E+00
    0.232597029121994545E+02    0.247134297892066135E+01   -0.314280141846396632E+00
    0.234200961907025054E+02    0.238976603100293650E+01   -0.289072056525592314E+00
    0.233905906608144250E+02    0.240700629319877368E+01   -0.293784507015262486E+00
    0.234771585640768627E+02    0.247614750443909104E+01   -0.311455051898414215E+00
    0.237659728820625347E+02    0.226707455308674222E+01   -0.259013695162673363E+00
    0.235172983825290807E+02    0.235198708254834932E+01   -0.278914104450537492E+00
    0.236196271991737632E+02    0.226408458175432026E+01   -0.259993537961593246E+00
    0.233626999039868366E+02    0.228598279048318531E+01   -0.266918949135371841E+00
    0.237691200117427002E+02    0.250373853127744095E+01   -0.314072690309278812E+00
    0.232270251843144102E+02    0.243046556851690143E+01   -0.302826275367663045E+00
    0.236857808591129455E+02    0.222597767024150794E+01   -0.252878036207198564E+00
    0.237499390761522378E+02    0.221041998813137841E+01   -0.249885570210193114E+00
    0.237285705524076960E+02    0.234117059769523506E+01   -0.273877936041996117E+00
    0.240276184341444612E+02    0.252185994279826042E+01   -0.314934728215492288E+00
    0.240500545062098325E+02    0.255358552797946370E+01   -0.323989966147764541E+00
    0.240995176406075053E+02    0.229115959573388350E+01   -0.259857749810047833E+00
    0.242193981690919209E+02    0.235714697072417856E+01   -0.271255941784330545E+00
    0.244226039617925643E+02    0.235947758493459325E+01   -0.269320036097505211E+00
    0.240637068631962734E+02    0.236840300006985638E+01   -0.275551678619944507E+00
    0.243060937859829060E+02    0.242396401726790067E+01   -0.284944661652094311E+00
    0.244576536104971431E+02    0.233585330038589323E+01   -0.264278819152780009E+00
    0.241796748157665853E+02    0.241875339370461528E+01   -0.285446547594587430E+00
    0.242542177348302310E+02    0.245904036278135285E+01   -0.294278081330163699E+00
    0.240526607823448764E+02    0.228923613575013141E+01   -0.260000174635432513E+00
    0.241041498112003332E+02    0.235982766819990353E+01   -0.273214949420109821E+00
    0.242452027542816424E+02    0.252120258130064556E+01   -0.311128300937838498E+00
    0.240401007869261036E+02    0.231767964343759170E+01   -0.265438271503287360E+00
    0.241454440068896901E+02    0.254679963747354376E+01   -0.320259679933988406E+00
    0.241308915718065222E+02    0.224866710963016692E+01   -0.252380983798364045E+00
    0.241966442297587676E+02    0.256815744364949561E+01   -0.325825709199544788E+00
    0.244400858627242101E+02    0.223273563773502959E+01   -0.247290815941981768E+00
    0.232439350125162711E+02    0.236921441109072450E+01   -0.286573516539584405E+00
    0.232925009940356595E+02    0.232742178701887648E+01   -0.276366215109930202E+00
    0.232276796721313872E+02    0.226319201147336235E+01   -0.264026583608935717E+00
    0.234756763767156471E+02    0.229857029982024219E+01   -0.268115648228247849E+00
    0.237075960330872846E+02    0.216905508509440015E+01   -0.244379389417263643E+00
    0.240852637492284494E+02    0.246081884372928972E+01   -0.297250752283345854E+00
    0.244848042992268340E+02    0.229340622982797138E+01   -0.256351840187337421E+00
    0.233426748759066669E+02    0.172916952829816895E+01   -0.250212497279800272E+00
    0.230983412342117234E+02    0.160013130533328596E+01   -0.285103122601794656E+00
    0.232790079254888624E+02    0.191315133324662634E+01   -0.226201361958399266E+00
    0.233399951893975057E+02    0.168513589048574053E+01   -0.261257223775561098E+00
    0.233405346127803419E+02    0.154140273137002071E+01   -0.311760926100928204E+00
    0.228611424149375573E+02    0.170534358981478551E+01   -0.251423649447695186E+00
    0.232140627460272171E+02    0.169903986175410360E+01   -0.256288613934213316E+00
    0.229278925961029927E+02    0.192134738096714974E+01   -0.225810581916074088E+00
    0.230115774666064539E+02    0.193107636921086012E+01   -0.225791480361446001E+00
    0.229946066415557908E+02    0.185905507706400597E+01   -0.228465391079404223E+00
    0.225981729193018488E+02    0.170406060096653000E+01   -0.249394894516680510E+00
    0.224034201571607738E+02    0.173295936427552633E+01   -0.241937600214609055E+00
    0.220422821646439573E+02    0.153380278421813854E+01   -0.294542884033139662E+00
    0.220373216933577929E+02    0.174662607770802092E+01   -0.237195710935739046E+00
    0.224825273133426933E+02    0.152342378146345703E+01   -0.305411456415824789E+00
    0.220564603756633204E+02    0.189135614970185939E+01   -0.225794366148025671E+00
    0.231911216278186281E+02    0.163386549890615962E+01   -0.274871147035943009E+00
    0.229744250440868214E+02    0.179201613375363955E+01   -0.235802179281283414E+00
    0.231651089125483693E+02    0.158508246796171726E+01   -0.291531845861667582E+00
    0.230921625050938957E+02    0.189289817629216861E+01   -0.226677343475809118E+00
    0.228338877255044643E+02    0.165161775298722358E+01   -0.265206172238754478E+00
    0.228723687002278560E+02    0.164321374545926657E+01   -0.268122929145027444E+00
    0.223939001912759288E+02    0.183840348408211973E+01   -0.228278234781217310E+00
    0.225888199310533473E+02    0.189414653873615979E+01   -0.226007027108650976E+00
    0.225416465305958944E+02    0.172755806108337362E+01   -0.243989272990644518E+00
    0.221924333397985372E+02    0.179137399433543543E+01   -0.231955139202174754E+00
    0.223622313120998193E+02    0.168139186997938594E+01   -0.252533968171687828E+00
    0.226380850143324004E+02    0.179823539445968095E+01   -0.233195734966638785E+00
    0.230925926400730965E+02    0.193607457690119356E+01   -0.225794323018988718E+00
    0.227021866255754361E+02    0.183831703137123892E+01   -0.229226472427031869E+00
    0.219671335473415681E+02    0.153049576056022651E+01   -0.294698915822435903E+00
    0.230414664288979267E+02    0.163468568038220008E+01   -0.272762574832649318E+00
    0.225702137963417719E+02    0.162773094798006390E+01   -0.269279013677909185E+00
    0.222069421375469815E+02    0.178086232886240792E+01   -0.233288737124277029E+00
    0.227163497076580967E+02    0.190454627297597501E+01   -0.225905590582377774E+00
    0.224493936644375616E+02    0.189989148795756524E+01   -0.225834512013597583E+00
    0.232271206390576594E+02    0.176005860452831353E+01   -0.242817270754628306E+00
    0.228581559064164210E+02    0.182041322037099729E+01   -0.231576913145375457E+00
    0.223621426831244108E+02    0.169520120198398283E+01   -0.249339487074858895E+00
    0.226246574143735337E+02    0.157046152465340993E+01   -0.289221222963287783E+00
    0.220241324607940818E+02    0.190738044445736055E+01   -0.225909407040610161E+00
    0.230113489681244197E+02    0.188031493884032752E+01   -0.227136141182350121E+00
    0.224542751436048036E+02    0.181711850847388723E+01   -0.230293433457005703E+00
    0.227978608365427071E+02    0.196231912022422250E+01   -0.226642119897221106E+00
    0.222837811964221189E+02    0.186672239794361294E+01   -0.226472957399936420E+00
    0.225403287842386462E+02    0.180577799799094363E+01   -0.231843241044297044E+00
    0.227691782679374803E+02    0.155034218222294751E+01   -0.299015721877157192E+00
    0.225246950242734236E+02    0.168305177356799041E+01   -0.253644942262864548E+00
    0.220702546215198190E+02    0.176894825715935200E+01   -0.234151189710799096E+00
    0.225992776089973759E+02    0.175006764251778835E+01   -0.240215156215689368E+00
    0.226716726646504974E+02    0.168327565601185025E+01   -0.254987219510325047E+00
    0.221301183847866803E+02    0.191880759657723665E+01   -0.226054407889266812E+00
    0.220822396580910869E+02    0.153748578320127871E+01   -0.293726039994725241E+00
    0.230436925302980704E+02    0.171991608766512183E+01   -0.249694874917202547E+00
    0.231391410948055167E+02    0.178741950113183812E+01   -0.237464965616303092E+00
    0.226780828467493052E+02    0.148571695069395915E+01   -0.325133441696246861E+00
    0.228102996336752675E+02    0.148641679463141685E+01   -0.327168042262105718E+00
    0.231963273581422840E+02    0.151636976453867289E+01   -0.320292360107704566E+00
    0.227499562972904670E+02    0.150725475052862157E+01   -0.316690706420052814E+00
    0.230189021267972826E+02    0.153148680363641132E+01   -0.310697395004255084E+00
    0.227746553829426297E+02    0.169791576918221487E+01   -0.252388263885360342E+00
    0.219780258124454519E+02    0.183427480464731563E+01   -0.227486664398591887E+00
    0.231385444633903674E+02    0.179576464647878975E+01   -0.236182941682966469E+00
    0.222980160040435642E+02    0.155305892074742635E+01   -0.290997440824376064E+00
    0.224672998586411445E+02    0.170360564961211614E+01   -0.248376132562434682E+00
    0.222756010102582103E+02    0.170739881115587888E+01   -0.245989050851664642E+00
    0.211084639795327966E+02    0.180116466880555226E+01   -0.227306463786702412E+00
    0.219141181092959236E+02    0.184530846743468757E+01   -0.226772614654520199E+00
    0.216156937653965855E+02    0.182106526980217653E+01   -0.227440703782204684E+00
    0.210094510583867233E+02    0.173318664665869848E+01   -0.233066655448800619E+00
    0.215956917088637255E+02    0.178373674540142879E+01   -0.230318458170952756E+00
    0.215624833817045669E+02    0.170506045387237126E+01   -0.241105565286057699E+00
    0.212000983158076046E+02    0.169938427255124225E+01   -0.239286265792401615E+00
    0.213710529262472875E+02    0.171726830675898556E+01   -0.237604505203498739E+00
    0.217201491376281055E+02    0.179328982537014303E+01   -0.229864006970338181E+00
    0.215992419129872530E+02    0.182978179274173591E+01   -0.226933088272079669E+00
    0.217125800042161394E+02    0.183369729246138968E+01   -0.226955751720561649E+00
    0.211633537938317318E+02    0.155486587451702185E+01   -0.274372021123569121E+00
    0.211320447024492530E+02    0.170599793185410276E+01   -0.237699729848076274E+00
    0.210804070482673893E+02    0.178959611128673401E+01   -0.227949031268439795E+00
    0.218610986954364357E+02    0.157038132946680431E+01   -0.278883546923384573E+00
    0.217744874727661610E+02    0.165391574592176349E+01   -0.253691462686445712E+00
    0.214034978583323614E+02    0.157221089292433502E+01   -0.272265239023865291E+00
    0.216192332027692800E+02    0.192641505700043236E+01   -0.227098217793509805E+00
    0.216286788056881569E+02    0.165743583164459318E+01   -0.251506862285687527E+00
    0.214450770510019773E+02    0.151695043790013884E+01   -0.291968953759408290E+00
    0.216692880834121055E+02    0.164852259818576874E+01   -0.254017613906631967E+00
    0.212689014933202856E+02    0.165659339480068279E+01   -0.248180116504324227E+00
    0.214283799935916015E+02    0.154439552352839993E+01   -0.281809931366734934E+00
    0.198129354041805641E+02    0.142457246381523639E+01   -0.299493824749520854E+00
    0.206146853784780859E+02    0.145275830122700800E+01   -0.302539468440674530E+00
    0.188430310923256137E+02    0.133753714400018220E+01   -0.317835672939861591E+00
    0.199612393554523635E+02    0.136627094134342597E+01   -0.327456226315555599E+00
    0.183686300847873198E+02    0.130375205164581542E+01   -0.323500107856328156E+00
    0.187437509846190800E+02    0.143972134746454739E+01   -0.276687261600207957E+00
    0.206793287598647453E+02    0.146346906780759722E+01   -0.299409009425787964E+00
    0.208641685410076008E+02    0.182742542488442128E+01   -0.225930756636129243E+00
    0.205442735424314478E+02    0.153128017181952236E+01   -0.273076675802883584E+00
    0.195950519351839247E+02    0.172097441084668290E+01   -0.227960037739240284E+00
    0.203086204418576024E+02    0.167459137567732741E+01   -0.236861923837608707E+00
    0.189187899320133717E+02    0.174663333678591570E+01   -0.225795759385058303E+00
    0.206224926658972691E+02    0.178442774859349562E+01   -0.227037812470109984E+00
    0.206131325588484344E+02    0.155702624770861675E+01   -0.266156500251267969E+00
    0.197583974796676820E+02    0.154811933112466216E+01   -0.258035501035296655E+00
    0.190822590520370099E+02    0.184790008271579920E+01   -0.230382371286799753E+00
    0.191659148184624755E+02    0.180648707869738123E+01   -0.226918661055235588E+00
    0.199299016604621038E+02    0.188990855069881203E+01   -0.230367548133149191E+00
    0.202698977303397605E+02    0.166508049190649698E+01   -0.238088937343129387E+00
    0.205878456704569004E+02    0.159551522194059547E+01   -0.255377352276780378E+00
    0.208897971832095948E+02    0.153189885628433542E+01   -0.277892061050986849E+00
    0.209618789706897459E+02    0.159469961242634994E+01   -0.259936798253456280E+00
    0.189938110481488209E+02    0.171086002050435804E+01   -0.226798070688720793E+00
    0.196422871802003307E+02    0.177543851544366316E+01   -0.225847317704577527E+00
    0.201145129946342358E+02    0.175709528702227979E+01   -0.227289008786654728E+00
    0.196278234186136373E+02    0.154163407114360762E+01   -0.258207466887929615E+00
    0.186034755895650576E+02    0.165603384945061904E+01   -0.229189169561932582E+00
    0.195022154845413489E+02    0.149310788203555633E+01   -0.270463335778616032E+00
    0.203713106983272461E+02    0.163637446205320991E+01   -0.244054623842286156E+00
    0.199755011356781012E+02    0.176909708284826817E+01   -0.226399777722600948E+00
    0.204857715309891120E+02    0.187296253171076321E+01   -0.226961220140482811E+00
    0.184153175268262892E+02    0.160287330167081299E+01   -0.234098723063761421E+00
    0.205228775468810021E+02    0.188454350268791648E+01   -0.227514051489597913E+00
    0.195864329504469410E+02    0.166493570699273663E+01   -0.233584483665179754E+00
    0.200594357055748596E+02    0.152791116020793227E+01   -0.267454894664006071E+00
    0.201889779767095803E+02    0.185956904800263079E+01   -0.227032380429447067E+00
    0.205201904162645903E+02    0.173050902288367325E+01   -0.230876680863724149E+00
    0.207846376492251963E+02    0.161562254102942937E+01   -0.252604132094424172E+00
    0.203343916686278341E+02    0.177355897887155312E+01   -0.226937191095063689E+00
    0.200634421253036095E+02    0.162197767216404998E+01   -0.244183259599683122E+00
    0.197916453812396433E+02    0.172818702737563834E+01   -0.228142867368037766E+00
    0.209120800276810535E+02    0.159904643154063208E+01   -0.258188211677783219E+00
    0.231266938616400353E+02    0.218345046766125783E+01   -0.251288161248947706E+00
    0.229531937050156145E+02    0.217763810632960553E+01   -0.251951198513696739E+00
    0.229992579815102545E+02    0.212755347249506022E+01   -0.244323814580945403E+00
    0.207401143405565591E+02    0.208352671166671177E+01   -0.259151288751053310E+00
    0.209194742810224348E+02    0.208411735012504407E+01   -0.256908256780508215E+00
    0.211181108251456031E+02    0.215498694522871803E+01   -0.269061574201252818E+00
    0.211850417712361150E+02    0.215656506206428622E+01   -0.268363215579648207E+00
    0.196744931158397129E+02    0.212501552166720442E+01   -0.286532996017065833E+00
    0.192924693127894535E+02    0.200270319510881345E+01   -0.256775833645870366E+00
    0.213594489432717758E+02    0.205605162903982031E+01   -0.245095213277355478E+00
    0.208341231099025244E+02    0.211744794289067872E+01   -0.265517491566809538E+00
    0.214201085965357905E+02    0.211312842373431309E+01   -0.256499236881864157E+00
    0.211890090115419554E+02    0.211114363640476643E+01   -0.259220588567317001E+00
    0.215741576886902457E+02    0.210877808225699193E+01   -0.253804686296689619E+00
    0.205226837226411938E+02    0.201072739715520887E+01   -0.244329573060745209E+00
    0.208120225210131800E+02    0.211413962184169391E+01   -0.265169063726826360E+00
    0.176999008721406952E+02    0.209691499675667314E+01   -0.319224606489066587E+00
    0.213387084110949701E+02    0.201572560770799658E+01   -0.237917222900104253E+00
    0.186238175707251301E+02    0.201945956010237904E+01   -0.271387653201557999E+00
    0.212637426714673516E+02    0.211519972013284274E+01   -0.258964044572673024E+00
    0.184551551255644526E+02    0.203851913398744022E+01   -0.280603264278966313E+00
    0.210721183060823094E+02    0.214770457613107624E+01   -0.268222256600441522E+00
    0.222258278485379108E+02    0.213098465821040817E+01   -0.251254318155868073E+00
    0.217897782975948893E+02    0.203957347602313499E+01   -0.238766691529163411E+00
    0.221730008728302579E+02    0.206798083021143997E+01   -0.241129565936518381E+00
    0.224220745930419518E+02    0.205450953185358909E+01   -0.237241985495387164E+00
    0.228042081124930327E+02    0.206421267456151947E+01   -0.236468447148255517E+00
    0.231353120453409780E+02    0.212845994049655829E+01   -0.243412341500964940E+00
    0.227686350461543334E+02    0.204242243795369571E+01   -0.233611819278920552E+00
    0.231930874350948173E+02    0.214390857251129185E+01   -0.245005734996340374E+00
    0.223512828178572356E+02    0.208041262368441604E+01   -0.242149532945479751E+00
    0.220386529789465335E+02    0.206978427801384557E+01   -0.242418210988519928E+00
    0.224503539087272408E+02    0.204854982512463124E+01   -0.236167508468938941E+00
    0.227822326646049298E+02    0.210844198114714043E+01   -0.243471606545824892E+00
    0.225926946871195682E+02    0.212478559769119979E+01   -0.247176082876385012E+00
    0.228675185261835310E+02    0.209195301473980777E+01   -0.240623427393082567E+00
    0.230472635212591861E+02    0.205711431839962389E+01   -0.234128719324061041E+00
    0.223702407478461502E+02    0.210638054683798392E+01   -0.246401979035214769E+00
    0.231913362372483789E+02    0.213660551571205559E+01   -0.244048927394429321E+00
    0.218741877549576280E+02    0.204628762600872838E+01   -0.239347725642211684E+00
    0.223921544589712909E+02    0.210320529121829791E+01   -0.245787006540601621E+00
    0.218157292185991523E+02    0.209225297227441809E+01   -0.248777977696324676E+00
    0.229637974849566717E+02    0.245606126316965545E+01   -0.315485995687785348E+00
    0.230420336024660202E+02    0.248505836387921697E+01   -0.323000208669086020E+00
    0.230634778774924634E+02    0.244523002177287285E+01   -0.310238266426684228E+00
    0.228825795975914517E+02    0.245512991852157736E+01   -0.316827615322978484E+00
    0.222676917768079790E+02    0.236892062485454780E+01   -0.303037741196872934E+00
    0.216161184784380289E+02    0.235285579052300164E+01   -0.310715970527100649E+00
    0.229050873009515357E+02    0.245291973724083556E+01   -0.315692465153154356E+00
    0.225987324868369228E+02    0.238673273280639231E+01   -0.301989676161884546E+00
    0.230668274496659897E+02    0.243647566399068927E+01   -0.307579534428178036E+00
    0.219099941312537396E+02    0.238811849503498808E+01   -0.315632722896401263E+00
    0.227829575684269230E+02    0.233702123719423671E+01   -0.285494916880756955E+00
    0.217373190312593785E+02    0.239386239573747828E+01   -0.320932584428549661E+00
    0.216262791622600119E+02    0.237054019692871876E+01   -0.315892386234736200E+00
    0.226374388896594638E+02    0.235665567969864886E+01   -0.293022846220272304E+00
    0.230550794501812533E+02    0.229275474969604431E+01   -0.271907069038364702E+00
    0.215164928721934920E+02    0.231142263943986181E+01   -0.300624876662859974E+00
    0.206475704333619561E+02    0.228930361163365070E+01   -0.312580466182764916E+00
    0.209976808720339392E+02    0.230579906037364957E+01   -0.309902210517356780E+00
    0.211330369036678292E+02    0.228962579067576621E+01   -0.302330697476238752E+00
    0.226265631083319150E+02    0.229122439407585077E+01   -0.276896974649783745E+00
    0.207849025499952234E+02    0.231547250911200120E+01   -0.317556244531783993E+00
    0.205326755274110617E+02    0.229297254917025617E+01   -0.316254687299576787E+00
    0.191564579139597377E+02    0.221330502607538016E+01   -0.322610981160463495E+00
    0.224941938940567212E+02    0.229367147295440832E+01   -0.279475728010628810E+00
    0.228452970818298589E+02    0.248087275754730330E+01   -0.325771957910178489E+00
    0.221764510384142284E+02    0.234725838201727299E+01   -0.298606830340756246E+00
    0.217181343242646534E+02    0.240020057933234421E+01   -0.323352308353714701E+00
    0.206003881572212002E+02    0.224201902689754240E+01   -0.299806558899992082E+00
    0.205903812517916691E+02    0.218287393643667382E+01   -0.284370983757097240E+00
    0.212684975262860121E+02    0.222245622949239019E+01   -0.281999287303326240E+00
    0.217270747348797890E+02    0.221263419222538094E+01   -0.272295054608752252E+00
    0.214151676306519505E+02    0.219887000149655565E+01   -0.273966712218028263E+00
    0.210352693104064699E+02    0.220193708786444819E+01   -0.281127120115544249E+00
    0.212074334069975947E+02    0.220323360006301883E+01   -0.278452486414927869E+00
    0.189623317039428727E+02    0.218960695533982053E+01   -0.319561790632997278E+00
    0.205833409968618852E+02    0.231344081359799425E+01   -0.321520519223390755E+00
    0.225098064890885361E+02    0.226848691118233869E+01   -0.273453311419394773E+00
    0.218924641005726208E+02    0.224078100359910470E+01   -0.276234089092569191E+00
    0.225290371391215629E+02    0.227356916919256591E+01   -0.274297718463397677E+00
    0.221010882835693678E+02    0.223014214163940849E+01   -0.270805321314104008E+00
    0.223727989943594530E+02    0.216000362866161666E+01   -0.254527982601045366E+00
    0.227727439178672171E+02    0.216446883333400342E+01   -0.251528414754987661E+00
    0.228834526510497902E+02    0.219273779347360387E+01   -0.255043338781423212E+00
    0.230287988069532226E+02    0.223013610739843893E+01   -0.260050600050029779E+00
    0.225589353704595865E+02    0.224890768797543839E+01   -0.268818614970773972E+00
    0.227102807752837776E+02    0.217233325303415681E+01   -0.253348410933043611E+00
    0.220033320003083617E+02    0.227773673486041783E+01   -0.283338008791726714E+00
    0.224530379383722618E+02    0.218185211134117063E+01   -0.257427177857284861E+00
    0.229221161625561969E+02    0.226971942432103635E+01   -0.268767966121140733E+00
    0.210097154341483723E+02    0.223752761559104796E+01   -0.290551882240322634E+00
    0.203041480588838326E+02    0.203360241200802117E+01   -0.251861871377343671E+00
    0.225102159200685854E+02    0.214836107198179960E+01   -0.251391248017788449E+00
    0.228378147260086770E+02    0.219732634423233586E+01   -0.256256939772516512E+00
    0.201210117022724297E+02    0.220499566051965212E+01   -0.299183394360676980E+00
    0.222149575443039033E+02    0.204066087598149171E+01   -0.236345634700357743E+00
    0.216195996228606404E+02    0.210372518400586905E+01   -0.252492715039186799E+00
    0.212659529873847575E+02    0.210758337921255112E+01   -0.257524059692726293E+00
    0.213985775716777304E+02    0.207543506413978696E+01   -0.248900552082633453E+00
    0.200736057839261193E+02    0.218842837574675420E+01   -0.295573421238135126E+00
    0.224004474594977481E+02    0.200597638702045789E+01   -0.231005203846213064E+00
    0.231015232341402275E+02    0.203957377370300774E+01   -0.231717940478268380E+00
    0.226491947266924285E+02    0.202492069125263230E+01   -0.232036534986878318E+00
    0.231006901918505498E+02    0.204042779532999852E+01   -0.231817905050771655E+00
    0.230216394066038816E+02    0.202766955063322740E+01   -0.230768345773978756E+00
    0.227979786933364430E+02    0.240536869120084074E+01   -0.303615541842708669E+00
    0.221518753671188691E+02    0.234333885231503869E+01   -0.297963648491721522E+00
    0.216946993673123103E+02    0.221072859071051608E+01   -0.272338600582847035E+00
    0.230456864946384918E+02    0.234089831933378711E+01   -0.282615118293072287E+00
    0.187652815863777676E+02    0.206047291261799215E+01   -0.282920837543871317E+00
    0.191450872083055970E+02    0.210605389724418757E+01   -0.291562909156590389E+00
    0.227011129208434248E+02    0.211375154837951129E+01   -0.244787826286671562E+00
    0.216980349449215772E+02    0.219837170846533603E+01   -0.269591914867983562E+00
    0.209824131290023637E+02    0.203964040612017117E+01   -0.245585839454368654E+00
    0.211384374635573309E+02    0.202291964850720429E+01   -0.240756458091061026E+00
    0.213981354075750261E+02    0.231050802140760325E+01   -0.302798635569617725E+00
    0.228432611235855916E+02    0.206230547639057482E+01   -0.235959900696191438E+00
    0.167462977691483630E+02    0.197045362526454682E+01   -0.289020362171920953E+00
    0.207858752538860365E+02    0.205023033426163526E+01   -0.250116944963752974E+00
    0.228950636708483373E+02    0.244724672906836149E+01   -0.314151242698290145E+00
    0.209257162035864255E+02    0.200016446181499274E+01   -0.238605435382189562E+00
    0.231390331319535818E+02    0.225569807125470279E+01   -0.263581305559157153E+00
    0.215862515292220785E+02    0.230212941216498956E+01   -0.296730214218602517E+00
    0.212906548472698702E+02    0.194799680063719771E+01   -0.229668708370496882E+00
    0.221305687129787358E+02    0.217524297563896418E+01   -0.259549604791282196E+00
    0.224611797898636958E+02    0.197611250638307778E+01   -0.228163913316826367E+00
    0.219063979006586251E+02    0.197231474986102739E+01   -0.229580378946240726E+00
    0.227672048933954869E+02    0.199280919936684864E+01   -0.228524154506872079E+00
    0.219892494603211439E+02    0.195423719379865934E+01   -0.227910442116352169E+00
    0.223036025933212692E+02    0.195967380046696160E+01   -0.227484768189811504E+00
    0.229275741275701783E+02    0.197211449916412018E+01   -0.226858234714992862E+00
    0.227624933761475816E+02    0.198276137664400443E+01   -0.227823380334988390E+00
    0.216586022017193613E+02    0.195510228903094463E+01   -0.228924257437985390E+00
    0.212214302588300292E+02    0.194524219580999080E+01   -0.229699307969198879E+00
    0.209441766850922271E+02    0.196344494974682870E+01   -0.233011212383887917E+00
    0.216061966085086183E+02    0.196678894215307487E+01   -0.230143928596988623E+00
    0.202373169745142789E+02    0.194588714673925534E+01   -0.235428086597604225E+00
    0.205964977418956501E+02    0.193495339737926608E+01   -0.231654102993304412E+00
    0.217139239984967318E+02    0.194225142503922843E+01   -0.227819879455070401E+00
    0.212520514989945823E+02    0.192753476222887432E+01   -0.228153016507769590E+00
    0.204750128536078400E+02    0.191300888271782599E+01   -0.229969791280843883E+00
    0.216522915383999788E+02    0.202366972922972099E+01   -0.237064759260543295E+00
    0.207999939643686780E+02    0.205931004281075536E+01   -0.252116452984095074E+00
    0.254227681742951539E+02    0.182792533056832207E+01   -0.246176098752352551E+00
    0.243179652762818215E+02    0.211396354723088331E+01   -0.234332195902523771E+00
    0.194931127708036911E+02    0.209081302541645631E+01   -0.280840521568339108E+00
    0.253238030828575091E+02    0.219079305344689468E+01   -0.236071908424443366E+00
    0.250316415866213013E+02    0.176698229872354462E+01   -0.256847889656854511E+00
    0.186731744768710115E+02    0.187879354577634361E+01   -0.237067087342178184E+00
    0.254137765117379182E+02    0.242644484987544962E+01   -0.271261672529140463E+00
    0.245103582485998466E+02    0.213950600010056968E+01   -0.235671377670635812E+00
    0.226217151194588624E+02    0.148831818529235971E+01   -0.322949006063731336E+00
    0.234917696084494345E+02    0.239036953713182543E+01   -0.288207329934825174E+00
    0.219413264200697142E+02    0.199399830224068353E+01   -0.231627090288236498E+00
    0.237733960173557541E+02    0.173272478559100929E+01   -0.253282134303745687E+00
    0.224037765889561626E+02    0.147576911931075960E+01   -0.324841306464224766E+00
    0.242335277721045834E+02    0.254985601419207519E+01   -0.319648373638091288E+00
    0.247843548310239434E+02    0.202602419188156713E+01   -0.226180525099779817E+00
    0.234101374264916196E+02    0.228896130055248914E+01   -0.266963705058035405E+00
    0.230724724327417405E+02    0.186526733078826057E+01   -0.228228807772392739E+00
    0.222742355133031218E+02    0.241349307065533170E+01   -0.316165255297243319E+00
    0.249575394256928753E+02    0.183691497971740914E+01   -0.240949967697259043E+00
    0.233499724048881845E+02    0.201153814618167415E+01   -0.228245165762163388E+00
    0.236211030934193325E+02    0.165444582903681114E+01   -0.273589639153240471E+00
    0.266275130254866319E+02    0.263558964261376527E+01   -0.304518255609376121E+00
    0.239874183491186734E+02    0.248048751661865108E+01   -0.303978547570818547E+00
    0.211664800459931506E+02    0.152664145658263761E+01   -0.283922680218563650E+00
    0.220816877315988904E+02    0.238764665942221299E+01   -0.312088446840348366E+00
    0.247437676876067698E+02    0.195044386161348360E+01   -0.226965983059785936E+00
    0.231409325287603913E+02    0.176182660768579247E+01   -0.241861303552567131E+00
    0.232388688683335864E+02    0.249551429584267570E+01   -0.322256886216690575E+00
    0.223122900595608904E+02    0.189125211687285288E+01   -0.225872593575211250E+00
    0.230964921761333990E+02    0.169932185185379891E+01   -0.255073180018334622E+00
    0.235942250033657039E+02    0.225002142043670350E+01   -0.257770667828068123E+00
    0.216382693094467946E+02    0.193025744706922708E+01   -0.227267303717161723E+00
    0.236148769086913362E+02    0.214443567619008224E+01   -0.241919982698341918E+00
    0.221120215858853442E+02    0.156400304288721737E+01   -0.284420415445246377E+00
    0.239976514169135200E+02    0.194298448929376955E+01   -0.226141500385784039E+00
    0.249061749637647836E+02    0.221199421435930921E+01   -0.241028663699373091E+00
    0.270251257637575080E+02    0.171239382512585081E+01   -0.298446239558244342E+00
    0.224597308337858976E+02    0.154962627373080153E+01   -0.294651140627655850E+00
    0.236385226358751552E+02    0.189734164396679539E+01   -0.227547260226800191E+00
    0.177936367851654040E+02    0.201244972848841819E+01   -0.283027747693358422E+00
    0.243940037360677309E+02    0.244340506021564696E+01   -0.288379340741289902E+00
    0.187074941670382771E+02    0.202596589915812464E+01   -0.272141880999644037E+00
    0.230308823678038692E+02    0.159712698734854941E+01   -0.285245913850160515E+00
    0.212757201098178328E+02    0.197127447490999108E+01   -0.232149521947292131E+00
    0.225490812106622975E+02    0.197935342907316691E+01   -0.228153224480169142E+00
    0.225755720488307823E+02    0.210536037084744265E+01   -0.244639578679910791E+00
    0.260208099559593187E+02    0.260065855004091251E+01   -0.304587938128291880E+00
    0.230518038205425171E+02    0.151767702293129636E+01   -0.317229916399355272E+00
    0.263351132550532903E+02    0.229612860070580149E+01   -0.241180073834998621E+00
    0.226278302775179725E+02    0.170333073376833966E+01   -0.249816908731808868E+00
    0.230288459494005515E+02    0.168032940589818969E+01   -0.259306660107755382E+00
    0.217073189076304658E+02    0.178271101598224480E+01   -0.230857148645353089E+00
    0.261371808011100342E+02    0.246509251597684065E+01   -0.270579606031356334E+00
    0.229268461251738245E+02    0.193668822357516568E+01   -0.225838095904242975E+00
    0.239494856501372020E+02    0.199928706331108019E+01   -0.226354065048087472E+00
    0.224165175037620941E+02    0.200319052171908307E+01   -0.230652522299518575E+00
    0.273318494900244424E+02    0.214938181401864314E+01   -0.226415859080425552E+00
    0.239425694529505648E+02    0.241082603396783401E+01   -0.286835384414668826E+00
    0.237661155440328784E+02    0.183290835988251510E+01   -0.234348583595370114E+00
    0.221946722078536887E+02    0.206990846034444820E+01   -0.241327450378827135E+00
    0.223732550860528292E+02    0.241258158463723094E+01   -0.313911171541871536E+00
    0.233785442286200258E+02    0.167556224034326551E+01   -0.264361898893656744E+00
    0.264940156896123185E+02    0.232490494832307304E+01   -0.243625696518251306E+00
    0.223195962793931955E+02    0.199823675136526901E+01   -0.230529769268616347E+00
    0.231738650691069630E+02    0.249669514463911701E+01   -0.323989016179555667E+00
    0.244379196276235575E+02    0.173176073170431000E+01   -0.260095189538193439E+00
    0.198280145883666528E+02    0.219731123377460236E+01   -0.303013672050208183E+00
    0.171351762911757604E+02    0.204602183591715470E+01   -0.309302169046385189E+00
    0.257826253001209125E+02    0.193804327945593036E+01   -0.231056855644023895E+00
    0.199033830849798825E+02    0.216775304378392208E+01   -0.293332078926318185E+00
    0.242572436373468783E+02    0.233583036452106363E+01   -0.266519668582259228E+00
    0.244262418529389578E+02    0.171699659852641462E+01   -0.264072633551020508E+00
    0.246655249503252634E+02    0.254086997232731537E+01   -0.309797895742614682E+00
    0.215369163389210279E+02    0.180869160872488699E+01   -0.228037116948722196E+00
    0.211484772495232356E+02    0.232927555012185339E+01   -0.313679877042971456E+00
    0.243482652989274087E+02    0.217060884277985755E+01   -0.239966027532688475E+00
    0.238606563524772142E+02    0.208654788353866216E+01   -0.233871012706260595E+00
    0.198520827557536563E+02    0.185404759351113846E+01   -0.227696957606726508E+00
    0.188573950579911802E+02    0.211160037960918645E+01   -0.298713683932938456E+00
    0.234453182250315280E+02    0.235315146424123656E+01   -0.280115357432902667E+00
    0.195195893792833743E+02    0.155118077590329140E+01   -0.254539867325367264E+00
    0.250816067299440526E+02    0.253943967040667484E+01   -0.302759881282425924E+00
    0.230286713091047588E+02    0.177670154299177785E+01   -0.238504940559815748E+00
    0.212558090478388451E+02    0.148655347930853199E+01   -0.300463550503706711E+00
    0.222621049535925053E+02    0.201366525874428826E+01   -0.232468047797869060E+00
    0.221469075000311300E+02    0.182253895845106406E+01   -0.228760569359977101E+00
    0.264900945688687770E+02    0.222916804698187088E+01   -0.233393140875601118E+00
    0.218873914438381334E+02    0.159030067326110824E+01   -0.272717553253527423E+00
    0.217696473449212995E+02    0.194255222522055515E+01   -0.227700171873922413E+00
    0.256675409345750332E+02    0.247777867428485132E+01   -0.279156975124960682E+00
    0.248426985619272003E+02    0.221216825278667573E+01   -0.241494153666183126E+00
    0.219762721928584739E+02    0.172857331224796296E+01   -0.239772955883579830E+00
    0.224289729552162527E+02    0.206793823457743287E+01   -0.239389460608100069E+00
    0.264780969838843632E+02    0.195257675916465212E+01   -0.232439730530083682E+00
    0.250056130263592706E+02    0.251198049126703715E+01   -0.296676940527635546E+00
    0.233067577408565825E+02    0.169209699777417910E+01   -0.259028088066977247E+00
    0.245055824108658449E+02    0.256145371983665759E+01   -0.318409201571675016E+00
    0.252516777999472772E+02    0.233759135750061020E+01   -0.256302456159496095E+00
    0.215537830300632436E+02    0.222288535045047420E+01   -0.277183575006261673E+00
    0.244763937867375176E+02    0.215725316899419273E+01   -0.237665437785397504E+00
    0.217057094199363547E+02    0.227643905877211372E+01   -0.287868765684232641E+00
    0.240278625181160344E+02    0.252025744321802669E+01   -0.314466788067408909E+00
    0.217080938695842249E+02    0.179633641979776160E+01   -0.229543555389321807E+00
    0.243835860988771458E+02    0.214964036247926593E+01   -0.237430695776418704E+00
    0.246831321668299779E+02    0.218718008230658745E+01   -0.239638559850384153E+00
    0.219647244282653169E+02    0.186461959088654972E+01   -0.226139563221341600E+00
    0.219559925892980417E+02    0.146738123632418960E+01   -0.320801264174033540E+00
    0.226865815647587077E+02    0.202005895481839115E+01   -0.231330723638066338E+00
    0.258433539418225990E+02    0.226671111703553896E+01   -0.241072247624647518E+00
    0.213249069406903118E+02    0.170967089842303333E+01   -0.238498989217526824E+00
    0.273866760301906425E+02    0.229030822298826164E+01   -0.234273609385975606E+00
    0.207969730202812535E+02    0.180159087718504374E+01   -0.226601709906027349E+00
    0.215821315393771549E+02    0.148503300488359868E+01   -0.306921818016959447E+00
    0.224638007073660049E+02    0.170704743687599647E+01   -0.247598588224973715E+00
    0.251935970589415312E+02    0.172680605407200671E+01   -0.269933337368107151E+00
    0.246289911745898102E+02    0.241027401742104130E+01   -0.277538688830682556E+00
    0.242975983397468696E+02    0.220829286750781728E+01   -0.245049643904843323E+00
    0.262403116228443949E+02    0.222747565101715361E+01   -0.234514561137858235E+00
    0.217153302838955859E+02    0.221940817544882574E+01   -0.273980666562244679E+00
    0.233131182497857665E+02    0.195303116160587020E+01   -0.225853559727984626E+00
    0.224688399951959958E+02    0.152391063907549906E+01   -0.304994109555383308E+00
    0.233647204307380179E+02    0.222162376396818395E+01   -0.255205263700980234E+00
    0.232447204945128689E+02    0.217696961742998907E+01   -0.249264412494657611E+00
    0.216199691436789614E+02    0.185084223838148487E+01   -0.226152637628816350E+00
    0.232325425979608937E+02    0.231281941496579702E+01   -0.273966717768919177E+00
    0.222076575514667205E+02    0.223684324317071104E+01   -0.270757788248622788E+00
    0.231503702414808537E+02    0.214889945275086891E+01   -0.246023807003203587E+00
    0.217937524837521082E+02    0.169756260747219567E+01   -0.244214293946866917E+00
    0.209887889234851244E+02    0.228988901107093046E+01   -0.305413085830897102E+00
    0.244749020183559054E+02    0.254065782628022552E+01   -0.312876444257738140E+00
    0.226956241497401798E+02    0.188316070964365601E+01   -0.226452230567801976E+00
    0.232827384384447846E+02    0.171979877231417921E+01   -0.251848512524651291E+00
    0.258351727425421132E+02    0.198052770828507319E+01   -0.227644367095546585E+00
    0.262189351200634597E+02    0.192256594896384581E+01   -0.235033852841512486E+00
    0.210079595558438079E+02    0.190666955115826298E+01   -0.227499112237485757E+00
    0.199585592282453774E+02    0.215447075921229958E+01   -0.288793010282812346E+00
    0.214103192895990340E+02    0.156291715567229650E+01   -0.275333599075492597E+00
    0.219094754161625822E+02    0.216616456257002721E+01   -0.260267276821862015E+00
    0.222663978583330149E+02    0.222378188706513136E+01   -0.267191301450556362E+00
    0.266439675106080998E+02    0.228277582807833257E+01   -0.237645368375491856E+00
    0.243796688356205600E+02    0.166099800287598187E+01   -0.281110944508514649E+00
    0.204378917803727518E+02    0.199766896618371659E+01   -0.242567716674974482E+00
    0.192839958181655362E+02    0.223504466188989426E+01   -0.326645021248429868E+00
    0.221732365904386945E+02    0.180847449923342340E+01   -0.230080685863501944E+00
    0.228405765632638804E+02    0.182183744548634508E+01   -0.231345911760822781E+00
    0.236940671341935598E+02    0.241917687636429068E+01   -0.292416969414044936E+00
    0.237829699988461485E+02    0.224808484872025005E+01   -0.255573328628852792E+00
    0.213615023373686626E+02    0.209432660438348783E+01   -0.253870843416430181E+00
    0.254523269620928012E+02    0.232368674931776820E+01   -0.252125255658931513E+00
    0.265680817617208866E+02    0.207498016772461158E+01   -0.225818747342675263E+00
    0.222364387361537155E+02    0.184711346067346094E+01   -0.227318710134831514E+00
    0.231429009574639757E+02    0.198918976419013793E+01   -0.227317017689072254E+00
    0.253658772818647051E+02    0.191273022060415920E+01   -0.232079949694276394E+00
    0.260990564075596652E+02    0.253505052358445404E+01   -0.286632892572029396E+00
    0.211112942614392018E+02    0.184324019106510173E+01   -0.225860552299573442E+00
    0.262510740142064556E+02    0.206170232958786803E+01   -0.225811335822628412E+00
    0.222399704881520286E+02    0.183279208311741515E+01   -0.228254450889416843E+00
    0.233796347232744424E+02    0.200386671172620678E+01   -0.227649304925442636E+00
    0.205436403104327425E+02    0.174015311217014634E+01   -0.230021437420378144E+00
    0.213081798279253007E+02    0.217382726503827151E+01   -0.270147304034254909E+00
    0.243128021685109772E+02    0.205719032415691760E+01   -0.228898311506084501E+00
    0.227441271854095390E+02    0.220953150486160954E+01   -0.259318861761839048E+00
    0.244108270037063662E+02    0.180125301649615155E+01   -0.243680212398892315E+00
    0.217588698263010691E+02    0.201944408553944665E+01   -0.235809992183091344E+00
    0.242557245507836612E+02    0.170504929660176696E+01   -0.265620607023048072E+00
    0.224434110449888600E+02    0.153271751966904946E+01   -0.301025583889825921E+00
    0.257900923679247569E+02    0.203195805059160417E+01   -0.225809453045816400E+00
    0.232098965138953943E+02    0.169006007288017779E+01   -0.258577321092407275E+00
    0.212538903170478157E+02    0.218634568693480613E+01   -0.273781937718740653E+00
    0.263832515937221501E+02    0.226092974641995159E+01   -0.236945221738399714E+00
    0.247571463333323756E+02    0.227855723124698573E+01   -0.251372807706010282E+00
    0.240802117906931628E+02    0.160361185679820428E+01   -0.297958832463166623E+00
    0.218786088650687240E+02    0.169253189445253227E+01   -0.245895810327495884E+00
    0.263657309519842649E+02    0.261911243352760792E+01   -0.304166019657026554E+00
    0.234959444256922119E+02    0.197126750606260392E+01   -0.226048818644932814E+00
    0.208307798338853729E+02    0.209808930259337867E+01   -0.261697536954099363E+00
    0.249307611256700703E+02    0.180045789260922584E+01   -0.247982027686745293E+00
    0.267527950138645920E+02    0.191225353007165388E+01   -0.239719249880192747E+00
    0.217796973305937058E+02    0.147102067073560638E+01   -0.316163024625325528E+00
    0.235650845083640945E+02    0.207416748077838653E+01   -0.233743450805335012E+00
    0.213529227005419671E+02    0.214677693981055651E+01   -0.263830692272347622E+00
    0.234486035442851772E+02    0.207874675067919990E+01   -0.234967928042123519E+00
    0.209167288653383991E+02    0.187518686897475861E+01   -0.226246207178982861E+00
    0.225800090355121093E+02    0.166114094652709721E+01   -0.259808358873176881E+00
    0.207684188612852694E+02    0.176911644149050673E+01   -0.228415839226242590E+00
    0.245969868381185854E+02    0.161143723580699039E+01   -0.302785271180234461E+00
    0.224943398386018671E+02    0.221767203295382309E+01   -0.263461411256067035E+00
    0.236075318568595627E+02    0.188531741221095528E+01   -0.228271787142555777E+00
    0.212208428735444983E+02    0.237251383119511328E+01   -0.325636961173275008E+00
    0.241019784998041864E+02    0.180268725213976966E+01   -0.241169545390078566E+00
    0.237850673962458110E+02    0.162738528099706459E+01   -0.284833993423040277E+00
    0.234807921614296617E+02    0.198281024554308516E+01   -0.226411052751162939E+00
    0.217411443769638417E+02    0.194509527534422677E+01   -0.227939469026823133E+00
    0.248562726955444901E+02    0.207390006558542250E+01   -0.228561571921488960E+00
    0.252150424168709435E+02    0.204585504176662125E+01   -0.226278533318731989E+00
    0.233714492011410258E+02    0.168267452269088391E+01   -0.262274286826616965E+00
    0.233359318719646467E+02    0.206792084918238084E+01   -0.234084663940252902E+00
    0.232049593199794657E+02    0.180125680875596794E+01   -0.235751724184628364E+00
    0.220007513532879528E+02    0.242340272611702146E+01   -0.324916668978892265E+00
    0.200015497688219099E+02    0.187736880153813246E+01   -0.228879357372148678E+00
    0.227789487109452828E+02    0.187161577860498829E+01   -0.227121866108796783E+00
    0.230855407541851356E+02    0.218969819290403622E+01   -0.252644100939325877E+00
    0.226026269649393505E+02    0.194874433502825140E+01   -0.226404391753199957E+00
    0.238450319412244021E+02    0.220889965194264359E+01   -0.248837132870805139E+00
    0.256597072051282495E+02    0.176177417872386810E+01   -0.264765560213597373E+00
    0.247465848700510129E+02    0.159241027672391589E+01   -0.312970038125178041E+00
    0.246117378098025341E+02    0.257215738829459140E+01   -0.319757364487243845E+00
    0.222968691979553526E+02    0.238407432056216528E+01   -0.306872282477545832E+00
    0.210137470947178180E+02    0.176167011858923095E+01   -0.229971491856664906E+00
    0.220608260728469894E+02    0.152736224486377470E+01   -0.297308075765589930E+00
    0.230851940534387836E+02    0.178953669378620894E+01   -0.236812407961439597E+00
    0.236906348527864843E+02    0.165660628936808063E+01   -0.273756397513557903E+00
    0.209744186656826699E+02    0.174239094746718948E+01   -0.231788124906289944E+00
    0.219582830008774508E+02    0.201459256434578116E+01   -0.234061454257798091E+00
    0.225143547384259968E+02    0.218466450470002060E+01   -0.257298886509551794E+00
    0.233723591506267070E+02    0.166466780623760169E+01   -0.267476025176747623E+00
    0.227597580510110653E+02    0.167040598193872292E+01   -0.259184228653052129E+00
    0.215639055464300213E+02    0.213443749948866968E+01   -0.258516855493757636E+00
    0.253526512236360482E+02    0.192322670096216886E+01   -0.230870795574665583E+00
    0.250323046043194388E+02    0.177663040619070944E+01   -0.254422742365255528E+00
    0.244355799833327154E+02    0.179690906780297022E+01   -0.244729335544847937E+00
    0.257956702667149003E+02    0.188622177743033959E+01   -0.238054608013658242E+00
    0.194063573354270815E+02    0.152371207171969680E+01   -0.260352521534111425E+00
    0.218069262686806766E+02    0.232999444134268563E+01   -0.300484936098912081E+00
    0.245118820094349843E+02    0.200930686216336785E+01   -0.226022412166397957E+00
    0.232004279404136717E+02    0.198804704730244541E+01   -0.227131401468137678E+00
    0.248752785495632196E+02    0.164484277929163758E+01   -0.293836772809654811E+00
    0.226268805608334169E+02    0.224064932573881670E+01   -0.266397299795495257E+00
    0.253545611212824795E+02    0.179471874980405710E+01   -0.253043560593780303E+00
    0.240863746798109943E+02    0.250793577072776319E+01   -0.309982199041479278E+00
    0.206783084674240385E+02    0.197079394556106013E+01   -0.235871260212405648E+00
    0.229081436432636707E+02    0.203645954318240996E+01   -0.232216303786231287E+00
    0.237613989005363919E+02    0.173844124099615138E+01   -0.251807443820596721E+00
    0.207084612641864680E+02    0.205496822790858769E+01   -0.252167645407255392E+00
    0.235981014901842876E+02    0.167259257847813680E+01   -0.267710217237677184E+00
    0.243352007827276076E+02    0.225340933665896870E+01   -0.251267900510524389E+00
    0.211015840668051915E+02    0.189996521091206105E+01   -0.226905832695130399E+00
    0.190528433518846612E+02    0.212036832159867572E+01   -0.297217899428362742E+00
    0.217283405970861381E+02    0.153592877405590400E+01   -0.289202985225678111E+00
    0.235445274852367419E+02    0.155611355067936286E+01   -0.308859306597794037E+00
    0.236639136549345785E+02    0.169955738897828823E+01   -0.260730526985071098E+00
    0.229566985652461071E+02    0.214328279823905232E+01   -0.246806638512095583E+00
    0.214261319963829209E+02    0.215191262654279658E+01   -0.263795132431862145E+00
    0.222225186010221947E+02    0.209630880861093871E+01   -0.246192867182587705E+00
    0.259578177072871910E+02    0.166885195465602010E+01   -0.300021970083310663E+00
    0.208515054171025085E+02    0.156328602796713145E+01   -0.267451676365307311E+00
    0.256920373460803830E+02    0.235243209534814879E+01   -0.254515323934758286E+00
    0.234836789926712193E+02    0.240584300766999704E+01   -0.292133627734174006E+00
    0.211896131152390126E+02    0.175075577831076989E+01   -0.231929414630884956E+00
    0.240027547465841025E+02    0.247374492779544530E+01   -0.301920657690556649E+00
    0.212734301761724893E+02    0.191139176869748795E+01   -0.227096205143773544E+00
    0.220776922787647507E+02    0.204256172096327715E+01   -0.237452081369017631E+00
    0.184572639436450423E+02    0.184386310456514080E+01   -0.233542693329941375E+00
    0.253936654629258811E+02    0.242931954688003060E+01   -0.272102008511710181E+00
    0.224749633118691960E+02    0.167614787051465042E+01   -0.254872192063885006E+00
    0.233140389197259275E+02    0.241089052569237161E+01   -0.295907825564891258E+00
    0.233071164248636684E+02    0.209019232112191577E+01   -0.237482988341347789E+00
    0.241198502320433299E+02    0.208514601943358624E+01   -0.232444676503113373E+00
    0.190817915508603768E+02    0.196529157885016703E+01   -0.250071964545157011E+00
    0.222884378002648198E+02    0.209328057219682151E+01   -0.245128071418263038E+00
    0.240498319908137432E+02    0.231462459864527048E+01   -0.264741767827372909E+00
    0.240724879943786583E+02    0.203143111772146456E+01   -0.227702016921201733E+00
    0.258064701755240833E+02    0.218195938828553215E+01   -0.232766706052338818E+00
    0.174394136433744791E+02    0.167912342126849135E+01   -0.225797341003602325E+00
    0.205961047096666761E+02    0.152111701321902126E+01   -0.277118626009234092E+00
    0.278439860158821944E+02    0.248108288747895811E+01   -0.256039319253619557E+00
    0.241685989268102794E+02    0.209506672055372833E+01   -0.233436007818306340E+00
    0.214408073111706337E+02    0.199041555003879767E+01   -0.233592775964925586E+00
    0.203792614880064562E+02    0.190388269978445557E+01   -0.229557314430378495E+00
    0.227322081806345579E+02    0.172340504057237487E+01   -0.246324504237819097E+00
    0.207345153886748612E+02    0.150823264591516848E+01   -0.283614405914593082E+00
    0.259914755102904884E+02    0.216094350402795898E+01   -0.230430371318318894E+00
    0.266840952998699201E+02    0.231914676982584700E+01   -0.241516457432823350E+00
    0.242834713769374844E+02    0.156545817375861640E+01   -0.317115224809342400E+00
    0.244805139187856717E+02    0.226277476154968848E+01   -0.251413399913617608E+00
    0.251648801862240177E+02    0.250808529513928891E+01   -0.293323538989013033E+00
    0.264429427706107560E+02    0.162866033168418989E+01   -0.324654506643629492E+00
    0.208928709952338139E+02    0.142197081376002599E+01   -0.320999770815185492E+00
    0.234899955623271985E+02    0.161460630521636084E+01   -0.285329391328093596E+00
    0.210128365233761727E+02    0.234639611364003109E+01   -0.322089078965278053E+00
    0.248151773276258147E+02    0.159178139155727827E+01   -0.314325662414269902E+00
    0.194145619966444087E+02    0.148776785307714787E+01   -0.270904367129834400E+00
    0.225623542187947095E+02    0.176638278730581355E+01   -0.237273835737948580E+00
    0.241323073897110234E+02    0.248741766174336032E+01   -0.303579243480743166E+00
    0.249511459822477129E+02    0.171516540053494149E+01   -0.270637017144893688E+00
    0.235401727039005841E+02    0.186454279952356350E+01   -0.229768524794050605E+00
    0.231133777835119965E+02    0.152264083566687036E+01   -0.316091499661811826E+00
    0.212973383330751709E+02    0.155797002206075241E+01   -0.275302034133871443E+00
    0.211885672399417047E+02    0.225277573900402617E+01   -0.291146550218401634E+00
    0.249530227458904079E+02    0.224733244529654241E+01   -0.245188244977079806E+00
    0.236946451959066557E+02    0.190019725142150531E+01   -0.227505308840710241E+00
    0.220974068621665971E+02    0.177832027413243488E+01   -0.233077463304064120E+00
    0.265414759248931418E+02    0.225152600224313115E+01   -0.235121686788145268E+00
    0.238955240540965121E+02    0.153117267964016168E+01   -0.325832134682456032E+00
    0.228856032981877391E+02    0.183783443250410494E+01   -0.229903383648608850E+00
    0.235367575095059252E+02    0.177227768245706363E+01   -0.242765439455789711E+00
    0.224832028638274863E+02    0.220416094622029179E+01   -0.261076511045204018E+00
    0.215351760610410246E+02    0.217546374471554937E+01   -0.266993280722585102E+00
    0.238272833808623936E+02    0.171449999996952140E+01   -0.258413862458338695E+00
    0.236469460565212586E+02    0.213634014557450547E+01   -0.240716009232909256E+00
    0.221399600729617170E+02    0.175822599040714689E+01   -0.236036278063439880E+00
    0.251588109517107092E+02    0.251980243720883657E+01   -0.296402459703495380E+00
    0.234890055443537911E+02    0.199592506213678256E+01   -0.226963117135524750E+00
    0.234456067916150879E+02    0.235140291659085232E+01   -0.279716690069221174E+00
    0.255187437911875108E+02    0.227295093953904503E+01   -0.244228156601842467E+00
    0.227250792612073980E+02    0.167996274834158088E+01   -0.256342349140788850E+00
    0.215974451462201742E+02    0.221201262630725370E+01   -0.274038959726852771E+00
    0.236224581331065018E+02    0.193693778535956884E+01   -0.225949163701455902E+00
    0.236025291175048402E+02    0.230765401278499915E+01   -0.268461175831627596E+00
    0.230647275942777910E+02    0.196339184198049654E+01   -0.226294831986116635E+00
    0.229587237338941890E+02    0.223411485551878464E+01   -0.261510945961767938E+00
    0.254665753705744855E+02    0.166572154084109281E+01   -0.294218468713208170E+00
    0.232211308344654519E+02    0.234840196898820386E+01   -0.281998596796435963E+00
    0.209537430642371696E+02    0.220413937595719478E+01   -0.283107737222750677E+00
    0.263077789128274802E+02    0.224299420737948196E+01   -0.235598513990474073E+00
    0.236457330497247327E+02    0.164647104239389730E+01   -0.276479310937018052E+00
    0.265356182023311540E+02    0.235280797345385473E+01   -0.247083230817472632E+00
    0.248683382976901299E+02    0.207436697217662092E+01   -0.228561678085089343E+00
    0.215507797082742698E+02    0.226033749018580465E+01   -0.286330833804654517E+00
    0.226788612130495437E+02    0.148055389794333525E+01   -0.327536171599778214E+00
    0.227646083051388857E+02    0.198896768402258495E+01   -0.228246214185116952E+00
    0.250074253912486775E+02    0.229643629532504745E+01   -0.251897718506178037E+00
    0.227775200365831481E+02    0.225876800279161349E+01   -0.268253274095762773E+00
    0.195539794803410452E+02    0.222383108409115948E+01   -0.316838884021827916E+00
    0.229121091197339837E+02    0.219277018286291359E+01   -0.254773408567843140E+00
    0.231839494682177225E+02    0.215657651399467376E+01   -0.246822666754171971E+00
    0.255673315843240907E+02    0.238834893121609637E+01   -0.262052925325886144E+00
    0.204277847462965205E+02    0.209542326162494907E+01   -0.267061631722930570E+00
    0.254851899547269767E+02    0.226637253441278697E+01   -0.243622625637809592E+00
    0.210855932243302320E+02    0.202572888540461538E+01   -0.241770862176507118E+00
    0.245011930349668781E+02    0.192256964966534127E+01   -0.228074405023872773E+00
    0.252069825228833011E+02    0.260921006800194899E+01   -0.320511823048969469E+00
    0.232482311768778231E+02    0.156856485034500759E+01   -0.299118624762059637E+00
    0.224586799973239692E+02    0.176853526461674049E+01   -0.236331972091674669E+00
    0.249815630091854928E+02    0.261523849837684974E+01   -0.326304697079379147E+00
    0.235553295593901382E+02    0.224574662563980398E+01   -0.257421145771036308E+00
    0.247616690032488336E+02    0.219744047186542879E+01   -0.240297968177924037E+00
    0.213622551851639422E+02    0.217458192336588763E+01   -0.269463727011189258E+00
    0.230636211188119660E+02    0.247022111005847567E+01   -0.317865487053925089E+00
    0.218308242737495632E+02    0.207319113074751016E+01   -0.244637454764413009E+00
    0.216567299205527242E+02    0.166200323835632879E+01   -0.250697825026745424E+00
    0.233472922887966199E+02    0.244472030089625081E+01   -0.304676387574191132E+00
    0.243786410048200111E+02    0.246794338811118275E+01   -0.294707283618737437E+00
    0.246915968277565483E+02    0.209386732285815125E+01   -0.230951822834558923E+00
    0.223707654941554601E+02    0.216307715754076257E+01   -0.255055561112634943E+00
    0.249179263478935162E+02    0.198229886278281597E+01   -0.226045252065916469E+00
    0.220031371759059695E+02    0.170887874939630313E+01   -0.243578663806520934E+00
    0.185090313485533713E+02    0.181707477607496060E+01   -0.230149800217667677E+00
    0.238424686097121743E+02    0.156780429993237114E+01   -0.308777167711680178E+00
    0.242916560409314641E+02    0.252211813937515705E+01   -0.310624683553667291E+00
    0.270999466811198708E+02    0.211212597908355848E+01   -0.225965931948765492E+00
    0.228566208222136922E+02    0.218222518901220086E+01   -0.253575231180450722E+00
    0.263151111932158663E+02    0.175048631504964236E+01   -0.275555727886052315E+00
    0.251436908156621186E+02    0.241190691175035976E+01   -0.271495087636173249E+00
    0.213476408723233781E+02    0.199072230882885837E+01   -0.234179043115996410E+00
    0.259379859433291706E+02    0.171490690376314081E+01   -0.282760490291678213E+00
    0.234522473238942055E+02    0.191291573076545474E+01   -0.226431301870381296E+00
    0.214552560865171777E+02    0.207305435478005551E+01   -0.247739083571679508E+00
    0.246945034369108924E+02    0.231390342629886714E+01   -0.257782701085499388E+00
    0.223009343748559061E+02    0.195542726913219811E+01   -0.227245097191296569E+00
    0.249057280230168985E+02    0.184083241405347264E+01   -0.239905676731155926E+00
    0.233298394411370609E+02    0.174595778649695665E+01   -0.246430340708611750E+00
    0.239097970732756515E+02    0.220786567654163290E+01   -0.248136636907650393E+00
    0.253796999459302128E+02    0.230196139857011772E+01   -0.249438695173350433E+00
    0.232849910076798281E+02    0.154435081293516596E+01   -0.309596536541450473E+00
    0.234844648920722072E+02    0.158711719512843308E+01   -0.295436854898132761E+00
    0.259730158685921779E+02    0.254855380090314343E+01   -0.291718495019539503E+00
    0.196075176772298967E+02    0.198711398641502424E+01   -0.249072074033780871E+00
    0.241633660528213241E+02    0.244579560116775596E+01   -0.292266930959867721E+00
    0.220560008288058000E+02    0.184323822416778604E+01   -0.227147764141557462E+00
    0.222961758968522403E+02    0.159111701336790023E+01   -0.277564041121580396E+00
    0.222125613718171273E+02    0.174350478844204337E+01   -0.238787672818557867E+00
    0.251360164675669751E+02    0.181027178628823382E+01   -0.247572118260545371E+00
    0.234779865660859421E+02    0.229155989669800642E+01   -0.266700885817142908E+00
    0.218621424077614179E+02    0.213135492289817252E+01   -0.254687457311064180E+00
    0.215477054123339755E+02    0.193722706894196195E+01   -0.227912179873853066E+00
    0.231555546257660296E+02    0.192061950458057495E+01   -0.225919603525219143E+00
    0.231672642912149058E+02    0.202892479566430595E+01   -0.230329305334841639E+00
    0.212469853995533029E+02    0.191509012505628506E+01   -0.227366050583023532E+00
    0.233767280459070328E+02    0.247174811537411765E+01   -0.312094404565152250E+00
    0.221998439670068102E+02    0.177224311897079101E+01   -0.234380219381381871E+00
    0.221669658452156035E+02    0.151146920493286374E+01   -0.305320629170710733E+00
    0.205518431918898514E+02    0.190503324845300925E+01   -0.228904215028589514E+00
    0.255404107289797935E+02    0.247276901917997272E+01   -0.279688302551103773E+00
    0.212828974375199493E+02    0.226683931013536366E+01   -0.293057001201276479E+00
    0.216419491321910442E+02    0.229955432257270953E+01   -0.295045277976657305E+00
    0.219723194962535580E+02    0.211304819442875980E+01   -0.250755867135367683E+00
    0.220113805010957613E+02    0.211082961565455252E+01   -0.250072861167057237E+00
    0.233966942940609535E+02    0.162001953310688629E+01   -0.282163561518558703E+00
    0.241895393679484521E+02    0.216972064679030163E+01   -0.240943591586911504E+00
    0.242666347195653245E+02    0.176268721707498388E+01   -0.250700902532501990E+00
    0.253289967747363818E+02    0.244016389161777969E+01   -0.275201079106292879E+00
    0.244192964175777654E+02    0.198017153996598427E+01   -0.225803255265484115E+00
    0.207199062445356077E+02    0.185271201073831593E+01   -0.225919976538717204E+00
    0.242399340703646935E+02    0.253421753258301719E+01   -0.314947466608039017E+00
    0.238122325738444189E+02    0.222138601530232371E+01   -0.251006288339795769E+00
    0.236991504029895381E+02    0.201085483250087016E+01   -0.227328634124270540E+00
    0.242321574407918590E+02    0.195671253188349104E+01   -0.226025370150692018E+00
    0.233220728819527920E+02    0.243057943573672519E+01   -0.301107837420781177E+00
    0.187801623044929613E+02    0.188878415879981931E+01   -0.237823227550967936E+00
    0.232917763271497869E+02    0.168634842926628403E+01   -0.260417804019092314E+00
    0.233106551558118511E+02    0.195804305396877121E+01   -0.225926217242635868E+00
    0.226343392148623401E+02    0.164222764935771925E+01   -0.265697559088725166E+00
    0.247378891057580041E+02    0.187272824029958951E+01   -0.234037471993572305E+00
    0.266080660131174476E+02    0.238799061766145826E+01   -0.251697684658592713E+00
    0.194674599925951846E+02    0.187509312835415409E+01   -0.231235535323338154E+00
    0.224081152719821652E+02    0.155921827571650340E+01   -0.290287171095298668E+00
    0.213253821775336583E+02    0.224393256193710577E+01   -0.286306529945274502E+00
    0.231645449838411253E+02    0.206621403274813176E+01   -0.234749374743333128E+00
    0.245227859660606029E+02    0.201976145017128372E+01   -0.226298561120471586E+00
    0.224043665913538419E+02    0.188317352154214257E+01   -0.226097581137664178E+00
    0.241258588648201560E+02    0.224368626576522390E+01   -0.251643944074777692E+00
